TimeQuest Timing Analyzer report for Snake_Top
Thu May 28 23:41:10 2026
Quartus II 64-Bit Version 13.0.1 Build 232 06/12/2013 Service Pack 1 SJ Web Edition


---------------------
; Table of Contents ;
---------------------
  1. Legal Notice
  2. TimeQuest Timing Analyzer Summary
  3. Parallel Compilation
  4. Clocks
  5. Slow Model Fmax Summary
  6. Slow Model Setup Summary
  7. Slow Model Hold Summary
  8. Slow Model Recovery Summary
  9. Slow Model Removal Summary
 10. Slow Model Minimum Pulse Width Summary
 11. Slow Model Setup: 'CLOCK_50'
 12. Slow Model Setup: 'Game_Clock:clk_gen|game_tick'
 13. Slow Model Setup: 'PS2_CLK'
 14. Slow Model Hold: 'CLOCK_50'
 15. Slow Model Hold: 'Game_Clock:clk_gen|game_tick'
 16. Slow Model Hold: 'PS2_CLK'
 17. Slow Model Minimum Pulse Width: 'CLOCK_50'
 18. Slow Model Minimum Pulse Width: 'PS2_CLK'
 19. Slow Model Minimum Pulse Width: 'Game_Clock:clk_gen|game_tick'
 20. Setup Times
 21. Hold Times
 22. Clock to Output Times
 23. Minimum Clock to Output Times
 24. Fast Model Setup Summary
 25. Fast Model Hold Summary
 26. Fast Model Recovery Summary
 27. Fast Model Removal Summary
 28. Fast Model Minimum Pulse Width Summary
 29. Fast Model Setup: 'CLOCK_50'
 30. Fast Model Setup: 'Game_Clock:clk_gen|game_tick'
 31. Fast Model Setup: 'PS2_CLK'
 32. Fast Model Hold: 'CLOCK_50'
 33. Fast Model Hold: 'Game_Clock:clk_gen|game_tick'
 34. Fast Model Hold: 'PS2_CLK'
 35. Fast Model Minimum Pulse Width: 'CLOCK_50'
 36. Fast Model Minimum Pulse Width: 'PS2_CLK'
 37. Fast Model Minimum Pulse Width: 'Game_Clock:clk_gen|game_tick'
 38. Setup Times
 39. Hold Times
 40. Clock to Output Times
 41. Minimum Clock to Output Times
 42. Multicorner Timing Analysis Summary
 43. Setup Times
 44. Hold Times
 45. Clock to Output Times
 46. Minimum Clock to Output Times
 47. Setup Transfers
 48. Hold Transfers
 49. Report TCCS
 50. Report RSKM
 51. Unconstrained Paths
 52. TimeQuest Timing Analyzer Messages



----------------
; Legal Notice ;
----------------
Copyright (C) 1991-2013 Altera Corporation
Your use of Altera Corporation's design tools, logic functions 
and other software and tools, and its AMPP partner logic 
functions, and any output files from any of the foregoing 
(including device programming or simulation files), and any 
associated documentation or information are expressly subject 
to the terms and conditions of the Altera Program License 
Subscription Agreement, Altera MegaCore Function License 
Agreement, or other applicable license agreement, including, 
without limitation, that your use is for the sole purpose of 
programming logic devices manufactured by Altera and sold by 
Altera or its authorized distributors.  Please refer to the 
applicable agreement for further details.



+----------------------------------------------------------------------------------------+
; TimeQuest Timing Analyzer Summary                                                      ;
+--------------------+-------------------------------------------------------------------+
; Quartus II Version ; Version 13.0.1 Build 232 06/12/2013 Service Pack 1 SJ Web Edition ;
; Revision Name      ; Snake_Top                                                         ;
; Device Family      ; Cyclone II                                                        ;
; Device Name        ; EP2C35F672C6                                                      ;
; Timing Models      ; Final                                                             ;
; Delay Model        ; Combined                                                          ;
; Rise/Fall Delays   ; Unavailable                                                       ;
+--------------------+-------------------------------------------------------------------+


+------------------------------------------+
; Parallel Compilation                     ;
+----------------------------+-------------+
; Processors                 ; Number      ;
+----------------------------+-------------+
; Number detected on machine ; 12          ;
; Maximum allowed            ; 8           ;
;                            ;             ;
; Average used               ; 1.00        ;
; Maximum used               ; 2           ;
;                            ;             ;
; Usage by Processor         ; % Time Used ;
;     Processor 1            ; 100.0%      ;
;     Processor 2            ; < 0.1%      ;
;     Processors 3-12        ;   0.0%      ;
+----------------------------+-------------+


+----------------------------------------------------------------------------------------------------------------------------------------------------------------------------------------------------------------------------+
; Clocks                                                                                                                                                                                                                     ;
+------------------------------+------+--------+------------+-------+-------+------------+-----------+-------------+-------+--------+-----------+------------+----------+--------+--------+----------------------------------+
; Clock Name                   ; Type ; Period ; Frequency  ; Rise  ; Fall  ; Duty Cycle ; Divide by ; Multiply by ; Phase ; Offset ; Edge List ; Edge Shift ; Inverted ; Master ; Source ; Targets                          ;
+------------------------------+------+--------+------------+-------+-------+------------+-----------+-------------+-------+--------+-----------+------------+----------+--------+--------+----------------------------------+
; CLOCK_50                     ; Base ; 1.000  ; 1000.0 MHz ; 0.000 ; 0.500 ;            ;           ;             ;       ;        ;           ;            ;          ;        ;        ; { CLOCK_50 }                     ;
; Game_Clock:clk_gen|game_tick ; Base ; 1.000  ; 1000.0 MHz ; 0.000 ; 0.500 ;            ;           ;             ;       ;        ;           ;            ;          ;        ;        ; { Game_Clock:clk_gen|game_tick } ;
; PS2_CLK                      ; Base ; 1.000  ; 1000.0 MHz ; 0.000 ; 0.500 ;            ;           ;             ;       ;        ;           ;            ;          ;        ;        ; { PS2_CLK }                      ;
+------------------------------+------+--------+------------+-------+-------+------------+-----------+-------------+-------+--------+-----------+------------+----------+--------+--------+----------------------------------+


+--------------------------------------------------------------------+
; Slow Model Fmax Summary                                            ;
+------------+-----------------+------------------------------+------+
; Fmax       ; Restricted Fmax ; Clock Name                   ; Note ;
+------------+-----------------+------------------------------+------+
; 48.88 MHz  ; 48.88 MHz       ; CLOCK_50                     ;      ;
; 110.52 MHz ; 110.52 MHz      ; Game_Clock:clk_gen|game_tick ;      ;
; 329.71 MHz ; 329.71 MHz      ; PS2_CLK                      ;      ;
+------------+-----------------+------------------------------+------+
This panel reports FMAX for every clock in the design, regardless of the user-specified clock periods.  FMAX is only computed for paths where the source and destination registers or ports are driven by the same clock.  Paths of different clocks, including generated clocks, are ignored.  For paths between a clock and its inversion, FMAX is computed as if the rising and falling edges are scaled along with FMAX, such that the duty cycle (in terms of a percentage) is maintained. Altera recommends that you always use clock constraints and other slack reports for sign-off analysis.


+--------------------------------------------------------+
; Slow Model Setup Summary                               ;
+------------------------------+---------+---------------+
; Clock                        ; Slack   ; End Point TNS ;
+------------------------------+---------+---------------+
; CLOCK_50                     ; -19.459 ; -836.108      ;
; Game_Clock:clk_gen|game_tick ; -8.048  ; -4547.069     ;
; PS2_CLK                      ; -2.033  ; -17.690       ;
+------------------------------+---------+---------------+


+-------------------------------------------------------+
; Slow Model Hold Summary                               ;
+------------------------------+--------+---------------+
; Clock                        ; Slack  ; End Point TNS ;
+------------------------------+--------+---------------+
; CLOCK_50                     ; -2.530 ; -2.530        ;
; Game_Clock:clk_gen|game_tick ; 0.213  ; 0.000         ;
; PS2_CLK                      ; 0.391  ; 0.000         ;
+------------------------------+--------+---------------+


-------------------------------
; Slow Model Recovery Summary ;
-------------------------------
No paths to report.


------------------------------
; Slow Model Removal Summary ;
------------------------------
No paths to report.


+-------------------------------------------------------+
; Slow Model Minimum Pulse Width Summary                ;
+------------------------------+--------+---------------+
; Clock                        ; Slack  ; End Point TNS ;
+------------------------------+--------+---------------+
; CLOCK_50                     ; -1.380 ; -113.380      ;
; PS2_CLK                      ; -1.222 ; -19.222       ;
; Game_Clock:clk_gen|game_tick ; -0.500 ; -2452.000     ;
+------------------------------+--------+---------------+


+--------------------------------------------------------------------------------------------------------------------------------+
; Slow Model Setup: 'CLOCK_50'                                                                                                   ;
+---------+--------------------------------+---------------+--------------+-------------+--------------+------------+------------+
; Slack   ; From Node                      ; To Node       ; Launch Clock ; Latch Clock ; Relationship ; Clock Skew ; Data Delay ;
+---------+--------------------------------+---------------+--------------+-------------+--------------+------------+------------+
; -19.459 ; VGA_Controller:vga|pixel_x[8]  ; VGA_R[2]~reg0 ; CLOCK_50     ; CLOCK_50    ; 1.000        ; 0.018      ; 20.513     ;
; -19.436 ; VGA_Controller:vga|pixel_x[9]  ; VGA_R[2]~reg0 ; CLOCK_50     ; CLOCK_50    ; 1.000        ; 0.018      ; 20.490     ;
; -19.366 ; VGA_Controller:vga|pixel_x[10] ; VGA_R[2]~reg0 ; CLOCK_50     ; CLOCK_50    ; 1.000        ; 0.018      ; 20.420     ;
; -18.929 ; VGA_Controller:vga|pixel_x[8]  ; VGA_R[6]~reg0 ; CLOCK_50     ; CLOCK_50    ; 1.000        ; 0.018      ; 19.983     ;
; -18.906 ; VGA_Controller:vga|pixel_x[9]  ; VGA_R[6]~reg0 ; CLOCK_50     ; CLOCK_50    ; 1.000        ; 0.018      ; 19.960     ;
; -18.836 ; VGA_Controller:vga|pixel_x[10] ; VGA_R[6]~reg0 ; CLOCK_50     ; CLOCK_50    ; 1.000        ; 0.018      ; 19.890     ;
; -18.529 ; VGA_Controller:vga|pixel_x[8]  ; VGA_G[2]~reg0 ; CLOCK_50     ; CLOCK_50    ; 1.000        ; 0.019      ; 19.584     ;
; -18.526 ; VGA_Controller:vga|pixel_x[8]  ; VGA_G[6]~reg0 ; CLOCK_50     ; CLOCK_50    ; 1.000        ; 0.019      ; 19.581     ;
; -18.506 ; VGA_Controller:vga|pixel_x[9]  ; VGA_G[2]~reg0 ; CLOCK_50     ; CLOCK_50    ; 1.000        ; 0.019      ; 19.561     ;
; -18.503 ; VGA_Controller:vga|pixel_x[9]  ; VGA_G[6]~reg0 ; CLOCK_50     ; CLOCK_50    ; 1.000        ; 0.019      ; 19.558     ;
; -18.436 ; VGA_Controller:vga|pixel_x[10] ; VGA_G[2]~reg0 ; CLOCK_50     ; CLOCK_50    ; 1.000        ; 0.019      ; 19.491     ;
; -18.433 ; VGA_Controller:vga|pixel_x[10] ; VGA_G[6]~reg0 ; CLOCK_50     ; CLOCK_50    ; 1.000        ; 0.019      ; 19.488     ;
; -18.265 ; VGA_Controller:vga|pixel_x[8]  ; VGA_G[3]~reg0 ; CLOCK_50     ; CLOCK_50    ; 1.000        ; 0.018      ; 19.319     ;
; -18.265 ; VGA_Controller:vga|pixel_x[8]  ; VGA_G[7]~reg0 ; CLOCK_50     ; CLOCK_50    ; 1.000        ; 0.018      ; 19.319     ;
; -18.259 ; VGA_Controller:vga|pixel_x[8]  ; VGA_G[9]~reg0 ; CLOCK_50     ; CLOCK_50    ; 1.000        ; 0.019      ; 19.314     ;
; -18.247 ; VGA_Controller:vga|pixel_x[8]  ; VGA_G[5]~reg0 ; CLOCK_50     ; CLOCK_50    ; 1.000        ; 0.019      ; 19.302     ;
; -18.242 ; VGA_Controller:vga|pixel_x[9]  ; VGA_G[3]~reg0 ; CLOCK_50     ; CLOCK_50    ; 1.000        ; 0.018      ; 19.296     ;
; -18.242 ; VGA_Controller:vga|pixel_x[9]  ; VGA_G[7]~reg0 ; CLOCK_50     ; CLOCK_50    ; 1.000        ; 0.018      ; 19.296     ;
; -18.236 ; VGA_Controller:vga|pixel_x[9]  ; VGA_G[9]~reg0 ; CLOCK_50     ; CLOCK_50    ; 1.000        ; 0.019      ; 19.291     ;
; -18.224 ; VGA_Controller:vga|pixel_x[9]  ; VGA_G[5]~reg0 ; CLOCK_50     ; CLOCK_50    ; 1.000        ; 0.019      ; 19.279     ;
; -18.172 ; VGA_Controller:vga|pixel_x[10] ; VGA_G[3]~reg0 ; CLOCK_50     ; CLOCK_50    ; 1.000        ; 0.018      ; 19.226     ;
; -18.172 ; VGA_Controller:vga|pixel_x[10] ; VGA_G[7]~reg0 ; CLOCK_50     ; CLOCK_50    ; 1.000        ; 0.018      ; 19.226     ;
; -18.166 ; VGA_Controller:vga|pixel_x[10] ; VGA_G[9]~reg0 ; CLOCK_50     ; CLOCK_50    ; 1.000        ; 0.019      ; 19.221     ;
; -18.154 ; VGA_Controller:vga|pixel_x[10] ; VGA_G[5]~reg0 ; CLOCK_50     ; CLOCK_50    ; 1.000        ; 0.019      ; 19.209     ;
; -17.983 ; VGA_Controller:vga|pixel_x[8]  ; VGA_B[2]~reg0 ; CLOCK_50     ; CLOCK_50    ; 1.000        ; -0.010     ; 19.009     ;
; -17.982 ; VGA_Controller:vga|pixel_x[8]  ; VGA_B[6]~reg0 ; CLOCK_50     ; CLOCK_50    ; 1.000        ; -0.010     ; 19.008     ;
; -17.981 ; VGA_Controller:vga|pixel_x[8]  ; VGA_B[3]~reg0 ; CLOCK_50     ; CLOCK_50    ; 1.000        ; -0.010     ; 19.007     ;
; -17.981 ; VGA_Controller:vga|pixel_x[8]  ; VGA_B[5]~reg0 ; CLOCK_50     ; CLOCK_50    ; 1.000        ; -0.010     ; 19.007     ;
; -17.981 ; VGA_Controller:vga|pixel_x[8]  ; VGA_B[9]~reg0 ; CLOCK_50     ; CLOCK_50    ; 1.000        ; -0.010     ; 19.007     ;
; -17.981 ; VGA_Controller:vga|pixel_x[7]  ; VGA_R[2]~reg0 ; CLOCK_50     ; CLOCK_50    ; 1.000        ; 0.017      ; 19.034     ;
; -17.980 ; VGA_Controller:vga|pixel_x[8]  ; VGA_B[8]~reg0 ; CLOCK_50     ; CLOCK_50    ; 1.000        ; -0.010     ; 19.006     ;
; -17.973 ; VGA_Controller:vga|pixel_x[8]  ; VGA_B[1]~reg0 ; CLOCK_50     ; CLOCK_50    ; 1.000        ; -0.010     ; 18.999     ;
; -17.973 ; VGA_Controller:vga|pixel_x[8]  ; VGA_B[4]~reg0 ; CLOCK_50     ; CLOCK_50    ; 1.000        ; -0.010     ; 18.999     ;
; -17.960 ; VGA_Controller:vga|pixel_x[9]  ; VGA_B[2]~reg0 ; CLOCK_50     ; CLOCK_50    ; 1.000        ; -0.010     ; 18.986     ;
; -17.959 ; VGA_Controller:vga|pixel_x[9]  ; VGA_B[6]~reg0 ; CLOCK_50     ; CLOCK_50    ; 1.000        ; -0.010     ; 18.985     ;
; -17.958 ; VGA_Controller:vga|pixel_x[9]  ; VGA_B[3]~reg0 ; CLOCK_50     ; CLOCK_50    ; 1.000        ; -0.010     ; 18.984     ;
; -17.958 ; VGA_Controller:vga|pixel_x[9]  ; VGA_B[5]~reg0 ; CLOCK_50     ; CLOCK_50    ; 1.000        ; -0.010     ; 18.984     ;
; -17.958 ; VGA_Controller:vga|pixel_x[9]  ; VGA_B[9]~reg0 ; CLOCK_50     ; CLOCK_50    ; 1.000        ; -0.010     ; 18.984     ;
; -17.957 ; VGA_Controller:vga|pixel_x[9]  ; VGA_B[8]~reg0 ; CLOCK_50     ; CLOCK_50    ; 1.000        ; -0.010     ; 18.983     ;
; -17.950 ; VGA_Controller:vga|pixel_x[9]  ; VGA_B[1]~reg0 ; CLOCK_50     ; CLOCK_50    ; 1.000        ; -0.010     ; 18.976     ;
; -17.950 ; VGA_Controller:vga|pixel_x[9]  ; VGA_B[4]~reg0 ; CLOCK_50     ; CLOCK_50    ; 1.000        ; -0.010     ; 18.976     ;
; -17.890 ; VGA_Controller:vga|pixel_x[10] ; VGA_B[2]~reg0 ; CLOCK_50     ; CLOCK_50    ; 1.000        ; -0.010     ; 18.916     ;
; -17.889 ; VGA_Controller:vga|pixel_x[10] ; VGA_B[6]~reg0 ; CLOCK_50     ; CLOCK_50    ; 1.000        ; -0.010     ; 18.915     ;
; -17.888 ; VGA_Controller:vga|pixel_x[10] ; VGA_B[3]~reg0 ; CLOCK_50     ; CLOCK_50    ; 1.000        ; -0.010     ; 18.914     ;
; -17.888 ; VGA_Controller:vga|pixel_x[10] ; VGA_B[5]~reg0 ; CLOCK_50     ; CLOCK_50    ; 1.000        ; -0.010     ; 18.914     ;
; -17.888 ; VGA_Controller:vga|pixel_x[10] ; VGA_B[9]~reg0 ; CLOCK_50     ; CLOCK_50    ; 1.000        ; -0.010     ; 18.914     ;
; -17.887 ; VGA_Controller:vga|pixel_x[10] ; VGA_B[8]~reg0 ; CLOCK_50     ; CLOCK_50    ; 1.000        ; -0.010     ; 18.913     ;
; -17.880 ; VGA_Controller:vga|pixel_x[10] ; VGA_B[1]~reg0 ; CLOCK_50     ; CLOCK_50    ; 1.000        ; -0.010     ; 18.906     ;
; -17.880 ; VGA_Controller:vga|pixel_x[10] ; VGA_B[4]~reg0 ; CLOCK_50     ; CLOCK_50    ; 1.000        ; -0.010     ; 18.906     ;
; -17.852 ; VGA_Controller:vga|pixel_y[7]  ; VGA_R[2]~reg0 ; CLOCK_50     ; CLOCK_50    ; 1.000        ; -0.013     ; 18.875     ;
; -17.735 ; VGA_Controller:vga|pixel_y[8]  ; VGA_R[2]~reg0 ; CLOCK_50     ; CLOCK_50    ; 1.000        ; -0.013     ; 18.758     ;
; -17.715 ; VGA_Controller:vga|pixel_x[8]  ; VGA_G[4]~reg0 ; CLOCK_50     ; CLOCK_50    ; 1.000        ; 0.019      ; 18.770     ;
; -17.715 ; VGA_Controller:vga|pixel_x[8]  ; VGA_B[7]~reg0 ; CLOCK_50     ; CLOCK_50    ; 1.000        ; 0.019      ; 18.770     ;
; -17.714 ; VGA_Controller:vga|pixel_x[8]  ; VGA_G[8]~reg0 ; CLOCK_50     ; CLOCK_50    ; 1.000        ; 0.019      ; 18.769     ;
; -17.692 ; VGA_Controller:vga|pixel_x[9]  ; VGA_G[4]~reg0 ; CLOCK_50     ; CLOCK_50    ; 1.000        ; 0.019      ; 18.747     ;
; -17.692 ; VGA_Controller:vga|pixel_x[9]  ; VGA_B[7]~reg0 ; CLOCK_50     ; CLOCK_50    ; 1.000        ; 0.019      ; 18.747     ;
; -17.691 ; VGA_Controller:vga|pixel_x[9]  ; VGA_G[8]~reg0 ; CLOCK_50     ; CLOCK_50    ; 1.000        ; 0.019      ; 18.746     ;
; -17.622 ; VGA_Controller:vga|pixel_x[10] ; VGA_G[4]~reg0 ; CLOCK_50     ; CLOCK_50    ; 1.000        ; 0.019      ; 18.677     ;
; -17.622 ; VGA_Controller:vga|pixel_x[10] ; VGA_B[7]~reg0 ; CLOCK_50     ; CLOCK_50    ; 1.000        ; 0.019      ; 18.677     ;
; -17.621 ; VGA_Controller:vga|pixel_x[10] ; VGA_G[8]~reg0 ; CLOCK_50     ; CLOCK_50    ; 1.000        ; 0.019      ; 18.676     ;
; -17.477 ; VGA_Controller:vga|pixel_y[9]  ; VGA_R[2]~reg0 ; CLOCK_50     ; CLOCK_50    ; 1.000        ; -0.013     ; 18.500     ;
; -17.451 ; VGA_Controller:vga|pixel_x[7]  ; VGA_R[6]~reg0 ; CLOCK_50     ; CLOCK_50    ; 1.000        ; 0.017      ; 18.504     ;
; -17.322 ; VGA_Controller:vga|pixel_y[7]  ; VGA_R[6]~reg0 ; CLOCK_50     ; CLOCK_50    ; 1.000        ; -0.013     ; 18.345     ;
; -17.205 ; VGA_Controller:vga|pixel_y[8]  ; VGA_R[6]~reg0 ; CLOCK_50     ; CLOCK_50    ; 1.000        ; -0.013     ; 18.228     ;
; -17.051 ; VGA_Controller:vga|pixel_x[7]  ; VGA_G[2]~reg0 ; CLOCK_50     ; CLOCK_50    ; 1.000        ; 0.018      ; 18.105     ;
; -17.048 ; VGA_Controller:vga|pixel_x[7]  ; VGA_G[6]~reg0 ; CLOCK_50     ; CLOCK_50    ; 1.000        ; 0.018      ; 18.102     ;
; -16.947 ; VGA_Controller:vga|pixel_y[9]  ; VGA_R[6]~reg0 ; CLOCK_50     ; CLOCK_50    ; 1.000        ; -0.013     ; 17.970     ;
; -16.922 ; VGA_Controller:vga|pixel_y[7]  ; VGA_G[2]~reg0 ; CLOCK_50     ; CLOCK_50    ; 1.000        ; -0.012     ; 17.946     ;
; -16.919 ; VGA_Controller:vga|pixel_y[7]  ; VGA_G[6]~reg0 ; CLOCK_50     ; CLOCK_50    ; 1.000        ; -0.012     ; 17.943     ;
; -16.850 ; VGA_Controller:vga|pixel_x[6]  ; VGA_R[2]~reg0 ; CLOCK_50     ; CLOCK_50    ; 1.000        ; 0.008      ; 17.894     ;
; -16.805 ; VGA_Controller:vga|pixel_y[8]  ; VGA_G[2]~reg0 ; CLOCK_50     ; CLOCK_50    ; 1.000        ; -0.012     ; 17.829     ;
; -16.802 ; VGA_Controller:vga|pixel_y[8]  ; VGA_G[6]~reg0 ; CLOCK_50     ; CLOCK_50    ; 1.000        ; -0.012     ; 17.826     ;
; -16.787 ; VGA_Controller:vga|pixel_x[7]  ; VGA_G[3]~reg0 ; CLOCK_50     ; CLOCK_50    ; 1.000        ; 0.017      ; 17.840     ;
; -16.787 ; VGA_Controller:vga|pixel_x[7]  ; VGA_G[7]~reg0 ; CLOCK_50     ; CLOCK_50    ; 1.000        ; 0.017      ; 17.840     ;
; -16.781 ; VGA_Controller:vga|pixel_x[7]  ; VGA_G[9]~reg0 ; CLOCK_50     ; CLOCK_50    ; 1.000        ; 0.018      ; 17.835     ;
; -16.769 ; VGA_Controller:vga|pixel_x[7]  ; VGA_G[5]~reg0 ; CLOCK_50     ; CLOCK_50    ; 1.000        ; 0.018      ; 17.823     ;
; -16.658 ; VGA_Controller:vga|pixel_y[7]  ; VGA_G[3]~reg0 ; CLOCK_50     ; CLOCK_50    ; 1.000        ; -0.013     ; 17.681     ;
; -16.658 ; VGA_Controller:vga|pixel_y[7]  ; VGA_G[7]~reg0 ; CLOCK_50     ; CLOCK_50    ; 1.000        ; -0.013     ; 17.681     ;
; -16.652 ; VGA_Controller:vga|pixel_y[7]  ; VGA_G[9]~reg0 ; CLOCK_50     ; CLOCK_50    ; 1.000        ; -0.012     ; 17.676     ;
; -16.640 ; VGA_Controller:vga|pixel_y[7]  ; VGA_G[5]~reg0 ; CLOCK_50     ; CLOCK_50    ; 1.000        ; -0.012     ; 17.664     ;
; -16.547 ; VGA_Controller:vga|pixel_y[9]  ; VGA_G[2]~reg0 ; CLOCK_50     ; CLOCK_50    ; 1.000        ; -0.012     ; 17.571     ;
; -16.544 ; VGA_Controller:vga|pixel_y[9]  ; VGA_G[6]~reg0 ; CLOCK_50     ; CLOCK_50    ; 1.000        ; -0.012     ; 17.568     ;
; -16.541 ; VGA_Controller:vga|pixel_y[8]  ; VGA_G[3]~reg0 ; CLOCK_50     ; CLOCK_50    ; 1.000        ; -0.013     ; 17.564     ;
; -16.541 ; VGA_Controller:vga|pixel_y[8]  ; VGA_G[7]~reg0 ; CLOCK_50     ; CLOCK_50    ; 1.000        ; -0.013     ; 17.564     ;
; -16.535 ; VGA_Controller:vga|pixel_y[8]  ; VGA_G[9]~reg0 ; CLOCK_50     ; CLOCK_50    ; 1.000        ; -0.012     ; 17.559     ;
; -16.523 ; VGA_Controller:vga|pixel_y[8]  ; VGA_G[5]~reg0 ; CLOCK_50     ; CLOCK_50    ; 1.000        ; -0.012     ; 17.547     ;
; -16.505 ; VGA_Controller:vga|pixel_x[7]  ; VGA_B[2]~reg0 ; CLOCK_50     ; CLOCK_50    ; 1.000        ; -0.011     ; 17.530     ;
; -16.504 ; VGA_Controller:vga|pixel_x[7]  ; VGA_B[6]~reg0 ; CLOCK_50     ; CLOCK_50    ; 1.000        ; -0.011     ; 17.529     ;
; -16.503 ; VGA_Controller:vga|pixel_x[7]  ; VGA_B[3]~reg0 ; CLOCK_50     ; CLOCK_50    ; 1.000        ; -0.011     ; 17.528     ;
; -16.503 ; VGA_Controller:vga|pixel_x[7]  ; VGA_B[5]~reg0 ; CLOCK_50     ; CLOCK_50    ; 1.000        ; -0.011     ; 17.528     ;
; -16.503 ; VGA_Controller:vga|pixel_x[7]  ; VGA_B[9]~reg0 ; CLOCK_50     ; CLOCK_50    ; 1.000        ; -0.011     ; 17.528     ;
; -16.502 ; VGA_Controller:vga|pixel_x[7]  ; VGA_B[8]~reg0 ; CLOCK_50     ; CLOCK_50    ; 1.000        ; -0.011     ; 17.527     ;
; -16.495 ; VGA_Controller:vga|pixel_x[7]  ; VGA_B[1]~reg0 ; CLOCK_50     ; CLOCK_50    ; 1.000        ; -0.011     ; 17.520     ;
; -16.495 ; VGA_Controller:vga|pixel_x[7]  ; VGA_B[4]~reg0 ; CLOCK_50     ; CLOCK_50    ; 1.000        ; -0.011     ; 17.520     ;
; -16.376 ; VGA_Controller:vga|pixel_y[7]  ; VGA_B[2]~reg0 ; CLOCK_50     ; CLOCK_50    ; 1.000        ; -0.041     ; 17.371     ;
; -16.375 ; VGA_Controller:vga|pixel_y[7]  ; VGA_B[6]~reg0 ; CLOCK_50     ; CLOCK_50    ; 1.000        ; -0.041     ; 17.370     ;
; -16.374 ; VGA_Controller:vga|pixel_y[7]  ; VGA_B[3]~reg0 ; CLOCK_50     ; CLOCK_50    ; 1.000        ; -0.041     ; 17.369     ;
; -16.374 ; VGA_Controller:vga|pixel_y[7]  ; VGA_B[5]~reg0 ; CLOCK_50     ; CLOCK_50    ; 1.000        ; -0.041     ; 17.369     ;
; -16.374 ; VGA_Controller:vga|pixel_y[7]  ; VGA_B[9]~reg0 ; CLOCK_50     ; CLOCK_50    ; 1.000        ; -0.041     ; 17.369     ;
; -16.373 ; VGA_Controller:vga|pixel_y[7]  ; VGA_B[8]~reg0 ; CLOCK_50     ; CLOCK_50    ; 1.000        ; -0.041     ; 17.368     ;
+---------+--------------------------------+---------------+--------------+-------------+--------------+------------+------------+


+-----------------------------------------------------------------------------------------------------------------------------------------------------------------------------------------+
; Slow Model Setup: 'Game_Clock:clk_gen|game_tick'                                                                                                                                        ;
+--------+---------------------------------------+---------------------------------+------------------------------+------------------------------+--------------+------------+------------+
; Slack  ; From Node                             ; To Node                         ; Launch Clock                 ; Latch Clock                  ; Relationship ; Clock Skew ; Data Delay ;
+--------+---------------------------------------+---------------------------------+------------------------------+------------------------------+--------------+------------+------------+
; -8.048 ; Game_Logic:logic_core|snake_x[0][9]   ; Game_Logic:logic_core|game_over ; Game_Clock:clk_gen|game_tick ; Game_Clock:clk_gen|game_tick ; 1.000        ; 0.000      ; 9.084      ;
; -8.007 ; Game_Logic:logic_core|snake_x[0][10]  ; Game_Logic:logic_core|game_over ; Game_Clock:clk_gen|game_tick ; Game_Clock:clk_gen|game_tick ; 1.000        ; -0.005     ; 9.038      ;
; -7.992 ; Game_Logic:logic_core|snake_x[0][4]   ; Game_Logic:logic_core|game_over ; Game_Clock:clk_gen|game_tick ; Game_Clock:clk_gen|game_tick ; 1.000        ; -0.003     ; 9.025      ;
; -7.964 ; Game_Logic:logic_core|snake_x[0][8]   ; Game_Logic:logic_core|game_over ; Game_Clock:clk_gen|game_tick ; Game_Clock:clk_gen|game_tick ; 1.000        ; -0.003     ; 8.997      ;
; -7.914 ; Game_Logic:logic_core|snake_y[0][8]   ; Game_Logic:logic_core|game_over ; Game_Clock:clk_gen|game_tick ; Game_Clock:clk_gen|game_tick ; 1.000        ; 0.002      ; 8.952      ;
; -7.903 ; Game_Logic:logic_core|snake_y[0][7]   ; Game_Logic:logic_core|game_over ; Game_Clock:clk_gen|game_tick ; Game_Clock:clk_gen|game_tick ; 1.000        ; 0.010      ; 8.949      ;
; -7.862 ; Game_Logic:logic_core|snake_x[0][7]   ; Game_Logic:logic_core|game_over ; Game_Clock:clk_gen|game_tick ; Game_Clock:clk_gen|game_tick ; 1.000        ; -0.003     ; 8.895      ;
; -7.851 ; Game_Logic:logic_core|snake_x[0][2]   ; Game_Logic:logic_core|game_over ; Game_Clock:clk_gen|game_tick ; Game_Clock:clk_gen|game_tick ; 1.000        ; 0.000      ; 8.887      ;
; -7.827 ; Game_Logic:logic_core|snake_x[0][3]   ; Game_Logic:logic_core|game_over ; Game_Clock:clk_gen|game_tick ; Game_Clock:clk_gen|game_tick ; 1.000        ; 0.000      ; 8.863      ;
; -7.801 ; Game_Logic:logic_core|snake_y[0][2]   ; Game_Logic:logic_core|game_over ; Game_Clock:clk_gen|game_tick ; Game_Clock:clk_gen|game_tick ; 1.000        ; 0.011      ; 8.848      ;
; -7.797 ; Game_Logic:logic_core|snake_x[0][6]   ; Game_Logic:logic_core|game_over ; Game_Clock:clk_gen|game_tick ; Game_Clock:clk_gen|game_tick ; 1.000        ; 0.000      ; 8.833      ;
; -7.783 ; Game_Logic:logic_core|snake_y[0][3]   ; Game_Logic:logic_core|game_over ; Game_Clock:clk_gen|game_tick ; Game_Clock:clk_gen|game_tick ; 1.000        ; 0.011      ; 8.830      ;
; -7.777 ; Game_Logic:logic_core|snake_x[0][5]   ; Game_Logic:logic_core|game_over ; Game_Clock:clk_gen|game_tick ; Game_Clock:clk_gen|game_tick ; 1.000        ; -0.005     ; 8.808      ;
; -7.721 ; Game_Logic:logic_core|snake_y[0][9]   ; Game_Logic:logic_core|game_over ; Game_Clock:clk_gen|game_tick ; Game_Clock:clk_gen|game_tick ; 1.000        ; 0.010      ; 8.767      ;
; -7.667 ; Game_Logic:logic_core|snake_x[0][1]   ; Game_Logic:logic_core|game_over ; Game_Clock:clk_gen|game_tick ; Game_Clock:clk_gen|game_tick ; 1.000        ; 0.000      ; 8.703      ;
; -7.663 ; Game_Logic:logic_core|snake_y[0][4]   ; Game_Logic:logic_core|game_over ; Game_Clock:clk_gen|game_tick ; Game_Clock:clk_gen|game_tick ; 1.000        ; 0.010      ; 8.709      ;
; -7.630 ; Game_Logic:logic_core|snake_y[0][1]   ; Game_Logic:logic_core|game_over ; Game_Clock:clk_gen|game_tick ; Game_Clock:clk_gen|game_tick ; 1.000        ; 0.010      ; 8.676      ;
; -7.617 ; Game_Logic:logic_core|snake_len[6]    ; Game_Logic:logic_core|game_over ; Game_Clock:clk_gen|game_tick ; Game_Clock:clk_gen|game_tick ; 1.000        ; 0.002      ; 8.655      ;
; -7.566 ; Game_Logic:logic_core|snake_y[0][6]   ; Game_Logic:logic_core|game_over ; Game_Clock:clk_gen|game_tick ; Game_Clock:clk_gen|game_tick ; 1.000        ; 0.010      ; 8.612      ;
; -7.552 ; Game_Logic:logic_core|snake_len[5]    ; Game_Logic:logic_core|game_over ; Game_Clock:clk_gen|game_tick ; Game_Clock:clk_gen|game_tick ; 1.000        ; 0.002      ; 8.590      ;
; -7.501 ; Game_Logic:logic_core|snake_len[4]    ; Game_Logic:logic_core|game_over ; Game_Clock:clk_gen|game_tick ; Game_Clock:clk_gen|game_tick ; 1.000        ; 0.002      ; 8.539      ;
; -7.493 ; Game_Logic:logic_core|snake_y[0][5]   ; Game_Logic:logic_core|game_over ; Game_Clock:clk_gen|game_tick ; Game_Clock:clk_gen|game_tick ; 1.000        ; 0.011      ; 8.540      ;
; -7.432 ; Game_Logic:logic_core|snake_len[1]    ; Game_Logic:logic_core|game_over ; Game_Clock:clk_gen|game_tick ; Game_Clock:clk_gen|game_tick ; 1.000        ; 0.002      ; 8.470      ;
; -7.221 ; Game_Logic:logic_core|snake_len[3]    ; Game_Logic:logic_core|game_over ; Game_Clock:clk_gen|game_tick ; Game_Clock:clk_gen|game_tick ; 1.000        ; 0.002      ; 8.259      ;
; -7.221 ; Game_Logic:logic_core|snake_y[109][2] ; Game_Logic:logic_core|game_over ; Game_Clock:clk_gen|game_tick ; Game_Clock:clk_gen|game_tick ; 1.000        ; 0.014      ; 8.271      ;
; -7.195 ; Game_Logic:logic_core|snake_len[2]    ; Game_Logic:logic_core|game_over ; Game_Clock:clk_gen|game_tick ; Game_Clock:clk_gen|game_tick ; 1.000        ; 0.002      ; 8.233      ;
; -7.112 ; Game_Logic:logic_core|snake_x[104][1] ; Game_Logic:logic_core|game_over ; Game_Clock:clk_gen|game_tick ; Game_Clock:clk_gen|game_tick ; 1.000        ; 0.024      ; 8.172      ;
; -7.091 ; Game_Logic:logic_core|snake_x[60][10] ; Game_Logic:logic_core|game_over ; Game_Clock:clk_gen|game_tick ; Game_Clock:clk_gen|game_tick ; 1.000        ; -0.009     ; 8.118      ;
; -7.080 ; Game_Logic:logic_core|snake_x[6][8]   ; Game_Logic:logic_core|game_over ; Game_Clock:clk_gen|game_tick ; Game_Clock:clk_gen|game_tick ; 1.000        ; -0.034     ; 8.082      ;
; -7.060 ; Game_Logic:logic_core|snake_x[28][9]  ; Game_Logic:logic_core|game_over ; Game_Clock:clk_gen|game_tick ; Game_Clock:clk_gen|game_tick ; 1.000        ; -0.032     ; 8.064      ;
; -7.037 ; Game_Logic:logic_core|snake_x[73][5]  ; Game_Logic:logic_core|game_over ; Game_Clock:clk_gen|game_tick ; Game_Clock:clk_gen|game_tick ; 1.000        ; 0.013      ; 8.086      ;
; -7.030 ; Game_Logic:logic_core|snake_x[40][4]  ; Game_Logic:logic_core|game_over ; Game_Clock:clk_gen|game_tick ; Game_Clock:clk_gen|game_tick ; 1.000        ; -0.023     ; 8.043      ;
; -7.024 ; Game_Logic:logic_core|snake_x[49][6]  ; Game_Logic:logic_core|game_over ; Game_Clock:clk_gen|game_tick ; Game_Clock:clk_gen|game_tick ; 1.000        ; -0.027     ; 8.033      ;
; -6.993 ; Game_Logic:logic_core|snake_y[90][7]  ; Game_Logic:logic_core|game_over ; Game_Clock:clk_gen|game_tick ; Game_Clock:clk_gen|game_tick ; 1.000        ; 0.025      ; 8.054      ;
; -6.939 ; Game_Logic:logic_core|snake_y[63][5]  ; Game_Logic:logic_core|game_over ; Game_Clock:clk_gen|game_tick ; Game_Clock:clk_gen|game_tick ; 1.000        ; -0.001     ; 7.974      ;
; -6.936 ; Game_Logic:logic_core|snake_x[100][2] ; Game_Logic:logic_core|game_over ; Game_Clock:clk_gen|game_tick ; Game_Clock:clk_gen|game_tick ; 1.000        ; -0.002     ; 7.970      ;
; -6.917 ; Game_Logic:logic_core|snake_x[38][9]  ; Game_Logic:logic_core|game_over ; Game_Clock:clk_gen|game_tick ; Game_Clock:clk_gen|game_tick ; 1.000        ; -0.024     ; 7.929      ;
; -6.906 ; Game_Logic:logic_core|snake_y[30][6]  ; Game_Logic:logic_core|game_over ; Game_Clock:clk_gen|game_tick ; Game_Clock:clk_gen|game_tick ; 1.000        ; -0.025     ; 7.917      ;
; -6.873 ; Game_Logic:logic_core|snake_len[0]    ; Game_Logic:logic_core|game_over ; Game_Clock:clk_gen|game_tick ; Game_Clock:clk_gen|game_tick ; 1.000        ; 0.002      ; 7.911      ;
; -6.871 ; Game_Logic:logic_core|snake_x[63][5]  ; Game_Logic:logic_core|game_over ; Game_Clock:clk_gen|game_tick ; Game_Clock:clk_gen|game_tick ; 1.000        ; -0.002     ; 7.905      ;
; -6.858 ; Game_Logic:logic_core|snake_x[44][10] ; Game_Logic:logic_core|game_over ; Game_Clock:clk_gen|game_tick ; Game_Clock:clk_gen|game_tick ; 1.000        ; -0.025     ; 7.869      ;
; -6.841 ; Game_Logic:logic_core|snake_x[37][4]  ; Game_Logic:logic_core|game_over ; Game_Clock:clk_gen|game_tick ; Game_Clock:clk_gen|game_tick ; 1.000        ; -0.005     ; 7.872      ;
; -6.838 ; Game_Logic:logic_core|snake_x[123][1] ; Game_Logic:logic_core|game_over ; Game_Clock:clk_gen|game_tick ; Game_Clock:clk_gen|game_tick ; 1.000        ; -0.004     ; 7.870      ;
; -6.826 ; Game_Logic:logic_core|snake_y[120][1] ; Game_Logic:logic_core|game_over ; Game_Clock:clk_gen|game_tick ; Game_Clock:clk_gen|game_tick ; 1.000        ; 0.004      ; 7.866      ;
; -6.802 ; Game_Logic:logic_core|snake_y[120][4] ; Game_Logic:logic_core|game_over ; Game_Clock:clk_gen|game_tick ; Game_Clock:clk_gen|game_tick ; 1.000        ; 0.020      ; 7.858      ;
; -6.795 ; Game_Logic:logic_core|snake_x[58][8]  ; Game_Logic:logic_core|game_over ; Game_Clock:clk_gen|game_tick ; Game_Clock:clk_gen|game_tick ; 1.000        ; -0.020     ; 7.811      ;
; -6.793 ; Game_Logic:logic_core|snake_x[54][4]  ; Game_Logic:logic_core|game_over ; Game_Clock:clk_gen|game_tick ; Game_Clock:clk_gen|game_tick ; 1.000        ; -0.036     ; 7.793      ;
; -6.792 ; Game_Logic:logic_core|snake_x[86][10] ; Game_Logic:logic_core|game_over ; Game_Clock:clk_gen|game_tick ; Game_Clock:clk_gen|game_tick ; 1.000        ; -0.003     ; 7.825      ;
; -6.789 ; Game_Logic:logic_core|snake_x[11][10] ; Game_Logic:logic_core|game_over ; Game_Clock:clk_gen|game_tick ; Game_Clock:clk_gen|game_tick ; 1.000        ; -0.010     ; 7.815      ;
; -6.785 ; Game_Logic:logic_core|snake_x[35][6]  ; Game_Logic:logic_core|game_over ; Game_Clock:clk_gen|game_tick ; Game_Clock:clk_gen|game_tick ; 1.000        ; -0.016     ; 7.805      ;
; -6.783 ; Game_Logic:logic_core|snake_x[35][8]  ; Game_Logic:logic_core|game_over ; Game_Clock:clk_gen|game_tick ; Game_Clock:clk_gen|game_tick ; 1.000        ; -0.016     ; 7.803      ;
; -6.780 ; Game_Logic:logic_core|snake_x[20][3]  ; Game_Logic:logic_core|game_over ; Game_Clock:clk_gen|game_tick ; Game_Clock:clk_gen|game_tick ; 1.000        ; 0.003      ; 7.819      ;
; -6.773 ; Game_Logic:logic_core|snake_x[44][9]  ; Game_Logic:logic_core|game_over ; Game_Clock:clk_gen|game_tick ; Game_Clock:clk_gen|game_tick ; 1.000        ; -0.025     ; 7.784      ;
; -6.772 ; Game_Logic:logic_core|snake_x[95][9]  ; Game_Logic:logic_core|game_over ; Game_Clock:clk_gen|game_tick ; Game_Clock:clk_gen|game_tick ; 1.000        ; 0.015      ; 7.823      ;
; -6.766 ; Game_Logic:logic_core|snake_x[41][8]  ; Game_Logic:logic_core|game_over ; Game_Clock:clk_gen|game_tick ; Game_Clock:clk_gen|game_tick ; 1.000        ; -0.007     ; 7.795      ;
; -6.740 ; Game_Logic:logic_core|snake_x[94][8]  ; Game_Logic:logic_core|game_over ; Game_Clock:clk_gen|game_tick ; Game_Clock:clk_gen|game_tick ; 1.000        ; 0.011      ; 7.787      ;
; -6.736 ; Game_Logic:logic_core|snake_y[48][1]  ; Game_Logic:logic_core|game_over ; Game_Clock:clk_gen|game_tick ; Game_Clock:clk_gen|game_tick ; 1.000        ; -0.026     ; 7.746      ;
; -6.734 ; Game_Logic:logic_core|snake_x[31][5]  ; Game_Logic:logic_core|game_over ; Game_Clock:clk_gen|game_tick ; Game_Clock:clk_gen|game_tick ; 1.000        ; -0.003     ; 7.767      ;
; -6.719 ; Game_Logic:logic_core|snake_y[40][9]  ; Game_Logic:logic_core|game_over ; Game_Clock:clk_gen|game_tick ; Game_Clock:clk_gen|game_tick ; 1.000        ; -0.010     ; 7.745      ;
; -6.715 ; Game_Logic:logic_core|snake_x[35][10] ; Game_Logic:logic_core|game_over ; Game_Clock:clk_gen|game_tick ; Game_Clock:clk_gen|game_tick ; 1.000        ; -0.016     ; 7.735      ;
; -6.703 ; Game_Logic:logic_core|snake_x[37][8]  ; Game_Logic:logic_core|game_over ; Game_Clock:clk_gen|game_tick ; Game_Clock:clk_gen|game_tick ; 1.000        ; -0.005     ; 7.734      ;
; -6.699 ; Game_Logic:logic_core|snake_x[33][10] ; Game_Logic:logic_core|game_over ; Game_Clock:clk_gen|game_tick ; Game_Clock:clk_gen|game_tick ; 1.000        ; -0.007     ; 7.728      ;
; -6.693 ; Game_Logic:logic_core|snake_x[20][4]  ; Game_Logic:logic_core|game_over ; Game_Clock:clk_gen|game_tick ; Game_Clock:clk_gen|game_tick ; 1.000        ; 0.003      ; 7.732      ;
; -6.690 ; Game_Logic:logic_core|snake_y[70][1]  ; Game_Logic:logic_core|game_over ; Game_Clock:clk_gen|game_tick ; Game_Clock:clk_gen|game_tick ; 1.000        ; 0.005      ; 7.731      ;
; -6.684 ; Game_Logic:logic_core|snake_x[28][6]  ; Game_Logic:logic_core|game_over ; Game_Clock:clk_gen|game_tick ; Game_Clock:clk_gen|game_tick ; 1.000        ; -0.032     ; 7.688      ;
; -6.677 ; Game_Logic:logic_core|snake_y[26][3]  ; Game_Logic:logic_core|game_over ; Game_Clock:clk_gen|game_tick ; Game_Clock:clk_gen|game_tick ; 1.000        ; -0.002     ; 7.711      ;
; -6.673 ; Game_Logic:logic_core|snake_x[40][2]  ; Game_Logic:logic_core|game_over ; Game_Clock:clk_gen|game_tick ; Game_Clock:clk_gen|game_tick ; 1.000        ; -0.023     ; 7.686      ;
; -6.665 ; Game_Logic:logic_core|snake_x[104][3] ; Game_Logic:logic_core|game_over ; Game_Clock:clk_gen|game_tick ; Game_Clock:clk_gen|game_tick ; 1.000        ; 0.025      ; 7.726      ;
; -6.659 ; Game_Logic:logic_core|snake_y[89][8]  ; Game_Logic:logic_core|game_over ; Game_Clock:clk_gen|game_tick ; Game_Clock:clk_gen|game_tick ; 1.000        ; 0.025      ; 7.720      ;
; -6.656 ; Game_Logic:logic_core|snake_x[108][3] ; Game_Logic:logic_core|game_over ; Game_Clock:clk_gen|game_tick ; Game_Clock:clk_gen|game_tick ; 1.000        ; 0.024      ; 7.716      ;
; -6.651 ; Game_Logic:logic_core|snake_x[18][4]  ; Game_Logic:logic_core|game_over ; Game_Clock:clk_gen|game_tick ; Game_Clock:clk_gen|game_tick ; 1.000        ; 0.006      ; 7.693      ;
; -6.638 ; Game_Logic:logic_core|snake_x[26][10] ; Game_Logic:logic_core|game_over ; Game_Clock:clk_gen|game_tick ; Game_Clock:clk_gen|game_tick ; 1.000        ; 0.009      ; 7.683      ;
; -6.637 ; Game_Logic:logic_core|snake_x[81][7]  ; Game_Logic:logic_core|game_over ; Game_Clock:clk_gen|game_tick ; Game_Clock:clk_gen|game_tick ; 1.000        ; -0.006     ; 7.667      ;
; -6.633 ; Game_Logic:logic_core|snake_x[65][10] ; Game_Logic:logic_core|game_over ; Game_Clock:clk_gen|game_tick ; Game_Clock:clk_gen|game_tick ; 1.000        ; 0.005      ; 7.674      ;
; -6.623 ; Game_Logic:logic_core|snake_y[30][1]  ; Game_Logic:logic_core|game_over ; Game_Clock:clk_gen|game_tick ; Game_Clock:clk_gen|game_tick ; 1.000        ; -0.025     ; 7.634      ;
; -6.622 ; Game_Logic:logic_core|snake_x[41][4]  ; Game_Logic:logic_core|game_over ; Game_Clock:clk_gen|game_tick ; Game_Clock:clk_gen|game_tick ; 1.000        ; -0.007     ; 7.651      ;
; -6.621 ; Game_Logic:logic_core|snake_y[30][5]  ; Game_Logic:logic_core|game_over ; Game_Clock:clk_gen|game_tick ; Game_Clock:clk_gen|game_tick ; 1.000        ; -0.025     ; 7.632      ;
; -6.620 ; Game_Logic:logic_core|snake_x[74][7]  ; Game_Logic:logic_core|game_over ; Game_Clock:clk_gen|game_tick ; Game_Clock:clk_gen|game_tick ; 1.000        ; -0.026     ; 7.630      ;
; -6.618 ; Game_Logic:logic_core|snake_x[98][4]  ; Game_Logic:logic_core|game_over ; Game_Clock:clk_gen|game_tick ; Game_Clock:clk_gen|game_tick ; 1.000        ; 0.016      ; 7.670      ;
; -6.617 ; Game_Logic:logic_core|snake_x[81][10] ; Game_Logic:logic_core|game_over ; Game_Clock:clk_gen|game_tick ; Game_Clock:clk_gen|game_tick ; 1.000        ; -0.004     ; 7.649      ;
; -6.616 ; Game_Logic:logic_core|snake_x[6][4]   ; Game_Logic:logic_core|game_over ; Game_Clock:clk_gen|game_tick ; Game_Clock:clk_gen|game_tick ; 1.000        ; -0.034     ; 7.618      ;
; -6.606 ; Game_Logic:logic_core|snake_x[24][10] ; Game_Logic:logic_core|game_over ; Game_Clock:clk_gen|game_tick ; Game_Clock:clk_gen|game_tick ; 1.000        ; 0.032      ; 7.674      ;
; -6.605 ; Game_Logic:logic_core|snake_x[0][1]   ; Game_Logic:logic_core|score[0]  ; Game_Clock:clk_gen|game_tick ; Game_Clock:clk_gen|game_tick ; 1.000        ; 0.012      ; 7.653      ;
; -6.605 ; Game_Logic:logic_core|snake_x[0][1]   ; Game_Logic:logic_core|score[1]  ; Game_Clock:clk_gen|game_tick ; Game_Clock:clk_gen|game_tick ; 1.000        ; 0.012      ; 7.653      ;
; -6.605 ; Game_Logic:logic_core|snake_x[0][1]   ; Game_Logic:logic_core|score[2]  ; Game_Clock:clk_gen|game_tick ; Game_Clock:clk_gen|game_tick ; 1.000        ; 0.012      ; 7.653      ;
; -6.605 ; Game_Logic:logic_core|snake_x[0][1]   ; Game_Logic:logic_core|score[3]  ; Game_Clock:clk_gen|game_tick ; Game_Clock:clk_gen|game_tick ; 1.000        ; 0.012      ; 7.653      ;
; -6.605 ; Game_Logic:logic_core|snake_x[0][1]   ; Game_Logic:logic_core|score[4]  ; Game_Clock:clk_gen|game_tick ; Game_Clock:clk_gen|game_tick ; 1.000        ; 0.012      ; 7.653      ;
; -6.605 ; Game_Logic:logic_core|snake_x[0][1]   ; Game_Logic:logic_core|score[5]  ; Game_Clock:clk_gen|game_tick ; Game_Clock:clk_gen|game_tick ; 1.000        ; 0.012      ; 7.653      ;
; -6.605 ; Game_Logic:logic_core|snake_x[0][1]   ; Game_Logic:logic_core|score[6]  ; Game_Clock:clk_gen|game_tick ; Game_Clock:clk_gen|game_tick ; 1.000        ; 0.012      ; 7.653      ;
; -6.605 ; Game_Logic:logic_core|snake_x[0][1]   ; Game_Logic:logic_core|score[7]  ; Game_Clock:clk_gen|game_tick ; Game_Clock:clk_gen|game_tick ; 1.000        ; 0.012      ; 7.653      ;
; -6.600 ; Game_Logic:logic_core|snake_x[37][10] ; Game_Logic:logic_core|game_over ; Game_Clock:clk_gen|game_tick ; Game_Clock:clk_gen|game_tick ; 1.000        ; -0.005     ; 7.631      ;
; -6.598 ; Game_Logic:logic_core|snake_x[40][3]  ; Game_Logic:logic_core|game_over ; Game_Clock:clk_gen|game_tick ; Game_Clock:clk_gen|game_tick ; 1.000        ; -0.023     ; 7.611      ;
; -6.594 ; Game_Logic:logic_core|snake_y[83][5]  ; Game_Logic:logic_core|game_over ; Game_Clock:clk_gen|game_tick ; Game_Clock:clk_gen|game_tick ; 1.000        ; 0.000      ; 7.630      ;
; -6.593 ; Game_Logic:logic_core|snake_x[11][8]  ; Game_Logic:logic_core|game_over ; Game_Clock:clk_gen|game_tick ; Game_Clock:clk_gen|game_tick ; 1.000        ; -0.010     ; 7.619      ;
; -6.591 ; Game_Logic:logic_core|snake_x[111][1] ; Game_Logic:logic_core|game_over ; Game_Clock:clk_gen|game_tick ; Game_Clock:clk_gen|game_tick ; 1.000        ; 0.004      ; 7.631      ;
; -6.584 ; Game_Logic:logic_core|snake_x[29][8]  ; Game_Logic:logic_core|game_over ; Game_Clock:clk_gen|game_tick ; Game_Clock:clk_gen|game_tick ; 1.000        ; -0.040     ; 7.580      ;
; -6.584 ; Game_Logic:logic_core|snake_y[120][3] ; Game_Logic:logic_core|game_over ; Game_Clock:clk_gen|game_tick ; Game_Clock:clk_gen|game_tick ; 1.000        ; 0.020      ; 7.640      ;
; -6.580 ; Game_Logic:logic_core|snake_x[28][10] ; Game_Logic:logic_core|game_over ; Game_Clock:clk_gen|game_tick ; Game_Clock:clk_gen|game_tick ; 1.000        ; -0.032     ; 7.584      ;
; -6.578 ; Game_Logic:logic_core|snake_x[6][1]   ; Game_Logic:logic_core|game_over ; Game_Clock:clk_gen|game_tick ; Game_Clock:clk_gen|game_tick ; 1.000        ; -0.034     ; 7.580      ;
; -6.570 ; Game_Logic:logic_core|snake_y[6][3]   ; Game_Logic:logic_core|game_over ; Game_Clock:clk_gen|game_tick ; Game_Clock:clk_gen|game_tick ; 1.000        ; -0.021     ; 7.585      ;
+--------+---------------------------------------+---------------------------------+------------------------------+------------------------------+--------------+------------+------------+


+----------------------------------------------------------------------------------------------------------------------------------------------------------+
; Slow Model Setup: 'PS2_CLK'                                                                                                                              ;
+--------+-------------------------------------+-------------------------------------+--------------+-------------+--------------+------------+------------+
; Slack  ; From Node                           ; To Node                             ; Launch Clock ; Latch Clock ; Relationship ; Clock Skew ; Data Delay ;
+--------+-------------------------------------+-------------------------------------+--------------+-------------+--------------+------------+------------+
; -2.033 ; Keyboard_Controller:kb|shift_reg[2] ; Keyboard_Controller:kb|direction[3] ; PS2_CLK      ; PS2_CLK     ; 1.000        ; -0.028     ; 3.041      ;
; -2.033 ; Keyboard_Controller:kb|shift_reg[2] ; Keyboard_Controller:kb|direction[1] ; PS2_CLK      ; PS2_CLK     ; 1.000        ; -0.028     ; 3.041      ;
; -2.033 ; Keyboard_Controller:kb|shift_reg[2] ; Keyboard_Controller:kb|direction[2] ; PS2_CLK      ; PS2_CLK     ; 1.000        ; -0.028     ; 3.041      ;
; -2.011 ; Keyboard_Controller:kb|shift_reg[5] ; Keyboard_Controller:kb|direction[3] ; PS2_CLK      ; PS2_CLK     ; 1.000        ; -0.028     ; 3.019      ;
; -2.011 ; Keyboard_Controller:kb|shift_reg[5] ; Keyboard_Controller:kb|direction[1] ; PS2_CLK      ; PS2_CLK     ; 1.000        ; -0.028     ; 3.019      ;
; -2.011 ; Keyboard_Controller:kb|shift_reg[5] ; Keyboard_Controller:kb|direction[2] ; PS2_CLK      ; PS2_CLK     ; 1.000        ; -0.028     ; 3.019      ;
; -1.985 ; Keyboard_Controller:kb|key_break    ; Keyboard_Controller:kb|direction[3] ; PS2_CLK      ; PS2_CLK     ; 1.000        ; -0.029     ; 2.992      ;
; -1.985 ; Keyboard_Controller:kb|key_break    ; Keyboard_Controller:kb|direction[1] ; PS2_CLK      ; PS2_CLK     ; 1.000        ; -0.029     ; 2.992      ;
; -1.985 ; Keyboard_Controller:kb|key_break    ; Keyboard_Controller:kb|direction[2] ; PS2_CLK      ; PS2_CLK     ; 1.000        ; -0.029     ; 2.992      ;
; -1.960 ; Keyboard_Controller:kb|shift_reg[4] ; Keyboard_Controller:kb|direction[3] ; PS2_CLK      ; PS2_CLK     ; 1.000        ; 0.000      ; 2.996      ;
; -1.960 ; Keyboard_Controller:kb|shift_reg[4] ; Keyboard_Controller:kb|direction[1] ; PS2_CLK      ; PS2_CLK     ; 1.000        ; 0.000      ; 2.996      ;
; -1.960 ; Keyboard_Controller:kb|shift_reg[4] ; Keyboard_Controller:kb|direction[2] ; PS2_CLK      ; PS2_CLK     ; 1.000        ; 0.000      ; 2.996      ;
; -1.945 ; Keyboard_Controller:kb|shift_reg[7] ; Keyboard_Controller:kb|direction[3] ; PS2_CLK      ; PS2_CLK     ; 1.000        ; -0.028     ; 2.953      ;
; -1.945 ; Keyboard_Controller:kb|shift_reg[7] ; Keyboard_Controller:kb|direction[1] ; PS2_CLK      ; PS2_CLK     ; 1.000        ; -0.028     ; 2.953      ;
; -1.945 ; Keyboard_Controller:kb|shift_reg[7] ; Keyboard_Controller:kb|direction[2] ; PS2_CLK      ; PS2_CLK     ; 1.000        ; -0.028     ; 2.953      ;
; -1.886 ; Keyboard_Controller:kb|shift_reg[8] ; Keyboard_Controller:kb|direction[3] ; PS2_CLK      ; PS2_CLK     ; 1.000        ; -0.028     ; 2.894      ;
; -1.886 ; Keyboard_Controller:kb|shift_reg[8] ; Keyboard_Controller:kb|direction[1] ; PS2_CLK      ; PS2_CLK     ; 1.000        ; -0.028     ; 2.894      ;
; -1.886 ; Keyboard_Controller:kb|shift_reg[8] ; Keyboard_Controller:kb|direction[2] ; PS2_CLK      ; PS2_CLK     ; 1.000        ; -0.028     ; 2.894      ;
; -1.884 ; Keyboard_Controller:kb|shift_reg[3] ; Keyboard_Controller:kb|direction[3] ; PS2_CLK      ; PS2_CLK     ; 1.000        ; -0.028     ; 2.892      ;
; -1.884 ; Keyboard_Controller:kb|shift_reg[3] ; Keyboard_Controller:kb|direction[1] ; PS2_CLK      ; PS2_CLK     ; 1.000        ; -0.028     ; 2.892      ;
; -1.884 ; Keyboard_Controller:kb|shift_reg[3] ; Keyboard_Controller:kb|direction[2] ; PS2_CLK      ; PS2_CLK     ; 1.000        ; -0.028     ; 2.892      ;
; -1.849 ; Keyboard_Controller:kb|key_break    ; Keyboard_Controller:kb|direction[4] ; PS2_CLK      ; PS2_CLK     ; 1.000        ; -0.029     ; 2.856      ;
; -1.837 ; Keyboard_Controller:kb|bit_count[1] ; Keyboard_Controller:kb|direction[3] ; PS2_CLK      ; PS2_CLK     ; 1.000        ; 0.312      ; 3.185      ;
; -1.837 ; Keyboard_Controller:kb|bit_count[1] ; Keyboard_Controller:kb|direction[1] ; PS2_CLK      ; PS2_CLK     ; 1.000        ; 0.312      ; 3.185      ;
; -1.837 ; Keyboard_Controller:kb|bit_count[1] ; Keyboard_Controller:kb|direction[2] ; PS2_CLK      ; PS2_CLK     ; 1.000        ; 0.312      ; 3.185      ;
; -1.824 ; Keyboard_Controller:kb|bit_count[3] ; Keyboard_Controller:kb|direction[3] ; PS2_CLK      ; PS2_CLK     ; 1.000        ; 0.312      ; 3.172      ;
; -1.824 ; Keyboard_Controller:kb|bit_count[3] ; Keyboard_Controller:kb|direction[1] ; PS2_CLK      ; PS2_CLK     ; 1.000        ; 0.312      ; 3.172      ;
; -1.824 ; Keyboard_Controller:kb|bit_count[3] ; Keyboard_Controller:kb|direction[2] ; PS2_CLK      ; PS2_CLK     ; 1.000        ; 0.312      ; 3.172      ;
; -1.809 ; Keyboard_Controller:kb|shift_reg[7] ; Keyboard_Controller:kb|direction[4] ; PS2_CLK      ; PS2_CLK     ; 1.000        ; -0.028     ; 2.817      ;
; -1.797 ; Keyboard_Controller:kb|bit_count[1] ; Keyboard_Controller:kb|direction[4] ; PS2_CLK      ; PS2_CLK     ; 1.000        ; 0.312      ; 3.145      ;
; -1.784 ; Keyboard_Controller:kb|bit_count[3] ; Keyboard_Controller:kb|direction[4] ; PS2_CLK      ; PS2_CLK     ; 1.000        ; 0.312      ; 3.132      ;
; -1.750 ; Keyboard_Controller:kb|shift_reg[8] ; Keyboard_Controller:kb|direction[4] ; PS2_CLK      ; PS2_CLK     ; 1.000        ; -0.028     ; 2.758      ;
; -1.705 ; Keyboard_Controller:kb|shift_reg[3] ; Keyboard_Controller:kb|direction[4] ; PS2_CLK      ; PS2_CLK     ; 1.000        ; -0.028     ; 2.713      ;
; -1.687 ; Keyboard_Controller:kb|shift_reg[6] ; Keyboard_Controller:kb|direction[3] ; PS2_CLK      ; PS2_CLK     ; 1.000        ; 0.000      ; 2.723      ;
; -1.687 ; Keyboard_Controller:kb|shift_reg[6] ; Keyboard_Controller:kb|direction[1] ; PS2_CLK      ; PS2_CLK     ; 1.000        ; 0.000      ; 2.723      ;
; -1.687 ; Keyboard_Controller:kb|shift_reg[6] ; Keyboard_Controller:kb|direction[2] ; PS2_CLK      ; PS2_CLK     ; 1.000        ; 0.000      ; 2.723      ;
; -1.679 ; Keyboard_Controller:kb|shift_reg[1] ; Keyboard_Controller:kb|direction[3] ; PS2_CLK      ; PS2_CLK     ; 1.000        ; 0.000      ; 2.715      ;
; -1.679 ; Keyboard_Controller:kb|shift_reg[1] ; Keyboard_Controller:kb|direction[1] ; PS2_CLK      ; PS2_CLK     ; 1.000        ; 0.000      ; 2.715      ;
; -1.679 ; Keyboard_Controller:kb|shift_reg[1] ; Keyboard_Controller:kb|direction[2] ; PS2_CLK      ; PS2_CLK     ; 1.000        ; 0.000      ; 2.715      ;
; -1.657 ; Keyboard_Controller:kb|bit_count[0] ; Keyboard_Controller:kb|direction[3] ; PS2_CLK      ; PS2_CLK     ; 1.000        ; 0.312      ; 3.005      ;
; -1.657 ; Keyboard_Controller:kb|bit_count[0] ; Keyboard_Controller:kb|direction[1] ; PS2_CLK      ; PS2_CLK     ; 1.000        ; 0.312      ; 3.005      ;
; -1.657 ; Keyboard_Controller:kb|bit_count[0] ; Keyboard_Controller:kb|direction[2] ; PS2_CLK      ; PS2_CLK     ; 1.000        ; 0.312      ; 3.005      ;
; -1.645 ; Keyboard_Controller:kb|shift_reg[1] ; Keyboard_Controller:kb|reset_cmd    ; PS2_CLK      ; PS2_CLK     ; 1.000        ; 0.029      ; 2.710      ;
; -1.644 ; Keyboard_Controller:kb|shift_reg[5] ; Keyboard_Controller:kb|reset_cmd    ; PS2_CLK      ; PS2_CLK     ; 1.000        ; 0.001      ; 2.681      ;
; -1.628 ; Keyboard_Controller:kb|shift_reg[1] ; Keyboard_Controller:kb|direction[4] ; PS2_CLK      ; PS2_CLK     ; 1.000        ; 0.000      ; 2.664      ;
; -1.617 ; Keyboard_Controller:kb|bit_count[0] ; Keyboard_Controller:kb|direction[4] ; PS2_CLK      ; PS2_CLK     ; 1.000        ; 0.312      ; 2.965      ;
; -1.601 ; Keyboard_Controller:kb|shift_reg[3] ; Keyboard_Controller:kb|reset_cmd    ; PS2_CLK      ; PS2_CLK     ; 1.000        ; 0.001      ; 2.638      ;
; -1.598 ; Keyboard_Controller:kb|shift_reg[3] ; Keyboard_Controller:kb|key_break    ; PS2_CLK      ; PS2_CLK     ; 1.000        ; 0.001      ; 2.635      ;
; -1.593 ; Keyboard_Controller:kb|shift_reg[4] ; Keyboard_Controller:kb|reset_cmd    ; PS2_CLK      ; PS2_CLK     ; 1.000        ; 0.029      ; 2.658      ;
; -1.588 ; Keyboard_Controller:kb|shift_reg[4] ; Keyboard_Controller:kb|key_break    ; PS2_CLK      ; PS2_CLK     ; 1.000        ; 0.029      ; 2.653      ;
; -1.568 ; Keyboard_Controller:kb|bit_count[2] ; Keyboard_Controller:kb|direction[3] ; PS2_CLK      ; PS2_CLK     ; 1.000        ; 0.312      ; 2.916      ;
; -1.568 ; Keyboard_Controller:kb|bit_count[2] ; Keyboard_Controller:kb|direction[1] ; PS2_CLK      ; PS2_CLK     ; 1.000        ; 0.312      ; 2.916      ;
; -1.568 ; Keyboard_Controller:kb|bit_count[2] ; Keyboard_Controller:kb|direction[2] ; PS2_CLK      ; PS2_CLK     ; 1.000        ; 0.312      ; 2.916      ;
; -1.539 ; Keyboard_Controller:kb|shift_reg[1] ; Keyboard_Controller:kb|key_break    ; PS2_CLK      ; PS2_CLK     ; 1.000        ; 0.029      ; 2.604      ;
; -1.528 ; Keyboard_Controller:kb|bit_count[2] ; Keyboard_Controller:kb|direction[4] ; PS2_CLK      ; PS2_CLK     ; 1.000        ; 0.312      ; 2.876      ;
; -1.523 ; Keyboard_Controller:kb|shift_reg[2] ; Keyboard_Controller:kb|direction[4] ; PS2_CLK      ; PS2_CLK     ; 1.000        ; -0.028     ; 2.531      ;
; -1.442 ; Keyboard_Controller:kb|shift_reg[4] ; Keyboard_Controller:kb|direction[4] ; PS2_CLK      ; PS2_CLK     ; 1.000        ; 0.000      ; 2.478      ;
; -1.425 ; Keyboard_Controller:kb|shift_reg[2] ; Keyboard_Controller:kb|reset_cmd    ; PS2_CLK      ; PS2_CLK     ; 1.000        ; 0.001      ; 2.462      ;
; -1.422 ; Keyboard_Controller:kb|shift_reg[2] ; Keyboard_Controller:kb|key_break    ; PS2_CLK      ; PS2_CLK     ; 1.000        ; 0.001      ; 2.459      ;
; -1.358 ; Keyboard_Controller:kb|shift_reg[6] ; Keyboard_Controller:kb|reset_cmd    ; PS2_CLK      ; PS2_CLK     ; 1.000        ; 0.029      ; 2.423      ;
; -1.355 ; Keyboard_Controller:kb|shift_reg[6] ; Keyboard_Controller:kb|key_break    ; PS2_CLK      ; PS2_CLK     ; 1.000        ; 0.029      ; 2.420      ;
; -1.271 ; Keyboard_Controller:kb|shift_reg[7] ; Keyboard_Controller:kb|reset_cmd    ; PS2_CLK      ; PS2_CLK     ; 1.000        ; 0.001      ; 2.308      ;
; -1.208 ; Keyboard_Controller:kb|shift_reg[5] ; Keyboard_Controller:kb|direction[4] ; PS2_CLK      ; PS2_CLK     ; 1.000        ; -0.028     ; 2.216      ;
; -1.148 ; Keyboard_Controller:kb|shift_reg[7] ; Keyboard_Controller:kb|key_break    ; PS2_CLK      ; PS2_CLK     ; 1.000        ; 0.001      ; 2.185      ;
; -1.110 ; Keyboard_Controller:kb|bit_count[1] ; Keyboard_Controller:kb|key_break    ; PS2_CLK      ; PS2_CLK     ; 1.000        ; 0.341      ; 2.487      ;
; -1.110 ; Keyboard_Controller:kb|bit_count[1] ; Keyboard_Controller:kb|reset_cmd    ; PS2_CLK      ; PS2_CLK     ; 1.000        ; 0.341      ; 2.487      ;
; -1.098 ; Keyboard_Controller:kb|shift_reg[8] ; Keyboard_Controller:kb|reset_cmd    ; PS2_CLK      ; PS2_CLK     ; 1.000        ; 0.001      ; 2.135      ;
; -1.097 ; Keyboard_Controller:kb|bit_count[3] ; Keyboard_Controller:kb|key_break    ; PS2_CLK      ; PS2_CLK     ; 1.000        ; 0.341      ; 2.474      ;
; -1.097 ; Keyboard_Controller:kb|bit_count[3] ; Keyboard_Controller:kb|reset_cmd    ; PS2_CLK      ; PS2_CLK     ; 1.000        ; 0.341      ; 2.474      ;
; -0.974 ; Keyboard_Controller:kb|bit_count[2] ; Keyboard_Controller:kb|shift_reg[6] ; PS2_CLK      ; PS2_CLK     ; 1.000        ; 0.312      ; 2.322      ;
; -0.973 ; Keyboard_Controller:kb|shift_reg[6] ; Keyboard_Controller:kb|direction[4] ; PS2_CLK      ; PS2_CLK     ; 1.000        ; 0.000      ; 2.009      ;
; -0.954 ; Keyboard_Controller:kb|bit_count[3] ; Keyboard_Controller:kb|shift_reg[6] ; PS2_CLK      ; PS2_CLK     ; 1.000        ; 0.312      ; 2.302      ;
; -0.930 ; Keyboard_Controller:kb|bit_count[0] ; Keyboard_Controller:kb|key_break    ; PS2_CLK      ; PS2_CLK     ; 1.000        ; 0.341      ; 2.307      ;
; -0.930 ; Keyboard_Controller:kb|bit_count[0] ; Keyboard_Controller:kb|reset_cmd    ; PS2_CLK      ; PS2_CLK     ; 1.000        ; 0.341      ; 2.307      ;
; -0.907 ; Keyboard_Controller:kb|bit_count[2] ; Keyboard_Controller:kb|shift_reg[7] ; PS2_CLK      ; PS2_CLK     ; 1.000        ; 0.340      ; 2.283      ;
; -0.883 ; Keyboard_Controller:kb|bit_count[3] ; Keyboard_Controller:kb|shift_reg[7] ; PS2_CLK      ; PS2_CLK     ; 1.000        ; 0.340      ; 2.259      ;
; -0.841 ; Keyboard_Controller:kb|bit_count[2] ; Keyboard_Controller:kb|key_break    ; PS2_CLK      ; PS2_CLK     ; 1.000        ; 0.341      ; 2.218      ;
; -0.841 ; Keyboard_Controller:kb|bit_count[2] ; Keyboard_Controller:kb|reset_cmd    ; PS2_CLK      ; PS2_CLK     ; 1.000        ; 0.341      ; 2.218      ;
; -0.825 ; Keyboard_Controller:kb|bit_count[0] ; Keyboard_Controller:kb|shift_reg[6] ; PS2_CLK      ; PS2_CLK     ; 1.000        ; 0.312      ; 2.173      ;
; -0.754 ; Keyboard_Controller:kb|bit_count[0] ; Keyboard_Controller:kb|shift_reg[7] ; PS2_CLK      ; PS2_CLK     ; 1.000        ; 0.340      ; 2.130      ;
; -0.732 ; Keyboard_Controller:kb|bit_count[1] ; Keyboard_Controller:kb|shift_reg[6] ; PS2_CLK      ; PS2_CLK     ; 1.000        ; 0.312      ; 2.080      ;
; -0.709 ; Keyboard_Controller:kb|bit_count[2] ; Keyboard_Controller:kb|shift_reg[4] ; PS2_CLK      ; PS2_CLK     ; 1.000        ; 0.312      ; 2.057      ;
; -0.676 ; Keyboard_Controller:kb|bit_count[2] ; Keyboard_Controller:kb|shift_reg[2] ; PS2_CLK      ; PS2_CLK     ; 1.000        ; 0.340      ; 2.052      ;
; -0.673 ; Keyboard_Controller:kb|bit_count[2] ; Keyboard_Controller:kb|shift_reg[5] ; PS2_CLK      ; PS2_CLK     ; 1.000        ; 0.340      ; 2.049      ;
; -0.670 ; Keyboard_Controller:kb|bit_count[2] ; Keyboard_Controller:kb|shift_reg[1] ; PS2_CLK      ; PS2_CLK     ; 1.000        ; 0.312      ; 2.018      ;
; -0.669 ; Keyboard_Controller:kb|bit_count[3] ; Keyboard_Controller:kb|shift_reg[2] ; PS2_CLK      ; PS2_CLK     ; 1.000        ; 0.340      ; 2.045      ;
; -0.661 ; Keyboard_Controller:kb|bit_count[3] ; Keyboard_Controller:kb|shift_reg[1] ; PS2_CLK      ; PS2_CLK     ; 1.000        ; 0.312      ; 2.009      ;
; -0.660 ; Keyboard_Controller:kb|bit_count[1] ; Keyboard_Controller:kb|shift_reg[7] ; PS2_CLK      ; PS2_CLK     ; 1.000        ; 0.340      ; 2.036      ;
; -0.650 ; Keyboard_Controller:kb|bit_count[3] ; Keyboard_Controller:kb|shift_reg[4] ; PS2_CLK      ; PS2_CLK     ; 1.000        ; 0.312      ; 1.998      ;
; -0.636 ; Keyboard_Controller:kb|bit_count[3] ; Keyboard_Controller:kb|shift_reg[8] ; PS2_CLK      ; PS2_CLK     ; 1.000        ; 0.340      ; 2.012      ;
; -0.628 ; Keyboard_Controller:kb|bit_count[2] ; Keyboard_Controller:kb|shift_reg[3] ; PS2_CLK      ; PS2_CLK     ; 1.000        ; 0.340      ; 2.004      ;
; -0.623 ; Keyboard_Controller:kb|bit_count[3] ; Keyboard_Controller:kb|shift_reg[5] ; PS2_CLK      ; PS2_CLK     ; 1.000        ; 0.340      ; 1.999      ;
; -0.622 ; Keyboard_Controller:kb|direction[4] ; Keyboard_Controller:kb|direction[4] ; PS2_CLK      ; PS2_CLK     ; 1.000        ; 0.000      ; 1.658      ;
; -0.619 ; Keyboard_Controller:kb|bit_count[3] ; Keyboard_Controller:kb|shift_reg[3] ; PS2_CLK      ; PS2_CLK     ; 1.000        ; 0.340      ; 1.995      ;
; -0.606 ; Keyboard_Controller:kb|bit_count[2] ; Keyboard_Controller:kb|shift_reg[8] ; PS2_CLK      ; PS2_CLK     ; 1.000        ; 0.340      ; 1.982      ;
; -0.595 ; Keyboard_Controller:kb|reset_cmd    ; Keyboard_Controller:kb|reset_cmd    ; PS2_CLK      ; PS2_CLK     ; 1.000        ; 0.000      ; 1.631      ;
; -0.540 ; Keyboard_Controller:kb|bit_count[0] ; Keyboard_Controller:kb|shift_reg[2] ; PS2_CLK      ; PS2_CLK     ; 1.000        ; 0.340      ; 1.916      ;
; -0.533 ; Keyboard_Controller:kb|bit_count[0] ; Keyboard_Controller:kb|shift_reg[1] ; PS2_CLK      ; PS2_CLK     ; 1.000        ; 0.312      ; 1.881      ;
; -0.521 ; Keyboard_Controller:kb|bit_count[0] ; Keyboard_Controller:kb|shift_reg[4] ; PS2_CLK      ; PS2_CLK     ; 1.000        ; 0.312      ; 1.869      ;
; -0.494 ; Keyboard_Controller:kb|bit_count[0] ; Keyboard_Controller:kb|shift_reg[5] ; PS2_CLK      ; PS2_CLK     ; 1.000        ; 0.340      ; 1.870      ;
+--------+-------------------------------------+-------------------------------------+--------------+-------------+--------------+------------+------------+


+-------------------------------------------------------------------------------------------------------------------------------------------------------------------+
; Slow Model Hold: 'CLOCK_50'                                                                                                                                       ;
+--------+--------------------------------+-----------------------------------+------------------------------+-------------+--------------+------------+------------+
; Slack  ; From Node                      ; To Node                           ; Launch Clock                 ; Latch Clock ; Relationship ; Clock Skew ; Data Delay ;
+--------+--------------------------------+-----------------------------------+------------------------------+-------------+--------------+------------+------------+
; -2.530 ; Game_Clock:clk_gen|game_tick   ; Game_Clock:clk_gen|game_tick      ; Game_Clock:clk_gen|game_tick ; CLOCK_50    ; 0.000        ; 2.671      ; 0.657      ;
; -2.030 ; Game_Clock:clk_gen|game_tick   ; Game_Clock:clk_gen|game_tick      ; Game_Clock:clk_gen|game_tick ; CLOCK_50    ; -0.500       ; 2.671      ; 0.657      ;
; 0.535  ; Game_Clock:clk_gen|counter[23] ; Game_Clock:clk_gen|counter[23]    ; CLOCK_50                     ; CLOCK_50    ; 0.000        ; 0.000      ; 0.801      ;
; 0.549  ; Random_Generator:rng|cnt_x[6]  ; Random_Generator:rng|cnt_x[6]     ; CLOCK_50                     ; CLOCK_50    ; 0.000        ; 0.000      ; 0.815      ;
; 0.568  ; Random_Generator:rng|cnt_y[5]  ; Random_Generator:rng|cnt_y[5]     ; CLOCK_50                     ; CLOCK_50    ; 0.000        ; 0.000      ; 0.834      ;
; 0.795  ; Game_Clock:clk_gen|counter[0]  ; Game_Clock:clk_gen|counter[0]     ; CLOCK_50                     ; CLOCK_50    ; 0.000        ; 0.000      ; 1.061      ;
; 0.795  ; Game_Clock:clk_gen|counter[3]  ; Game_Clock:clk_gen|counter[3]     ; CLOCK_50                     ; CLOCK_50    ; 0.000        ; 0.000      ; 1.061      ;
; 0.799  ; Game_Clock:clk_gen|counter[12] ; Game_Clock:clk_gen|counter[12]    ; CLOCK_50                     ; CLOCK_50    ; 0.000        ; 0.000      ; 1.065      ;
; 0.801  ; VGA_Controller:vga|pixel_y[0]  ; VGA_Controller:vga|pixel_y[0]     ; CLOCK_50                     ; CLOCK_50    ; 0.000        ; 0.000      ; 1.067      ;
; 0.806  ; VGA_Controller:vga|pixel_x[0]  ; VGA_Controller:vga|pixel_x[0]     ; CLOCK_50                     ; CLOCK_50    ; 0.000        ; 0.000      ; 1.072      ;
; 0.806  ; Game_Clock:clk_gen|counter[9]  ; Game_Clock:clk_gen|counter[9]     ; CLOCK_50                     ; CLOCK_50    ; 0.000        ; 0.000      ; 1.072      ;
; 0.806  ; Game_Clock:clk_gen|counter[10] ; Game_Clock:clk_gen|counter[10]    ; CLOCK_50                     ; CLOCK_50    ; 0.000        ; 0.000      ; 1.072      ;
; 0.806  ; Game_Clock:clk_gen|counter[11] ; Game_Clock:clk_gen|counter[11]    ; CLOCK_50                     ; CLOCK_50    ; 0.000        ; 0.000      ; 1.072      ;
; 0.806  ; Game_Clock:clk_gen|counter[14] ; Game_Clock:clk_gen|counter[14]    ; CLOCK_50                     ; CLOCK_50    ; 0.000        ; 0.000      ; 1.072      ;
; 0.806  ; Game_Clock:clk_gen|counter[16] ; Game_Clock:clk_gen|counter[16]    ; CLOCK_50                     ; CLOCK_50    ; 0.000        ; 0.000      ; 1.072      ;
; 0.806  ; Game_Clock:clk_gen|counter[19] ; Game_Clock:clk_gen|counter[19]    ; CLOCK_50                     ; CLOCK_50    ; 0.000        ; 0.000      ; 1.072      ;
; 0.809  ; Game_Clock:clk_gen|counter[5]  ; Game_Clock:clk_gen|counter[5]     ; CLOCK_50                     ; CLOCK_50    ; 0.000        ; 0.000      ; 1.075      ;
; 0.809  ; Game_Clock:clk_gen|counter[7]  ; Game_Clock:clk_gen|counter[7]     ; CLOCK_50                     ; CLOCK_50    ; 0.000        ; 0.000      ; 1.075      ;
; 0.809  ; Game_Clock:clk_gen|counter[21] ; Game_Clock:clk_gen|counter[21]    ; CLOCK_50                     ; CLOCK_50    ; 0.000        ; 0.000      ; 1.075      ;
; 0.811  ; Game_Clock:clk_gen|counter[13] ; Game_Clock:clk_gen|counter[13]    ; CLOCK_50                     ; CLOCK_50    ; 0.000        ; 0.000      ; 1.077      ;
; 0.812  ; Random_Generator:rng|cnt_x[2]  ; Random_Generator:rng|cnt_x[2]     ; CLOCK_50                     ; CLOCK_50    ; 0.000        ; 0.000      ; 1.078      ;
; 0.812  ; Random_Generator:rng|cnt_x[4]  ; Random_Generator:rng|cnt_x[4]     ; CLOCK_50                     ; CLOCK_50    ; 0.000        ; 0.000      ; 1.078      ;
; 0.831  ; Game_Clock:clk_gen|counter[1]  ; Game_Clock:clk_gen|counter[1]     ; CLOCK_50                     ; CLOCK_50    ; 0.000        ; 0.000      ; 1.097      ;
; 0.831  ; Game_Clock:clk_gen|counter[2]  ; Game_Clock:clk_gen|counter[2]     ; CLOCK_50                     ; CLOCK_50    ; 0.000        ; 0.000      ; 1.097      ;
; 0.831  ; Game_Clock:clk_gen|counter[4]  ; Game_Clock:clk_gen|counter[4]     ; CLOCK_50                     ; CLOCK_50    ; 0.000        ; 0.000      ; 1.097      ;
; 0.835  ; VGA_Controller:vga|pixel_y[2]  ; VGA_Controller:vga|pixel_y[2]     ; CLOCK_50                     ; CLOCK_50    ; 0.000        ; 0.000      ; 1.101      ;
; 0.835  ; Random_Generator:rng|cnt_y[4]  ; Random_Generator:rng|cnt_y[4]     ; CLOCK_50                     ; CLOCK_50    ; 0.000        ; 0.000      ; 1.101      ;
; 0.835  ; Game_Clock:clk_gen|counter[15] ; Game_Clock:clk_gen|counter[15]    ; CLOCK_50                     ; CLOCK_50    ; 0.000        ; 0.000      ; 1.101      ;
; 0.835  ; Game_Clock:clk_gen|counter[17] ; Game_Clock:clk_gen|counter[17]    ; CLOCK_50                     ; CLOCK_50    ; 0.000        ; 0.000      ; 1.101      ;
; 0.838  ; VGA_Controller:vga|pixel_x[2]  ; VGA_Controller:vga|pixel_x[2]     ; CLOCK_50                     ; CLOCK_50    ; 0.000        ; 0.000      ; 1.104      ;
; 0.838  ; Game_Clock:clk_gen|counter[6]  ; Game_Clock:clk_gen|counter[6]     ; CLOCK_50                     ; CLOCK_50    ; 0.000        ; 0.000      ; 1.104      ;
; 0.838  ; Game_Clock:clk_gen|counter[8]  ; Game_Clock:clk_gen|counter[8]     ; CLOCK_50                     ; CLOCK_50    ; 0.000        ; 0.000      ; 1.104      ;
; 0.838  ; Game_Clock:clk_gen|counter[22] ; Game_Clock:clk_gen|counter[22]    ; CLOCK_50                     ; CLOCK_50    ; 0.000        ; 0.000      ; 1.104      ;
; 0.841  ; Game_Clock:clk_gen|counter[20] ; Game_Clock:clk_gen|counter[20]    ; CLOCK_50                     ; CLOCK_50    ; 0.000        ; 0.000      ; 1.107      ;
; 0.845  ; Random_Generator:rng|cnt_x[5]  ; Random_Generator:rng|cnt_x[5]     ; CLOCK_50                     ; CLOCK_50    ; 0.000        ; 0.000      ; 1.111      ;
; 0.860  ; Random_Generator:rng|cnt_y[2]  ; Random_Generator:rng|cnt_y[2]     ; CLOCK_50                     ; CLOCK_50    ; 0.000        ; 0.000      ; 1.126      ;
; 0.992  ; Game_Clock:clk_gen|counter[18] ; Game_Clock:clk_gen|counter[18]    ; CLOCK_50                     ; CLOCK_50    ; 0.000        ; 0.000      ; 1.258      ;
; 1.178  ; Game_Clock:clk_gen|counter[0]  ; Game_Clock:clk_gen|counter[1]     ; CLOCK_50                     ; CLOCK_50    ; 0.000        ; 0.000      ; 1.444      ;
; 1.181  ; VGA_Controller:vga|pixel_x[1]  ; VGA_Controller:vga|pixel_x[2]     ; CLOCK_50                     ; CLOCK_50    ; 0.000        ; 0.000      ; 1.447      ;
; 1.182  ; Game_Clock:clk_gen|counter[12] ; Game_Clock:clk_gen|counter[13]    ; CLOCK_50                     ; CLOCK_50    ; 0.000        ; 0.000      ; 1.448      ;
; 1.189  ; Game_Clock:clk_gen|counter[9]  ; Game_Clock:clk_gen|counter[10]    ; CLOCK_50                     ; CLOCK_50    ; 0.000        ; 0.000      ; 1.455      ;
; 1.189  ; Game_Clock:clk_gen|counter[10] ; Game_Clock:clk_gen|counter[11]    ; CLOCK_50                     ; CLOCK_50    ; 0.000        ; 0.000      ; 1.455      ;
; 1.189  ; Game_Clock:clk_gen|counter[14] ; Game_Clock:clk_gen|counter[15]    ; CLOCK_50                     ; CLOCK_50    ; 0.000        ; 0.000      ; 1.455      ;
; 1.189  ; Game_Clock:clk_gen|counter[16] ; Game_Clock:clk_gen|counter[17]    ; CLOCK_50                     ; CLOCK_50    ; 0.000        ; 0.000      ; 1.455      ;
; 1.192  ; Game_Clock:clk_gen|counter[5]  ; Game_Clock:clk_gen|counter[6]     ; CLOCK_50                     ; CLOCK_50    ; 0.000        ; 0.000      ; 1.458      ;
; 1.192  ; Game_Clock:clk_gen|counter[7]  ; Game_Clock:clk_gen|counter[8]     ; CLOCK_50                     ; CLOCK_50    ; 0.000        ; 0.000      ; 1.458      ;
; 1.192  ; Game_Clock:clk_gen|counter[21] ; Game_Clock:clk_gen|counter[22]    ; CLOCK_50                     ; CLOCK_50    ; 0.000        ; 0.000      ; 1.458      ;
; 1.194  ; Game_Clock:clk_gen|counter[13] ; Game_Clock:clk_gen|counter[14]    ; CLOCK_50                     ; CLOCK_50    ; 0.000        ; 0.000      ; 1.460      ;
; 1.195  ; VGA_Controller:vga|pixel_x[1]  ; VGA_Controller:vga|pixel_x[1]     ; CLOCK_50                     ; CLOCK_50    ; 0.000        ; 0.000      ; 1.461      ;
; 1.195  ; Random_Generator:rng|cnt_x[4]  ; Random_Generator:rng|cnt_x[5]     ; CLOCK_50                     ; CLOCK_50    ; 0.000        ; 0.000      ; 1.461      ;
; 1.200  ; VGA_Controller:vga|pixel_y[4]  ; VGA_Controller:vga|pixel_y[4]     ; CLOCK_50                     ; CLOCK_50    ; 0.000        ; 0.000      ; 1.466      ;
; 1.211  ; Random_Generator:rng|cnt_x[3]  ; Random_Generator:rng|cnt_x[4]     ; CLOCK_50                     ; CLOCK_50    ; 0.000        ; 0.000      ; 1.477      ;
; 1.212  ; VGA_Controller:vga|pixel_x[5]  ; VGA_Controller:vga|pixel_x[5]     ; CLOCK_50                     ; CLOCK_50    ; 0.000        ; 0.000      ; 1.478      ;
; 1.217  ; Game_Clock:clk_gen|counter[2]  ; Game_Clock:clk_gen|counter[3]     ; CLOCK_50                     ; CLOCK_50    ; 0.000        ; 0.000      ; 1.483      ;
; 1.217  ; Game_Clock:clk_gen|counter[4]  ; Game_Clock:clk_gen|counter[5]     ; CLOCK_50                     ; CLOCK_50    ; 0.000        ; 0.000      ; 1.483      ;
; 1.217  ; Game_Clock:clk_gen|counter[1]  ; Game_Clock:clk_gen|counter[2]     ; CLOCK_50                     ; CLOCK_50    ; 0.000        ; 0.000      ; 1.483      ;
; 1.218  ; Random_Generator:rng|cnt_y[4]  ; Random_Generator:rng|cnt_y[5]     ; CLOCK_50                     ; CLOCK_50    ; 0.000        ; 0.000      ; 1.484      ;
; 1.221  ; Game_Clock:clk_gen|counter[15] ; Game_Clock:clk_gen|counter[16]    ; CLOCK_50                     ; CLOCK_50    ; 0.000        ; 0.000      ; 1.487      ;
; 1.221  ; Game_Clock:clk_gen|counter[17] ; Game_Clock:clk_gen|counter[18]    ; CLOCK_50                     ; CLOCK_50    ; 0.000        ; 0.000      ; 1.487      ;
; 1.223  ; Random_Generator:rng|cnt_x[1]  ; Random_Generator:rng|rnd_x[2]     ; CLOCK_50                     ; CLOCK_50    ; 0.000        ; 0.002      ; 1.491      ;
; 1.223  ; Random_Generator:rng|cnt_y[3]  ; Random_Generator:rng|cnt_y[4]     ; CLOCK_50                     ; CLOCK_50    ; 0.000        ; 0.000      ; 1.489      ;
; 1.224  ; Game_Clock:clk_gen|counter[22] ; Game_Clock:clk_gen|counter[23]    ; CLOCK_50                     ; CLOCK_50    ; 0.000        ; 0.000      ; 1.490      ;
; 1.224  ; Game_Clock:clk_gen|counter[8]  ; Game_Clock:clk_gen|counter[9]     ; CLOCK_50                     ; CLOCK_50    ; 0.000        ; 0.000      ; 1.490      ;
; 1.224  ; Game_Clock:clk_gen|counter[6]  ; Game_Clock:clk_gen|counter[7]     ; CLOCK_50                     ; CLOCK_50    ; 0.000        ; 0.000      ; 1.490      ;
; 1.227  ; Game_Clock:clk_gen|counter[20] ; Game_Clock:clk_gen|counter[21]    ; CLOCK_50                     ; CLOCK_50    ; 0.000        ; 0.000      ; 1.493      ;
; 1.231  ; Random_Generator:rng|cnt_x[5]  ; Random_Generator:rng|cnt_x[6]     ; CLOCK_50                     ; CLOCK_50    ; 0.000        ; 0.000      ; 1.497      ;
; 1.233  ; Random_Generator:rng|cnt_y[3]  ; Random_Generator:rng|cnt_y[3]     ; CLOCK_50                     ; CLOCK_50    ; 0.000        ; 0.000      ; 1.499      ;
; 1.238  ; Random_Generator:rng|cnt_x[1]  ; Random_Generator:rng|cnt_x[2]     ; CLOCK_50                     ; CLOCK_50    ; 0.000        ; 0.000      ; 1.504      ;
; 1.249  ; Game_Clock:clk_gen|counter[0]  ; Game_Clock:clk_gen|counter[2]     ; CLOCK_50                     ; CLOCK_50    ; 0.000        ; 0.000      ; 1.515      ;
; 1.253  ; Game_Clock:clk_gen|counter[12] ; Game_Clock:clk_gen|counter[14]    ; CLOCK_50                     ; CLOCK_50    ; 0.000        ; 0.000      ; 1.519      ;
; 1.255  ; VGA_Controller:vga|pixel_y[0]  ; VGA_Controller:vga|pixel_y[2]     ; CLOCK_50                     ; CLOCK_50    ; 0.000        ; 0.000      ; 1.521      ;
; 1.257  ; VGA_Controller:vga|pixel_x[10] ; Game_Logic:logic_core|is_obstacle ; CLOCK_50                     ; CLOCK_50    ; 0.000        ; 0.018      ; 1.541      ;
; 1.260  ; VGA_Controller:vga|pixel_x[0]  ; VGA_Controller:vga|pixel_x[2]     ; CLOCK_50                     ; CLOCK_50    ; 0.000        ; 0.000      ; 1.526      ;
; 1.260  ; Game_Clock:clk_gen|counter[9]  ; Game_Clock:clk_gen|counter[11]    ; CLOCK_50                     ; CLOCK_50    ; 0.000        ; 0.000      ; 1.526      ;
; 1.260  ; Game_Clock:clk_gen|counter[14] ; Game_Clock:clk_gen|counter[16]    ; CLOCK_50                     ; CLOCK_50    ; 0.000        ; 0.000      ; 1.526      ;
; 1.260  ; Game_Clock:clk_gen|counter[16] ; Game_Clock:clk_gen|counter[18]    ; CLOCK_50                     ; CLOCK_50    ; 0.000        ; 0.000      ; 1.526      ;
; 1.263  ; Game_Clock:clk_gen|counter[21] ; Game_Clock:clk_gen|counter[23]    ; CLOCK_50                     ; CLOCK_50    ; 0.000        ; 0.000      ; 1.529      ;
; 1.263  ; Game_Clock:clk_gen|counter[7]  ; Game_Clock:clk_gen|counter[9]     ; CLOCK_50                     ; CLOCK_50    ; 0.000        ; 0.000      ; 1.529      ;
; 1.263  ; Game_Clock:clk_gen|counter[5]  ; Game_Clock:clk_gen|counter[7]     ; CLOCK_50                     ; CLOCK_50    ; 0.000        ; 0.000      ; 1.529      ;
; 1.265  ; Game_Clock:clk_gen|counter[13] ; Game_Clock:clk_gen|counter[15]    ; CLOCK_50                     ; CLOCK_50    ; 0.000        ; 0.000      ; 1.531      ;
; 1.266  ; Random_Generator:rng|cnt_x[2]  ; Random_Generator:rng|cnt_x[4]     ; CLOCK_50                     ; CLOCK_50    ; 0.000        ; 0.000      ; 1.532      ;
; 1.266  ; Random_Generator:rng|cnt_x[4]  ; Random_Generator:rng|cnt_x[6]     ; CLOCK_50                     ; CLOCK_50    ; 0.000        ; 0.000      ; 1.532      ;
; 1.270  ; Game_Clock:clk_gen|counter[3]  ; Game_Clock:clk_gen|counter[4]     ; CLOCK_50                     ; CLOCK_50    ; 0.000        ; 0.000      ; 1.536      ;
; 1.281  ; Game_Clock:clk_gen|counter[19] ; Game_Clock:clk_gen|counter[20]    ; CLOCK_50                     ; CLOCK_50    ; 0.000        ; 0.000      ; 1.547      ;
; 1.282  ; Random_Generator:rng|cnt_x[3]  ; Random_Generator:rng|cnt_x[5]     ; CLOCK_50                     ; CLOCK_50    ; 0.000        ; 0.000      ; 1.548      ;
; 1.283  ; Game_Clock:clk_gen|counter[11] ; Game_Clock:clk_gen|counter[12]    ; CLOCK_50                     ; CLOCK_50    ; 0.000        ; -0.002     ; 1.547      ;
; 1.288  ; Game_Clock:clk_gen|counter[4]  ; Game_Clock:clk_gen|counter[6]     ; CLOCK_50                     ; CLOCK_50    ; 0.000        ; 0.000      ; 1.554      ;
; 1.288  ; Game_Clock:clk_gen|counter[1]  ; Game_Clock:clk_gen|counter[3]     ; CLOCK_50                     ; CLOCK_50    ; 0.000        ; 0.000      ; 1.554      ;
; 1.292  ; Game_Clock:clk_gen|counter[17] ; Game_Clock:clk_gen|counter[19]    ; CLOCK_50                     ; CLOCK_50    ; 0.000        ; 0.000      ; 1.558      ;
; 1.292  ; Game_Clock:clk_gen|counter[15] ; Game_Clock:clk_gen|counter[17]    ; CLOCK_50                     ; CLOCK_50    ; 0.000        ; 0.000      ; 1.558      ;
; 1.294  ; Random_Generator:rng|cnt_y[3]  ; Random_Generator:rng|cnt_y[5]     ; CLOCK_50                     ; CLOCK_50    ; 0.000        ; 0.000      ; 1.560      ;
; 1.295  ; Game_Clock:clk_gen|counter[8]  ; Game_Clock:clk_gen|counter[10]    ; CLOCK_50                     ; CLOCK_50    ; 0.000        ; 0.000      ; 1.561      ;
; 1.295  ; Game_Clock:clk_gen|counter[6]  ; Game_Clock:clk_gen|counter[8]     ; CLOCK_50                     ; CLOCK_50    ; 0.000        ; 0.000      ; 1.561      ;
; 1.297  ; VGA_Controller:vga|blank_n     ; VGA_R[6]~reg0                     ; CLOCK_50                     ; CLOCK_50    ; 0.000        ; 0.008      ; 1.571      ;
; 1.298  ; Game_Clock:clk_gen|counter[20] ; Game_Clock:clk_gen|counter[22]    ; CLOCK_50                     ; CLOCK_50    ; 0.000        ; 0.000      ; 1.564      ;
; 1.317  ; Random_Generator:rng|cnt_y[2]  ; Random_Generator:rng|cnt_y[4]     ; CLOCK_50                     ; CLOCK_50    ; 0.000        ; 0.000      ; 1.583      ;
; 1.320  ; Game_Clock:clk_gen|counter[0]  ; Game_Clock:clk_gen|counter[3]     ; CLOCK_50                     ; CLOCK_50    ; 0.000        ; 0.000      ; 1.586      ;
; 1.324  ; Game_Clock:clk_gen|counter[12] ; Game_Clock:clk_gen|counter[15]    ; CLOCK_50                     ; CLOCK_50    ; 0.000        ; 0.000      ; 1.590      ;
; 1.331  ; Game_Clock:clk_gen|counter[16] ; Game_Clock:clk_gen|counter[19]    ; CLOCK_50                     ; CLOCK_50    ; 0.000        ; 0.000      ; 1.597      ;
; 1.331  ; Game_Clock:clk_gen|counter[14] ; Game_Clock:clk_gen|counter[17]    ; CLOCK_50                     ; CLOCK_50    ; 0.000        ; 0.000      ; 1.597      ;
+--------+--------------------------------+-----------------------------------+------------------------------+-------------+--------------+------------+------------+


+--------------------------------------------------------------------------------------------------------------------------------------------------------------------------------------------------------+
; Slow Model Hold: 'Game_Clock:clk_gen|game_tick'                                                                                                                                                        ;
+-------+--------------------------------------------+--------------------------------------------+------------------------------+------------------------------+--------------+------------+------------+
; Slack ; From Node                                  ; To Node                                    ; Launch Clock                 ; Latch Clock                  ; Relationship ; Clock Skew ; Data Delay ;
+-------+--------------------------------------------+--------------------------------------------+------------------------------+------------------------------+--------------+------------+------------+
; 0.213 ; Random_Generator:rng|rnd_y[7]              ; Game_Logic:logic_core|apple_y[7]           ; CLOCK_50                     ; Game_Clock:clk_gen|game_tick ; 0.000        ; 0.453      ; 0.932      ;
; 0.337 ; Random_Generator:rng|rnd_x[6]              ; Game_Logic:logic_core|apple_x[6]           ; CLOCK_50                     ; Game_Clock:clk_gen|game_tick ; 0.000        ; 0.453      ; 1.056      ;
; 0.370 ; Random_Generator:rng|rnd_y[2]              ; Game_Logic:logic_core|apple_y[2]           ; CLOCK_50                     ; Game_Clock:clk_gen|game_tick ; 0.000        ; 0.452      ; 1.088      ;
; 0.391 ; Game_Logic:logic_core|cur_dir[4]           ; Game_Logic:logic_core|cur_dir[4]           ; Game_Clock:clk_gen|game_tick ; Game_Clock:clk_gen|game_tick ; 0.000        ; 0.000      ; 0.657      ;
; 0.391 ; Game_Logic:logic_core|current_state.S_PLAY ; Game_Logic:logic_core|current_state.S_PLAY ; Game_Clock:clk_gen|game_tick ; Game_Clock:clk_gen|game_tick ; 0.000        ; 0.000      ; 0.657      ;
; 0.391 ; Game_Logic:logic_core|game_over            ; Game_Logic:logic_core|game_over            ; Game_Clock:clk_gen|game_tick ; Game_Clock:clk_gen|game_tick ; 0.000        ; 0.000      ; 0.657      ;
; 0.394 ; Random_Generator:rng|rnd_y[3]              ; Game_Logic:logic_core|apple_y[3]           ; CLOCK_50                     ; Game_Clock:clk_gen|game_tick ; 0.000        ; 0.453      ; 1.113      ;
; 0.396 ; Random_Generator:rng|rnd_x[10]             ; Game_Logic:logic_core|apple_x[2]           ; CLOCK_50                     ; Game_Clock:clk_gen|game_tick ; 0.000        ; 0.453      ; 1.115      ;
; 0.426 ; Random_Generator:rng|rnd_x[10]             ; Game_Logic:logic_core|apple_x[3]           ; CLOCK_50                     ; Game_Clock:clk_gen|game_tick ; 0.000        ; 0.453      ; 1.145      ;
; 0.427 ; Random_Generator:rng|rnd_x[10]             ; Game_Logic:logic_core|apple_x[4]           ; CLOCK_50                     ; Game_Clock:clk_gen|game_tick ; 0.000        ; 0.453      ; 1.146      ;
; 0.428 ; Random_Generator:rng|rnd_x[10]             ; Game_Logic:logic_core|apple_x[9]           ; CLOCK_50                     ; Game_Clock:clk_gen|game_tick ; 0.000        ; 0.453      ; 1.147      ;
; 0.429 ; Random_Generator:rng|rnd_x[10]             ; Game_Logic:logic_core|apple_x[1]           ; CLOCK_50                     ; Game_Clock:clk_gen|game_tick ; 0.000        ; 0.453      ; 1.148      ;
; 0.513 ; Random_Generator:rng|rnd_x[5]              ; Game_Logic:logic_core|apple_x[5]           ; CLOCK_50                     ; Game_Clock:clk_gen|game_tick ; 0.000        ; 0.453      ; 1.232      ;
; 0.515 ; Random_Generator:rng|rnd_y[5]              ; Game_Logic:logic_core|apple_y[5]           ; CLOCK_50                     ; Game_Clock:clk_gen|game_tick ; 0.000        ; 0.452      ; 1.233      ;
; 0.516 ; Game_Logic:logic_core|snake_y[117][1]      ; Game_Logic:logic_core|snake_y[118][1]      ; Game_Clock:clk_gen|game_tick ; Game_Clock:clk_gen|game_tick ; 0.000        ; 0.000      ; 0.782      ;
; 0.516 ; Game_Logic:logic_core|snake_y[100][9]      ; Game_Logic:logic_core|snake_y[101][9]      ; Game_Clock:clk_gen|game_tick ; Game_Clock:clk_gen|game_tick ; 0.000        ; 0.000      ; 0.782      ;
; 0.517 ; Game_Logic:logic_core|snake_x[82][1]       ; Game_Logic:logic_core|snake_x[83][1]       ; Game_Clock:clk_gen|game_tick ; Game_Clock:clk_gen|game_tick ; 0.000        ; 0.000      ; 0.783      ;
; 0.518 ; Game_Logic:logic_core|snake_x[86][5]       ; Game_Logic:logic_core|snake_x[87][5]       ; Game_Clock:clk_gen|game_tick ; Game_Clock:clk_gen|game_tick ; 0.000        ; 0.000      ; 0.784      ;
; 0.518 ; Game_Logic:logic_core|snake_y[75][9]       ; Game_Logic:logic_core|snake_y[76][9]       ; Game_Clock:clk_gen|game_tick ; Game_Clock:clk_gen|game_tick ; 0.000        ; 0.000      ; 0.784      ;
; 0.518 ; Game_Logic:logic_core|snake_x[98][9]       ; Game_Logic:logic_core|snake_x[99][9]       ; Game_Clock:clk_gen|game_tick ; Game_Clock:clk_gen|game_tick ; 0.000        ; 0.000      ; 0.784      ;
; 0.519 ; Game_Logic:logic_core|snake_x[75][4]       ; Game_Logic:logic_core|snake_x[76][4]       ; Game_Clock:clk_gen|game_tick ; Game_Clock:clk_gen|game_tick ; 0.000        ; 0.000      ; 0.785      ;
; 0.519 ; Game_Logic:logic_core|snake_y[83][6]       ; Game_Logic:logic_core|snake_y[84][6]       ; Game_Clock:clk_gen|game_tick ; Game_Clock:clk_gen|game_tick ; 0.000        ; 0.000      ; 0.785      ;
; 0.519 ; Game_Logic:logic_core|snake_y[86][1]       ; Game_Logic:logic_core|snake_y[87][1]       ; Game_Clock:clk_gen|game_tick ; Game_Clock:clk_gen|game_tick ; 0.000        ; 0.000      ; 0.785      ;
; 0.519 ; Game_Logic:logic_core|snake_y[75][2]       ; Game_Logic:logic_core|snake_y[76][2]       ; Game_Clock:clk_gen|game_tick ; Game_Clock:clk_gen|game_tick ; 0.000        ; 0.000      ; 0.785      ;
; 0.519 ; Game_Logic:logic_core|snake_y[93][6]       ; Game_Logic:logic_core|snake_y[94][6]       ; Game_Clock:clk_gen|game_tick ; Game_Clock:clk_gen|game_tick ; 0.000        ; 0.000      ; 0.785      ;
; 0.519 ; Game_Logic:logic_core|snake_x[95][6]       ; Game_Logic:logic_core|snake_x[96][6]       ; Game_Clock:clk_gen|game_tick ; Game_Clock:clk_gen|game_tick ; 0.000        ; 0.000      ; 0.785      ;
; 0.519 ; Game_Logic:logic_core|snake_y[90][2]       ; Game_Logic:logic_core|snake_y[91][2]       ; Game_Clock:clk_gen|game_tick ; Game_Clock:clk_gen|game_tick ; 0.000        ; 0.000      ; 0.785      ;
; 0.519 ; Game_Logic:logic_core|snake_x[110][10]     ; Game_Logic:logic_core|snake_x[111][10]     ; Game_Clock:clk_gen|game_tick ; Game_Clock:clk_gen|game_tick ; 0.000        ; 0.000      ; 0.785      ;
; 0.519 ; Game_Logic:logic_core|snake_y[112][4]      ; Game_Logic:logic_core|snake_y[113][4]      ; Game_Clock:clk_gen|game_tick ; Game_Clock:clk_gen|game_tick ; 0.000        ; 0.000      ; 0.785      ;
; 0.520 ; Game_Logic:logic_core|snake_y[119][3]      ; Game_Logic:logic_core|snake_y[120][3]      ; Game_Clock:clk_gen|game_tick ; Game_Clock:clk_gen|game_tick ; 0.000        ; 0.000      ; 0.786      ;
; 0.520 ; Game_Logic:logic_core|snake_x[125][10]     ; Game_Logic:logic_core|snake_x[126][10]     ; Game_Clock:clk_gen|game_tick ; Game_Clock:clk_gen|game_tick ; 0.000        ; 0.000      ; 0.786      ;
; 0.520 ; Game_Logic:logic_core|snake_x[118][3]      ; Game_Logic:logic_core|snake_x[119][3]      ; Game_Clock:clk_gen|game_tick ; Game_Clock:clk_gen|game_tick ; 0.000        ; 0.000      ; 0.786      ;
; 0.521 ; Game_Logic:logic_core|snake_x[76][4]       ; Game_Logic:logic_core|snake_x[77][4]       ; Game_Clock:clk_gen|game_tick ; Game_Clock:clk_gen|game_tick ; 0.000        ; 0.000      ; 0.787      ;
; 0.521 ; Game_Logic:logic_core|snake_x[91][2]       ; Game_Logic:logic_core|snake_x[92][2]       ; Game_Clock:clk_gen|game_tick ; Game_Clock:clk_gen|game_tick ; 0.000        ; 0.000      ; 0.787      ;
; 0.521 ; Game_Logic:logic_core|snake_y[115][9]      ; Game_Logic:logic_core|snake_y[116][9]      ; Game_Clock:clk_gen|game_tick ; Game_Clock:clk_gen|game_tick ; 0.000        ; 0.000      ; 0.787      ;
; 0.521 ; Game_Logic:logic_core|snake_y[115][5]      ; Game_Logic:logic_core|snake_y[116][5]      ; Game_Clock:clk_gen|game_tick ; Game_Clock:clk_gen|game_tick ; 0.000        ; 0.000      ; 0.787      ;
; 0.521 ; Game_Logic:logic_core|snake_x[125][4]      ; Game_Logic:logic_core|snake_x[126][4]      ; Game_Clock:clk_gen|game_tick ; Game_Clock:clk_gen|game_tick ; 0.000        ; 0.000      ; 0.787      ;
; 0.521 ; Game_Logic:logic_core|snake_x[123][7]      ; Game_Logic:logic_core|snake_x[124][7]      ; Game_Clock:clk_gen|game_tick ; Game_Clock:clk_gen|game_tick ; 0.000        ; 0.000      ; 0.787      ;
; 0.522 ; Game_Logic:logic_core|snake_x[72][5]       ; Game_Logic:logic_core|snake_x[73][5]       ; Game_Clock:clk_gen|game_tick ; Game_Clock:clk_gen|game_tick ; 0.000        ; 0.000      ; 0.788      ;
; 0.522 ; Game_Logic:logic_core|snake_x[72][3]       ; Game_Logic:logic_core|snake_x[73][3]       ; Game_Clock:clk_gen|game_tick ; Game_Clock:clk_gen|game_tick ; 0.000        ; 0.000      ; 0.788      ;
; 0.522 ; Game_Logic:logic_core|snake_x[64][8]       ; Game_Logic:logic_core|snake_x[65][8]       ; Game_Clock:clk_gen|game_tick ; Game_Clock:clk_gen|game_tick ; 0.000        ; 0.000      ; 0.788      ;
; 0.522 ; Game_Logic:logic_core|snake_y[72][6]       ; Game_Logic:logic_core|snake_y[73][6]       ; Game_Clock:clk_gen|game_tick ; Game_Clock:clk_gen|game_tick ; 0.000        ; 0.000      ; 0.788      ;
; 0.522 ; Game_Logic:logic_core|snake_y[68][1]       ; Game_Logic:logic_core|snake_y[69][1]       ; Game_Clock:clk_gen|game_tick ; Game_Clock:clk_gen|game_tick ; 0.000        ; 0.000      ; 0.788      ;
; 0.522 ; Game_Logic:logic_core|snake_x[113][9]      ; Game_Logic:logic_core|snake_x[114][9]      ; Game_Clock:clk_gen|game_tick ; Game_Clock:clk_gen|game_tick ; 0.000        ; 0.000      ; 0.788      ;
; 0.522 ; Game_Logic:logic_core|snake_x[114][2]      ; Game_Logic:logic_core|snake_x[115][2]      ; Game_Clock:clk_gen|game_tick ; Game_Clock:clk_gen|game_tick ; 0.000        ; 0.000      ; 0.788      ;
; 0.522 ; Game_Logic:logic_core|snake_y[122][2]      ; Game_Logic:logic_core|snake_y[123][2]      ; Game_Clock:clk_gen|game_tick ; Game_Clock:clk_gen|game_tick ; 0.000        ; 0.000      ; 0.788      ;
; 0.522 ; Game_Logic:logic_core|snake_x[120][7]      ; Game_Logic:logic_core|snake_x[121][7]      ; Game_Clock:clk_gen|game_tick ; Game_Clock:clk_gen|game_tick ; 0.000        ; 0.000      ; 0.788      ;
; 0.523 ; Game_Logic:logic_core|snake_x[68][2]       ; Game_Logic:logic_core|snake_x[69][2]       ; Game_Clock:clk_gen|game_tick ; Game_Clock:clk_gen|game_tick ; 0.000        ; 0.000      ; 0.789      ;
; 0.523 ; Game_Logic:logic_core|snake_y[64][6]       ; Game_Logic:logic_core|snake_y[65][6]       ; Game_Clock:clk_gen|game_tick ; Game_Clock:clk_gen|game_tick ; 0.000        ; 0.000      ; 0.789      ;
; 0.523 ; Game_Logic:logic_core|snake_x[64][10]      ; Game_Logic:logic_core|snake_x[65][10]      ; Game_Clock:clk_gen|game_tick ; Game_Clock:clk_gen|game_tick ; 0.000        ; 0.000      ; 0.789      ;
; 0.523 ; Game_Logic:logic_core|snake_x[69][10]      ; Game_Logic:logic_core|snake_x[70][10]      ; Game_Clock:clk_gen|game_tick ; Game_Clock:clk_gen|game_tick ; 0.000        ; 0.000      ; 0.789      ;
; 0.523 ; Game_Logic:logic_core|snake_y[69][2]       ; Game_Logic:logic_core|snake_y[70][2]       ; Game_Clock:clk_gen|game_tick ; Game_Clock:clk_gen|game_tick ; 0.000        ; 0.000      ; 0.789      ;
; 0.523 ; Game_Logic:logic_core|snake_y[71][8]       ; Game_Logic:logic_core|snake_y[72][8]       ; Game_Clock:clk_gen|game_tick ; Game_Clock:clk_gen|game_tick ; 0.000        ; 0.000      ; 0.789      ;
; 0.523 ; Game_Logic:logic_core|snake_y[107][1]      ; Game_Logic:logic_core|snake_y[108][1]      ; Game_Clock:clk_gen|game_tick ; Game_Clock:clk_gen|game_tick ; 0.000        ; 0.000      ; 0.789      ;
; 0.523 ; Game_Logic:logic_core|snake_y[110][5]      ; Game_Logic:logic_core|snake_y[111][5]      ; Game_Clock:clk_gen|game_tick ; Game_Clock:clk_gen|game_tick ; 0.000        ; 0.000      ; 0.789      ;
; 0.523 ; Game_Logic:logic_core|snake_x[97][2]       ; Game_Logic:logic_core|snake_x[98][2]       ; Game_Clock:clk_gen|game_tick ; Game_Clock:clk_gen|game_tick ; 0.000        ; 0.000      ; 0.789      ;
; 0.523 ; Game_Logic:logic_core|snake_x[105][1]      ; Game_Logic:logic_core|snake_x[106][1]      ; Game_Clock:clk_gen|game_tick ; Game_Clock:clk_gen|game_tick ; 0.000        ; 0.000      ; 0.789      ;
; 0.523 ; Game_Logic:logic_core|snake_x[115][4]      ; Game_Logic:logic_core|snake_x[116][4]      ; Game_Clock:clk_gen|game_tick ; Game_Clock:clk_gen|game_tick ; 0.000        ; 0.000      ; 0.789      ;
; 0.523 ; Game_Logic:logic_core|snake_x[119][10]     ; Game_Logic:logic_core|snake_x[120][10]     ; Game_Clock:clk_gen|game_tick ; Game_Clock:clk_gen|game_tick ; 0.000        ; 0.000      ; 0.789      ;
; 0.524 ; Game_Logic:logic_core|snake_x[86][3]       ; Game_Logic:logic_core|snake_x[87][3]       ; Game_Clock:clk_gen|game_tick ; Game_Clock:clk_gen|game_tick ; 0.000        ; 0.000      ; 0.790      ;
; 0.524 ; Game_Logic:logic_core|snake_x[66][10]      ; Game_Logic:logic_core|snake_x[67][10]      ; Game_Clock:clk_gen|game_tick ; Game_Clock:clk_gen|game_tick ; 0.000        ; 0.000      ; 0.790      ;
; 0.524 ; Game_Logic:logic_core|snake_x[113][8]      ; Game_Logic:logic_core|snake_x[114][8]      ; Game_Clock:clk_gen|game_tick ; Game_Clock:clk_gen|game_tick ; 0.000        ; 0.000      ; 0.790      ;
; 0.524 ; Game_Logic:logic_core|snake_x[114][8]      ; Game_Logic:logic_core|snake_x[115][8]      ; Game_Clock:clk_gen|game_tick ; Game_Clock:clk_gen|game_tick ; 0.000        ; 0.000      ; 0.790      ;
; 0.524 ; Game_Logic:logic_core|snake_y[122][6]      ; Game_Logic:logic_core|snake_y[123][6]      ; Game_Clock:clk_gen|game_tick ; Game_Clock:clk_gen|game_tick ; 0.000        ; 0.000      ; 0.790      ;
; 0.525 ; Game_Logic:logic_core|snake_x[70][2]       ; Game_Logic:logic_core|snake_x[71][2]       ; Game_Clock:clk_gen|game_tick ; Game_Clock:clk_gen|game_tick ; 0.000        ; 0.000      ; 0.791      ;
; 0.525 ; Game_Logic:logic_core|snake_y[69][5]       ; Game_Logic:logic_core|snake_y[70][5]       ; Game_Clock:clk_gen|game_tick ; Game_Clock:clk_gen|game_tick ; 0.000        ; 0.000      ; 0.791      ;
; 0.525 ; Game_Logic:logic_core|snake_y[72][4]       ; Game_Logic:logic_core|snake_y[73][4]       ; Game_Clock:clk_gen|game_tick ; Game_Clock:clk_gen|game_tick ; 0.000        ; 0.000      ; 0.791      ;
; 0.525 ; Game_Logic:logic_core|snake_y[103][2]      ; Game_Logic:logic_core|snake_y[104][2]      ; Game_Clock:clk_gen|game_tick ; Game_Clock:clk_gen|game_tick ; 0.000        ; 0.000      ; 0.791      ;
; 0.525 ; Game_Logic:logic_core|snake_x[97][5]       ; Game_Logic:logic_core|snake_x[98][5]       ; Game_Clock:clk_gen|game_tick ; Game_Clock:clk_gen|game_tick ; 0.000        ; 0.000      ; 0.791      ;
; 0.526 ; Game_Logic:logic_core|snake_x[71][1]       ; Game_Logic:logic_core|snake_x[72][1]       ; Game_Clock:clk_gen|game_tick ; Game_Clock:clk_gen|game_tick ; 0.000        ; 0.000      ; 0.792      ;
; 0.526 ; Game_Logic:logic_core|snake_x[72][7]       ; Game_Logic:logic_core|snake_x[73][7]       ; Game_Clock:clk_gen|game_tick ; Game_Clock:clk_gen|game_tick ; 0.000        ; 0.000      ; 0.792      ;
; 0.526 ; Game_Logic:logic_core|snake_y[65][2]       ; Game_Logic:logic_core|snake_y[66][2]       ; Game_Clock:clk_gen|game_tick ; Game_Clock:clk_gen|game_tick ; 0.000        ; 0.000      ; 0.792      ;
; 0.526 ; Game_Logic:logic_core|snake_y[65][4]       ; Game_Logic:logic_core|snake_y[66][4]       ; Game_Clock:clk_gen|game_tick ; Game_Clock:clk_gen|game_tick ; 0.000        ; 0.000      ; 0.792      ;
; 0.526 ; Game_Logic:logic_core|snake_y[85][8]       ; Game_Logic:logic_core|snake_y[86][8]       ; Game_Clock:clk_gen|game_tick ; Game_Clock:clk_gen|game_tick ; 0.000        ; 0.000      ; 0.792      ;
; 0.526 ; Game_Logic:logic_core|snake_y[104][7]      ; Game_Logic:logic_core|snake_y[105][7]      ; Game_Clock:clk_gen|game_tick ; Game_Clock:clk_gen|game_tick ; 0.000        ; 0.000      ; 0.792      ;
; 0.526 ; Game_Logic:logic_core|snake_x[117][1]      ; Game_Logic:logic_core|snake_x[118][1]      ; Game_Clock:clk_gen|game_tick ; Game_Clock:clk_gen|game_tick ; 0.000        ; 0.000      ; 0.792      ;
; 0.526 ; Game_Logic:logic_core|snake_x[116][4]      ; Game_Logic:logic_core|snake_x[117][4]      ; Game_Clock:clk_gen|game_tick ; Game_Clock:clk_gen|game_tick ; 0.000        ; 0.000      ; 0.792      ;
; 0.526 ; Game_Logic:logic_core|snake_y[120][5]      ; Game_Logic:logic_core|snake_y[121][5]      ; Game_Clock:clk_gen|game_tick ; Game_Clock:clk_gen|game_tick ; 0.000        ; 0.000      ; 0.792      ;
; 0.526 ; Game_Logic:logic_core|snake_y[118][8]      ; Game_Logic:logic_core|snake_y[119][8]      ; Game_Clock:clk_gen|game_tick ; Game_Clock:clk_gen|game_tick ; 0.000        ; 0.000      ; 0.792      ;
; 0.527 ; Game_Logic:logic_core|snake_x[86][4]       ; Game_Logic:logic_core|snake_x[87][4]       ; Game_Clock:clk_gen|game_tick ; Game_Clock:clk_gen|game_tick ; 0.000        ; 0.000      ; 0.793      ;
; 0.527 ; Game_Logic:logic_core|snake_x[100][5]      ; Game_Logic:logic_core|snake_x[101][5]      ; Game_Clock:clk_gen|game_tick ; Game_Clock:clk_gen|game_tick ; 0.000        ; 0.000      ; 0.793      ;
; 0.527 ; Game_Logic:logic_core|snake_y[101][6]      ; Game_Logic:logic_core|snake_y[102][6]      ; Game_Clock:clk_gen|game_tick ; Game_Clock:clk_gen|game_tick ; 0.000        ; 0.000      ; 0.793      ;
; 0.527 ; Game_Logic:logic_core|snake_y[101][3]      ; Game_Logic:logic_core|snake_y[102][3]      ; Game_Clock:clk_gen|game_tick ; Game_Clock:clk_gen|game_tick ; 0.000        ; 0.000      ; 0.793      ;
; 0.527 ; Game_Logic:logic_core|snake_y[111][3]      ; Game_Logic:logic_core|snake_y[112][3]      ; Game_Clock:clk_gen|game_tick ; Game_Clock:clk_gen|game_tick ; 0.000        ; 0.000      ; 0.793      ;
; 0.527 ; Game_Logic:logic_core|snake_x[111][1]      ; Game_Logic:logic_core|snake_x[112][1]      ; Game_Clock:clk_gen|game_tick ; Game_Clock:clk_gen|game_tick ; 0.000        ; 0.000      ; 0.793      ;
; 0.527 ; Game_Logic:logic_core|snake_x[112][1]      ; Game_Logic:logic_core|snake_x[113][1]      ; Game_Clock:clk_gen|game_tick ; Game_Clock:clk_gen|game_tick ; 0.000        ; 0.000      ; 0.793      ;
; 0.527 ; Game_Logic:logic_core|snake_x[116][3]      ; Game_Logic:logic_core|snake_x[117][3]      ; Game_Clock:clk_gen|game_tick ; Game_Clock:clk_gen|game_tick ; 0.000        ; 0.000      ; 0.793      ;
; 0.528 ; Game_Logic:logic_core|snake_x[70][7]       ; Game_Logic:logic_core|snake_x[71][7]       ; Game_Clock:clk_gen|game_tick ; Game_Clock:clk_gen|game_tick ; 0.000        ; 0.000      ; 0.794      ;
; 0.528 ; Game_Logic:logic_core|snake_y[75][5]       ; Game_Logic:logic_core|snake_y[76][5]       ; Game_Clock:clk_gen|game_tick ; Game_Clock:clk_gen|game_tick ; 0.000        ; 0.000      ; 0.794      ;
; 0.528 ; Game_Logic:logic_core|snake_y[85][3]       ; Game_Logic:logic_core|snake_y[86][3]       ; Game_Clock:clk_gen|game_tick ; Game_Clock:clk_gen|game_tick ; 0.000        ; 0.000      ; 0.794      ;
; 0.528 ; Game_Logic:logic_core|snake_y[71][4]       ; Game_Logic:logic_core|snake_y[72][4]       ; Game_Clock:clk_gen|game_tick ; Game_Clock:clk_gen|game_tick ; 0.000        ; 0.000      ; 0.794      ;
; 0.528 ; Game_Logic:logic_core|snake_y[86][9]       ; Game_Logic:logic_core|snake_y[87][9]       ; Game_Clock:clk_gen|game_tick ; Game_Clock:clk_gen|game_tick ; 0.000        ; 0.000      ; 0.794      ;
; 0.528 ; Game_Logic:logic_core|snake_y[107][2]      ; Game_Logic:logic_core|snake_y[108][2]      ; Game_Clock:clk_gen|game_tick ; Game_Clock:clk_gen|game_tick ; 0.000        ; 0.000      ; 0.794      ;
; 0.528 ; Game_Logic:logic_core|snake_x[114][7]      ; Game_Logic:logic_core|snake_x[115][7]      ; Game_Clock:clk_gen|game_tick ; Game_Clock:clk_gen|game_tick ; 0.000        ; 0.000      ; 0.794      ;
; 0.528 ; Game_Logic:logic_core|snake_x[125][7]      ; Game_Logic:logic_core|snake_x[126][7]      ; Game_Clock:clk_gen|game_tick ; Game_Clock:clk_gen|game_tick ; 0.000        ; 0.000      ; 0.794      ;
; 0.529 ; Game_Logic:logic_core|snake_x[77][1]       ; Game_Logic:logic_core|snake_x[78][1]       ; Game_Clock:clk_gen|game_tick ; Game_Clock:clk_gen|game_tick ; 0.000        ; 0.000      ; 0.795      ;
; 0.529 ; Game_Logic:logic_core|snake_x[71][2]       ; Game_Logic:logic_core|snake_x[72][2]       ; Game_Clock:clk_gen|game_tick ; Game_Clock:clk_gen|game_tick ; 0.000        ; 0.000      ; 0.795      ;
; 0.529 ; Game_Logic:logic_core|snake_y[79][5]       ; Game_Logic:logic_core|snake_y[80][5]       ; Game_Clock:clk_gen|game_tick ; Game_Clock:clk_gen|game_tick ; 0.000        ; 0.000      ; 0.795      ;
; 0.529 ; Game_Logic:logic_core|snake_x[89][8]       ; Game_Logic:logic_core|snake_x[90][8]       ; Game_Clock:clk_gen|game_tick ; Game_Clock:clk_gen|game_tick ; 0.000        ; 0.000      ; 0.795      ;
; 0.529 ; Game_Logic:logic_core|snake_x[103][9]      ; Game_Logic:logic_core|snake_x[104][9]      ; Game_Clock:clk_gen|game_tick ; Game_Clock:clk_gen|game_tick ; 0.000        ; 0.000      ; 0.795      ;
+-------+--------------------------------------------+--------------------------------------------+------------------------------+------------------------------+--------------+------------+------------+


+---------------------------------------------------------------------------------------------------------------------------------------------------------+
; Slow Model Hold: 'PS2_CLK'                                                                                                                              ;
+-------+-------------------------------------+-------------------------------------+--------------+-------------+--------------+------------+------------+
; Slack ; From Node                           ; To Node                             ; Launch Clock ; Latch Clock ; Relationship ; Clock Skew ; Data Delay ;
+-------+-------------------------------------+-------------------------------------+--------------+-------------+--------------+------------+------------+
; 0.391 ; Keyboard_Controller:kb|bit_count[3] ; Keyboard_Controller:kb|bit_count[3] ; PS2_CLK      ; PS2_CLK     ; 0.000        ; 0.000      ; 0.657      ;
; 0.391 ; Keyboard_Controller:kb|bit_count[0] ; Keyboard_Controller:kb|bit_count[0] ; PS2_CLK      ; PS2_CLK     ; 0.000        ; 0.000      ; 0.657      ;
; 0.391 ; Keyboard_Controller:kb|bit_count[1] ; Keyboard_Controller:kb|bit_count[1] ; PS2_CLK      ; PS2_CLK     ; 0.000        ; 0.000      ; 0.657      ;
; 0.391 ; Keyboard_Controller:kb|bit_count[2] ; Keyboard_Controller:kb|bit_count[2] ; PS2_CLK      ; PS2_CLK     ; 0.000        ; 0.000      ; 0.657      ;
; 0.391 ; Keyboard_Controller:kb|shift_reg[7] ; Keyboard_Controller:kb|shift_reg[7] ; PS2_CLK      ; PS2_CLK     ; 0.000        ; 0.000      ; 0.657      ;
; 0.391 ; Keyboard_Controller:kb|shift_reg[1] ; Keyboard_Controller:kb|shift_reg[1] ; PS2_CLK      ; PS2_CLK     ; 0.000        ; 0.000      ; 0.657      ;
; 0.391 ; Keyboard_Controller:kb|shift_reg[3] ; Keyboard_Controller:kb|shift_reg[3] ; PS2_CLK      ; PS2_CLK     ; 0.000        ; 0.000      ; 0.657      ;
; 0.391 ; Keyboard_Controller:kb|shift_reg[2] ; Keyboard_Controller:kb|shift_reg[2] ; PS2_CLK      ; PS2_CLK     ; 0.000        ; 0.000      ; 0.657      ;
; 0.391 ; Keyboard_Controller:kb|shift_reg[6] ; Keyboard_Controller:kb|shift_reg[6] ; PS2_CLK      ; PS2_CLK     ; 0.000        ; 0.000      ; 0.657      ;
; 0.391 ; Keyboard_Controller:kb|shift_reg[4] ; Keyboard_Controller:kb|shift_reg[4] ; PS2_CLK      ; PS2_CLK     ; 0.000        ; 0.000      ; 0.657      ;
; 0.391 ; Keyboard_Controller:kb|shift_reg[8] ; Keyboard_Controller:kb|shift_reg[8] ; PS2_CLK      ; PS2_CLK     ; 0.000        ; 0.000      ; 0.657      ;
; 0.391 ; Keyboard_Controller:kb|shift_reg[5] ; Keyboard_Controller:kb|shift_reg[5] ; PS2_CLK      ; PS2_CLK     ; 0.000        ; 0.000      ; 0.657      ;
; 0.569 ; Keyboard_Controller:kb|shift_reg[6] ; Keyboard_Controller:kb|direction[1] ; PS2_CLK      ; PS2_CLK     ; 0.000        ; 0.000      ; 0.835      ;
; 0.573 ; Keyboard_Controller:kb|shift_reg[6] ; Keyboard_Controller:kb|direction[2] ; PS2_CLK      ; PS2_CLK     ; 0.000        ; 0.000      ; 0.839      ;
; 0.642 ; Keyboard_Controller:kb|bit_count[1] ; Keyboard_Controller:kb|bit_count[2] ; PS2_CLK      ; PS2_CLK     ; 0.000        ; 0.000      ; 0.908      ;
; 0.643 ; Keyboard_Controller:kb|bit_count[2] ; Keyboard_Controller:kb|bit_count[3] ; PS2_CLK      ; PS2_CLK     ; 0.000        ; 0.000      ; 0.909      ;
; 0.643 ; Keyboard_Controller:kb|bit_count[2] ; Keyboard_Controller:kb|bit_count[1] ; PS2_CLK      ; PS2_CLK     ; 0.000        ; 0.000      ; 0.909      ;
; 0.647 ; Keyboard_Controller:kb|bit_count[1] ; Keyboard_Controller:kb|bit_count[0] ; PS2_CLK      ; PS2_CLK     ; 0.000        ; 0.000      ; 0.913      ;
; 0.763 ; Keyboard_Controller:kb|key_break    ; Keyboard_Controller:kb|reset_cmd    ; PS2_CLK      ; PS2_CLK     ; 0.000        ; 0.000      ; 1.029      ;
; 0.785 ; Keyboard_Controller:kb|shift_reg[1] ; Keyboard_Controller:kb|direction[2] ; PS2_CLK      ; PS2_CLK     ; 0.000        ; 0.000      ; 1.051      ;
; 0.797 ; Keyboard_Controller:kb|shift_reg[6] ; Keyboard_Controller:kb|direction[3] ; PS2_CLK      ; PS2_CLK     ; 0.000        ; 0.000      ; 1.063      ;
; 0.826 ; Keyboard_Controller:kb|shift_reg[1] ; Keyboard_Controller:kb|direction[1] ; PS2_CLK      ; PS2_CLK     ; 0.000        ; 0.000      ; 1.092      ;
; 0.872 ; Keyboard_Controller:kb|bit_count[0] ; Keyboard_Controller:kb|bit_count[2] ; PS2_CLK      ; PS2_CLK     ; 0.000        ; 0.000      ; 1.138      ;
; 0.875 ; Keyboard_Controller:kb|bit_count[0] ; Keyboard_Controller:kb|bit_count[1] ; PS2_CLK      ; PS2_CLK     ; 0.000        ; 0.000      ; 1.141      ;
; 0.894 ; Keyboard_Controller:kb|bit_count[3] ; Keyboard_Controller:kb|bit_count[0] ; PS2_CLK      ; PS2_CLK     ; 0.000        ; 0.000      ; 1.160      ;
; 0.900 ; Keyboard_Controller:kb|bit_count[3] ; Keyboard_Controller:kb|bit_count[1] ; PS2_CLK      ; PS2_CLK     ; 0.000        ; 0.000      ; 1.166      ;
; 0.917 ; Keyboard_Controller:kb|bit_count[2] ; Keyboard_Controller:kb|bit_count[0] ; PS2_CLK      ; PS2_CLK     ; 0.000        ; 0.000      ; 1.183      ;
; 0.919 ; Keyboard_Controller:kb|bit_count[1] ; Keyboard_Controller:kb|bit_count[3] ; PS2_CLK      ; PS2_CLK     ; 0.000        ; 0.000      ; 1.185      ;
; 1.017 ; Keyboard_Controller:kb|bit_count[0] ; Keyboard_Controller:kb|bit_count[3] ; PS2_CLK      ; PS2_CLK     ; 0.000        ; 0.000      ; 1.283      ;
; 1.062 ; Keyboard_Controller:kb|shift_reg[2] ; Keyboard_Controller:kb|reset_cmd    ; PS2_CLK      ; PS2_CLK     ; 0.000        ; 0.001      ; 1.329      ;
; 1.082 ; Keyboard_Controller:kb|shift_reg[2] ; Keyboard_Controller:kb|direction[3] ; PS2_CLK      ; PS2_CLK     ; 0.000        ; -0.028     ; 1.320      ;
; 1.142 ; Keyboard_Controller:kb|bit_count[1] ; Keyboard_Controller:kb|shift_reg[8] ; PS2_CLK      ; PS2_CLK     ; 0.000        ; 0.340      ; 1.748      ;
; 1.170 ; Keyboard_Controller:kb|bit_count[1] ; Keyboard_Controller:kb|shift_reg[5] ; PS2_CLK      ; PS2_CLK     ; 0.000        ; 0.340      ; 1.776      ;
; 1.173 ; Keyboard_Controller:kb|shift_reg[8] ; Keyboard_Controller:kb|key_break    ; PS2_CLK      ; PS2_CLK     ; 0.000        ; 0.001      ; 1.440      ;
; 1.176 ; Keyboard_Controller:kb|shift_reg[2] ; Keyboard_Controller:kb|direction[2] ; PS2_CLK      ; PS2_CLK     ; 0.000        ; -0.028     ; 1.414      ;
; 1.176 ; Keyboard_Controller:kb|shift_reg[8] ; Keyboard_Controller:kb|reset_cmd    ; PS2_CLK      ; PS2_CLK     ; 0.000        ; 0.001      ; 1.443      ;
; 1.177 ; Keyboard_Controller:kb|bit_count[1] ; Keyboard_Controller:kb|shift_reg[3] ; PS2_CLK      ; PS2_CLK     ; 0.000        ; 0.340      ; 1.783      ;
; 1.178 ; Keyboard_Controller:kb|shift_reg[2] ; Keyboard_Controller:kb|direction[1] ; PS2_CLK      ; PS2_CLK     ; 0.000        ; -0.028     ; 1.416      ;
; 1.205 ; Keyboard_Controller:kb|shift_reg[5] ; Keyboard_Controller:kb|key_break    ; PS2_CLK      ; PS2_CLK     ; 0.000        ; 0.001      ; 1.472      ;
; 1.208 ; Keyboard_Controller:kb|shift_reg[5] ; Keyboard_Controller:kb|reset_cmd    ; PS2_CLK      ; PS2_CLK     ; 0.000        ; 0.001      ; 1.475      ;
; 1.213 ; Keyboard_Controller:kb|bit_count[1] ; Keyboard_Controller:kb|shift_reg[4] ; PS2_CLK      ; PS2_CLK     ; 0.000        ; 0.312      ; 1.791      ;
; 1.217 ; Keyboard_Controller:kb|bit_count[1] ; Keyboard_Controller:kb|shift_reg[2] ; PS2_CLK      ; PS2_CLK     ; 0.000        ; 0.340      ; 1.823      ;
; 1.219 ; Keyboard_Controller:kb|bit_count[1] ; Keyboard_Controller:kb|shift_reg[1] ; PS2_CLK      ; PS2_CLK     ; 0.000        ; 0.312      ; 1.797      ;
; 1.234 ; Keyboard_Controller:kb|shift_reg[6] ; Keyboard_Controller:kb|direction[4] ; PS2_CLK      ; PS2_CLK     ; 0.000        ; 0.000      ; 1.500      ;
; 1.237 ; Keyboard_Controller:kb|bit_count[0] ; Keyboard_Controller:kb|shift_reg[8] ; PS2_CLK      ; PS2_CLK     ; 0.000        ; 0.340      ; 1.843      ;
; 1.261 ; Keyboard_Controller:kb|bit_count[0] ; Keyboard_Controller:kb|shift_reg[3] ; PS2_CLK      ; PS2_CLK     ; 0.000        ; 0.340      ; 1.867      ;
; 1.264 ; Keyboard_Controller:kb|bit_count[0] ; Keyboard_Controller:kb|shift_reg[5] ; PS2_CLK      ; PS2_CLK     ; 0.000        ; 0.340      ; 1.870      ;
; 1.291 ; Keyboard_Controller:kb|bit_count[0] ; Keyboard_Controller:kb|shift_reg[4] ; PS2_CLK      ; PS2_CLK     ; 0.000        ; 0.312      ; 1.869      ;
; 1.303 ; Keyboard_Controller:kb|bit_count[0] ; Keyboard_Controller:kb|shift_reg[1] ; PS2_CLK      ; PS2_CLK     ; 0.000        ; 0.312      ; 1.881      ;
; 1.310 ; Keyboard_Controller:kb|bit_count[0] ; Keyboard_Controller:kb|shift_reg[2] ; PS2_CLK      ; PS2_CLK     ; 0.000        ; 0.340      ; 1.916      ;
; 1.365 ; Keyboard_Controller:kb|reset_cmd    ; Keyboard_Controller:kb|reset_cmd    ; PS2_CLK      ; PS2_CLK     ; 0.000        ; 0.000      ; 1.631      ;
; 1.376 ; Keyboard_Controller:kb|bit_count[2] ; Keyboard_Controller:kb|shift_reg[8] ; PS2_CLK      ; PS2_CLK     ; 0.000        ; 0.340      ; 1.982      ;
; 1.389 ; Keyboard_Controller:kb|bit_count[3] ; Keyboard_Controller:kb|shift_reg[3] ; PS2_CLK      ; PS2_CLK     ; 0.000        ; 0.340      ; 1.995      ;
; 1.392 ; Keyboard_Controller:kb|direction[4] ; Keyboard_Controller:kb|direction[4] ; PS2_CLK      ; PS2_CLK     ; 0.000        ; 0.000      ; 1.658      ;
; 1.393 ; Keyboard_Controller:kb|bit_count[3] ; Keyboard_Controller:kb|shift_reg[5] ; PS2_CLK      ; PS2_CLK     ; 0.000        ; 0.340      ; 1.999      ;
; 1.398 ; Keyboard_Controller:kb|bit_count[2] ; Keyboard_Controller:kb|shift_reg[3] ; PS2_CLK      ; PS2_CLK     ; 0.000        ; 0.340      ; 2.004      ;
; 1.406 ; Keyboard_Controller:kb|bit_count[3] ; Keyboard_Controller:kb|shift_reg[8] ; PS2_CLK      ; PS2_CLK     ; 0.000        ; 0.340      ; 2.012      ;
; 1.420 ; Keyboard_Controller:kb|bit_count[3] ; Keyboard_Controller:kb|shift_reg[4] ; PS2_CLK      ; PS2_CLK     ; 0.000        ; 0.312      ; 1.998      ;
; 1.430 ; Keyboard_Controller:kb|bit_count[1] ; Keyboard_Controller:kb|shift_reg[7] ; PS2_CLK      ; PS2_CLK     ; 0.000        ; 0.340      ; 2.036      ;
; 1.431 ; Keyboard_Controller:kb|bit_count[3] ; Keyboard_Controller:kb|shift_reg[1] ; PS2_CLK      ; PS2_CLK     ; 0.000        ; 0.312      ; 2.009      ;
; 1.439 ; Keyboard_Controller:kb|bit_count[3] ; Keyboard_Controller:kb|shift_reg[2] ; PS2_CLK      ; PS2_CLK     ; 0.000        ; 0.340      ; 2.045      ;
; 1.440 ; Keyboard_Controller:kb|bit_count[2] ; Keyboard_Controller:kb|shift_reg[1] ; PS2_CLK      ; PS2_CLK     ; 0.000        ; 0.312      ; 2.018      ;
; 1.443 ; Keyboard_Controller:kb|bit_count[2] ; Keyboard_Controller:kb|shift_reg[5] ; PS2_CLK      ; PS2_CLK     ; 0.000        ; 0.340      ; 2.049      ;
; 1.446 ; Keyboard_Controller:kb|bit_count[2] ; Keyboard_Controller:kb|shift_reg[2] ; PS2_CLK      ; PS2_CLK     ; 0.000        ; 0.340      ; 2.052      ;
; 1.479 ; Keyboard_Controller:kb|bit_count[2] ; Keyboard_Controller:kb|shift_reg[4] ; PS2_CLK      ; PS2_CLK     ; 0.000        ; 0.312      ; 2.057      ;
; 1.502 ; Keyboard_Controller:kb|bit_count[1] ; Keyboard_Controller:kb|shift_reg[6] ; PS2_CLK      ; PS2_CLK     ; 0.000        ; 0.312      ; 2.080      ;
; 1.524 ; Keyboard_Controller:kb|bit_count[0] ; Keyboard_Controller:kb|shift_reg[7] ; PS2_CLK      ; PS2_CLK     ; 0.000        ; 0.340      ; 2.130      ;
; 1.526 ; Keyboard_Controller:kb|shift_reg[4] ; Keyboard_Controller:kb|direction[4] ; PS2_CLK      ; PS2_CLK     ; 0.000        ; 0.000      ; 1.792      ;
; 1.579 ; Keyboard_Controller:kb|shift_reg[5] ; Keyboard_Controller:kb|direction[4] ; PS2_CLK      ; PS2_CLK     ; 0.000        ; -0.028     ; 1.817      ;
; 1.595 ; Keyboard_Controller:kb|bit_count[0] ; Keyboard_Controller:kb|shift_reg[6] ; PS2_CLK      ; PS2_CLK     ; 0.000        ; 0.312      ; 2.173      ;
; 1.611 ; Keyboard_Controller:kb|bit_count[2] ; Keyboard_Controller:kb|key_break    ; PS2_CLK      ; PS2_CLK     ; 0.000        ; 0.341      ; 2.218      ;
; 1.611 ; Keyboard_Controller:kb|bit_count[2] ; Keyboard_Controller:kb|reset_cmd    ; PS2_CLK      ; PS2_CLK     ; 0.000        ; 0.341      ; 2.218      ;
; 1.653 ; Keyboard_Controller:kb|bit_count[3] ; Keyboard_Controller:kb|shift_reg[7] ; PS2_CLK      ; PS2_CLK     ; 0.000        ; 0.340      ; 2.259      ;
; 1.677 ; Keyboard_Controller:kb|bit_count[2] ; Keyboard_Controller:kb|shift_reg[7] ; PS2_CLK      ; PS2_CLK     ; 0.000        ; 0.340      ; 2.283      ;
; 1.700 ; Keyboard_Controller:kb|bit_count[0] ; Keyboard_Controller:kb|key_break    ; PS2_CLK      ; PS2_CLK     ; 0.000        ; 0.341      ; 2.307      ;
; 1.700 ; Keyboard_Controller:kb|bit_count[0] ; Keyboard_Controller:kb|reset_cmd    ; PS2_CLK      ; PS2_CLK     ; 0.000        ; 0.341      ; 2.307      ;
; 1.724 ; Keyboard_Controller:kb|bit_count[3] ; Keyboard_Controller:kb|shift_reg[6] ; PS2_CLK      ; PS2_CLK     ; 0.000        ; 0.312      ; 2.302      ;
; 1.744 ; Keyboard_Controller:kb|bit_count[2] ; Keyboard_Controller:kb|shift_reg[6] ; PS2_CLK      ; PS2_CLK     ; 0.000        ; 0.312      ; 2.322      ;
; 1.867 ; Keyboard_Controller:kb|bit_count[3] ; Keyboard_Controller:kb|key_break    ; PS2_CLK      ; PS2_CLK     ; 0.000        ; 0.341      ; 2.474      ;
; 1.867 ; Keyboard_Controller:kb|bit_count[3] ; Keyboard_Controller:kb|reset_cmd    ; PS2_CLK      ; PS2_CLK     ; 0.000        ; 0.341      ; 2.474      ;
; 1.880 ; Keyboard_Controller:kb|bit_count[1] ; Keyboard_Controller:kb|key_break    ; PS2_CLK      ; PS2_CLK     ; 0.000        ; 0.341      ; 2.487      ;
; 1.880 ; Keyboard_Controller:kb|bit_count[1] ; Keyboard_Controller:kb|reset_cmd    ; PS2_CLK      ; PS2_CLK     ; 0.000        ; 0.341      ; 2.487      ;
; 1.899 ; Keyboard_Controller:kb|bit_count[2] ; Keyboard_Controller:kb|direction[4] ; PS2_CLK      ; PS2_CLK     ; 0.000        ; 0.312      ; 2.477      ;
; 1.905 ; Keyboard_Controller:kb|shift_reg[1] ; Keyboard_Controller:kb|direction[4] ; PS2_CLK      ; PS2_CLK     ; 0.000        ; 0.000      ; 2.171      ;
; 1.918 ; Keyboard_Controller:kb|shift_reg[7] ; Keyboard_Controller:kb|key_break    ; PS2_CLK      ; PS2_CLK     ; 0.000        ; 0.001      ; 2.185      ;
; 1.921 ; Keyboard_Controller:kb|shift_reg[7] ; Keyboard_Controller:kb|reset_cmd    ; PS2_CLK      ; PS2_CLK     ; 0.000        ; 0.001      ; 2.188      ;
; 1.988 ; Keyboard_Controller:kb|bit_count[0] ; Keyboard_Controller:kb|direction[4] ; PS2_CLK      ; PS2_CLK     ; 0.000        ; 0.312      ; 2.566      ;
; 2.090 ; Keyboard_Controller:kb|shift_reg[6] ; Keyboard_Controller:kb|reset_cmd    ; PS2_CLK      ; PS2_CLK     ; 0.000        ; 0.029      ; 2.385      ;
; 2.110 ; Keyboard_Controller:kb|shift_reg[3] ; Keyboard_Controller:kb|direction[4] ; PS2_CLK      ; PS2_CLK     ; 0.000        ; -0.028     ; 2.348      ;
; 2.121 ; Keyboard_Controller:kb|shift_reg[8] ; Keyboard_Controller:kb|direction[4] ; PS2_CLK      ; PS2_CLK     ; 0.000        ; -0.028     ; 2.359      ;
; 2.125 ; Keyboard_Controller:kb|shift_reg[6] ; Keyboard_Controller:kb|key_break    ; PS2_CLK      ; PS2_CLK     ; 0.000        ; 0.029      ; 2.420      ;
; 2.146 ; Keyboard_Controller:kb|shift_reg[3] ; Keyboard_Controller:kb|reset_cmd    ; PS2_CLK      ; PS2_CLK     ; 0.000        ; 0.001      ; 2.413      ;
; 2.155 ; Keyboard_Controller:kb|bit_count[3] ; Keyboard_Controller:kb|direction[4] ; PS2_CLK      ; PS2_CLK     ; 0.000        ; 0.312      ; 2.733      ;
; 2.168 ; Keyboard_Controller:kb|bit_count[1] ; Keyboard_Controller:kb|direction[4] ; PS2_CLK      ; PS2_CLK     ; 0.000        ; 0.312      ; 2.746      ;
; 2.180 ; Keyboard_Controller:kb|shift_reg[7] ; Keyboard_Controller:kb|direction[4] ; PS2_CLK      ; PS2_CLK     ; 0.000        ; -0.028     ; 2.418      ;
; 2.192 ; Keyboard_Controller:kb|shift_reg[2] ; Keyboard_Controller:kb|key_break    ; PS2_CLK      ; PS2_CLK     ; 0.000        ; 0.001      ; 2.459      ;
; 2.220 ; Keyboard_Controller:kb|key_break    ; Keyboard_Controller:kb|direction[4] ; PS2_CLK      ; PS2_CLK     ; 0.000        ; -0.029     ; 2.457      ;
; 2.259 ; Keyboard_Controller:kb|shift_reg[5] ; Keyboard_Controller:kb|direction[3] ; PS2_CLK      ; PS2_CLK     ; 0.000        ; -0.028     ; 2.497      ;
; 2.259 ; Keyboard_Controller:kb|shift_reg[5] ; Keyboard_Controller:kb|direction[1] ; PS2_CLK      ; PS2_CLK     ; 0.000        ; -0.028     ; 2.497      ;
; 2.259 ; Keyboard_Controller:kb|shift_reg[5] ; Keyboard_Controller:kb|direction[2] ; PS2_CLK      ; PS2_CLK     ; 0.000        ; -0.028     ; 2.497      ;
+-------+-------------------------------------+-------------------------------------+--------------+-------------+--------------+------------+------------+


+-----------------------------------------------------------------------------------------------------------------------+
; Slow Model Minimum Pulse Width: 'CLOCK_50'                                                                            ;
+--------+--------------+----------------+------------------+----------+------------+-----------------------------------+
; Slack  ; Actual Width ; Required Width ; Type             ; Clock    ; Clock Edge ; Target                            ;
+--------+--------------+----------------+------------------+----------+------------+-----------------------------------+
; -1.380 ; 1.000        ; 2.380          ; Port Rate        ; CLOCK_50 ; Rise       ; CLOCK_50                          ;
; -0.500 ; 0.500        ; 1.000          ; High Pulse Width ; CLOCK_50 ; Rise       ; Game_Clock:clk_gen|counter[0]     ;
; -0.500 ; 0.500        ; 1.000          ; Low Pulse Width  ; CLOCK_50 ; Rise       ; Game_Clock:clk_gen|counter[0]     ;
; -0.500 ; 0.500        ; 1.000          ; High Pulse Width ; CLOCK_50 ; Rise       ; Game_Clock:clk_gen|counter[10]    ;
; -0.500 ; 0.500        ; 1.000          ; Low Pulse Width  ; CLOCK_50 ; Rise       ; Game_Clock:clk_gen|counter[10]    ;
; -0.500 ; 0.500        ; 1.000          ; High Pulse Width ; CLOCK_50 ; Rise       ; Game_Clock:clk_gen|counter[11]    ;
; -0.500 ; 0.500        ; 1.000          ; Low Pulse Width  ; CLOCK_50 ; Rise       ; Game_Clock:clk_gen|counter[11]    ;
; -0.500 ; 0.500        ; 1.000          ; High Pulse Width ; CLOCK_50 ; Rise       ; Game_Clock:clk_gen|counter[12]    ;
; -0.500 ; 0.500        ; 1.000          ; Low Pulse Width  ; CLOCK_50 ; Rise       ; Game_Clock:clk_gen|counter[12]    ;
; -0.500 ; 0.500        ; 1.000          ; High Pulse Width ; CLOCK_50 ; Rise       ; Game_Clock:clk_gen|counter[13]    ;
; -0.500 ; 0.500        ; 1.000          ; Low Pulse Width  ; CLOCK_50 ; Rise       ; Game_Clock:clk_gen|counter[13]    ;
; -0.500 ; 0.500        ; 1.000          ; High Pulse Width ; CLOCK_50 ; Rise       ; Game_Clock:clk_gen|counter[14]    ;
; -0.500 ; 0.500        ; 1.000          ; Low Pulse Width  ; CLOCK_50 ; Rise       ; Game_Clock:clk_gen|counter[14]    ;
; -0.500 ; 0.500        ; 1.000          ; High Pulse Width ; CLOCK_50 ; Rise       ; Game_Clock:clk_gen|counter[15]    ;
; -0.500 ; 0.500        ; 1.000          ; Low Pulse Width  ; CLOCK_50 ; Rise       ; Game_Clock:clk_gen|counter[15]    ;
; -0.500 ; 0.500        ; 1.000          ; High Pulse Width ; CLOCK_50 ; Rise       ; Game_Clock:clk_gen|counter[16]    ;
; -0.500 ; 0.500        ; 1.000          ; Low Pulse Width  ; CLOCK_50 ; Rise       ; Game_Clock:clk_gen|counter[16]    ;
; -0.500 ; 0.500        ; 1.000          ; High Pulse Width ; CLOCK_50 ; Rise       ; Game_Clock:clk_gen|counter[17]    ;
; -0.500 ; 0.500        ; 1.000          ; Low Pulse Width  ; CLOCK_50 ; Rise       ; Game_Clock:clk_gen|counter[17]    ;
; -0.500 ; 0.500        ; 1.000          ; High Pulse Width ; CLOCK_50 ; Rise       ; Game_Clock:clk_gen|counter[18]    ;
; -0.500 ; 0.500        ; 1.000          ; Low Pulse Width  ; CLOCK_50 ; Rise       ; Game_Clock:clk_gen|counter[18]    ;
; -0.500 ; 0.500        ; 1.000          ; High Pulse Width ; CLOCK_50 ; Rise       ; Game_Clock:clk_gen|counter[19]    ;
; -0.500 ; 0.500        ; 1.000          ; Low Pulse Width  ; CLOCK_50 ; Rise       ; Game_Clock:clk_gen|counter[19]    ;
; -0.500 ; 0.500        ; 1.000          ; High Pulse Width ; CLOCK_50 ; Rise       ; Game_Clock:clk_gen|counter[1]     ;
; -0.500 ; 0.500        ; 1.000          ; Low Pulse Width  ; CLOCK_50 ; Rise       ; Game_Clock:clk_gen|counter[1]     ;
; -0.500 ; 0.500        ; 1.000          ; High Pulse Width ; CLOCK_50 ; Rise       ; Game_Clock:clk_gen|counter[20]    ;
; -0.500 ; 0.500        ; 1.000          ; Low Pulse Width  ; CLOCK_50 ; Rise       ; Game_Clock:clk_gen|counter[20]    ;
; -0.500 ; 0.500        ; 1.000          ; High Pulse Width ; CLOCK_50 ; Rise       ; Game_Clock:clk_gen|counter[21]    ;
; -0.500 ; 0.500        ; 1.000          ; Low Pulse Width  ; CLOCK_50 ; Rise       ; Game_Clock:clk_gen|counter[21]    ;
; -0.500 ; 0.500        ; 1.000          ; High Pulse Width ; CLOCK_50 ; Rise       ; Game_Clock:clk_gen|counter[22]    ;
; -0.500 ; 0.500        ; 1.000          ; Low Pulse Width  ; CLOCK_50 ; Rise       ; Game_Clock:clk_gen|counter[22]    ;
; -0.500 ; 0.500        ; 1.000          ; High Pulse Width ; CLOCK_50 ; Rise       ; Game_Clock:clk_gen|counter[23]    ;
; -0.500 ; 0.500        ; 1.000          ; Low Pulse Width  ; CLOCK_50 ; Rise       ; Game_Clock:clk_gen|counter[23]    ;
; -0.500 ; 0.500        ; 1.000          ; High Pulse Width ; CLOCK_50 ; Rise       ; Game_Clock:clk_gen|counter[2]     ;
; -0.500 ; 0.500        ; 1.000          ; Low Pulse Width  ; CLOCK_50 ; Rise       ; Game_Clock:clk_gen|counter[2]     ;
; -0.500 ; 0.500        ; 1.000          ; High Pulse Width ; CLOCK_50 ; Rise       ; Game_Clock:clk_gen|counter[3]     ;
; -0.500 ; 0.500        ; 1.000          ; Low Pulse Width  ; CLOCK_50 ; Rise       ; Game_Clock:clk_gen|counter[3]     ;
; -0.500 ; 0.500        ; 1.000          ; High Pulse Width ; CLOCK_50 ; Rise       ; Game_Clock:clk_gen|counter[4]     ;
; -0.500 ; 0.500        ; 1.000          ; Low Pulse Width  ; CLOCK_50 ; Rise       ; Game_Clock:clk_gen|counter[4]     ;
; -0.500 ; 0.500        ; 1.000          ; High Pulse Width ; CLOCK_50 ; Rise       ; Game_Clock:clk_gen|counter[5]     ;
; -0.500 ; 0.500        ; 1.000          ; Low Pulse Width  ; CLOCK_50 ; Rise       ; Game_Clock:clk_gen|counter[5]     ;
; -0.500 ; 0.500        ; 1.000          ; High Pulse Width ; CLOCK_50 ; Rise       ; Game_Clock:clk_gen|counter[6]     ;
; -0.500 ; 0.500        ; 1.000          ; Low Pulse Width  ; CLOCK_50 ; Rise       ; Game_Clock:clk_gen|counter[6]     ;
; -0.500 ; 0.500        ; 1.000          ; High Pulse Width ; CLOCK_50 ; Rise       ; Game_Clock:clk_gen|counter[7]     ;
; -0.500 ; 0.500        ; 1.000          ; Low Pulse Width  ; CLOCK_50 ; Rise       ; Game_Clock:clk_gen|counter[7]     ;
; -0.500 ; 0.500        ; 1.000          ; High Pulse Width ; CLOCK_50 ; Rise       ; Game_Clock:clk_gen|counter[8]     ;
; -0.500 ; 0.500        ; 1.000          ; Low Pulse Width  ; CLOCK_50 ; Rise       ; Game_Clock:clk_gen|counter[8]     ;
; -0.500 ; 0.500        ; 1.000          ; High Pulse Width ; CLOCK_50 ; Rise       ; Game_Clock:clk_gen|counter[9]     ;
; -0.500 ; 0.500        ; 1.000          ; Low Pulse Width  ; CLOCK_50 ; Rise       ; Game_Clock:clk_gen|counter[9]     ;
; -0.500 ; 0.500        ; 1.000          ; High Pulse Width ; CLOCK_50 ; Rise       ; Game_Clock:clk_gen|game_tick      ;
; -0.500 ; 0.500        ; 1.000          ; Low Pulse Width  ; CLOCK_50 ; Rise       ; Game_Clock:clk_gen|game_tick      ;
; -0.500 ; 0.500        ; 1.000          ; High Pulse Width ; CLOCK_50 ; Rise       ; Game_Logic:logic_core|is_apple    ;
; -0.500 ; 0.500        ; 1.000          ; Low Pulse Width  ; CLOCK_50 ; Rise       ; Game_Logic:logic_core|is_apple    ;
; -0.500 ; 0.500        ; 1.000          ; High Pulse Width ; CLOCK_50 ; Rise       ; Game_Logic:logic_core|is_body     ;
; -0.500 ; 0.500        ; 1.000          ; Low Pulse Width  ; CLOCK_50 ; Rise       ; Game_Logic:logic_core|is_body     ;
; -0.500 ; 0.500        ; 1.000          ; High Pulse Width ; CLOCK_50 ; Rise       ; Game_Logic:logic_core|is_border   ;
; -0.500 ; 0.500        ; 1.000          ; Low Pulse Width  ; CLOCK_50 ; Rise       ; Game_Logic:logic_core|is_border   ;
; -0.500 ; 0.500        ; 1.000          ; High Pulse Width ; CLOCK_50 ; Rise       ; Game_Logic:logic_core|is_head     ;
; -0.500 ; 0.500        ; 1.000          ; Low Pulse Width  ; CLOCK_50 ; Rise       ; Game_Logic:logic_core|is_head     ;
; -0.500 ; 0.500        ; 1.000          ; High Pulse Width ; CLOCK_50 ; Rise       ; Game_Logic:logic_core|is_obstacle ;
; -0.500 ; 0.500        ; 1.000          ; Low Pulse Width  ; CLOCK_50 ; Rise       ; Game_Logic:logic_core|is_obstacle ;
; -0.500 ; 0.500        ; 1.000          ; High Pulse Width ; CLOCK_50 ; Rise       ; Random_Generator:rng|cnt_x[1]     ;
; -0.500 ; 0.500        ; 1.000          ; Low Pulse Width  ; CLOCK_50 ; Rise       ; Random_Generator:rng|cnt_x[1]     ;
; -0.500 ; 0.500        ; 1.000          ; High Pulse Width ; CLOCK_50 ; Rise       ; Random_Generator:rng|cnt_x[2]     ;
; -0.500 ; 0.500        ; 1.000          ; Low Pulse Width  ; CLOCK_50 ; Rise       ; Random_Generator:rng|cnt_x[2]     ;
; -0.500 ; 0.500        ; 1.000          ; High Pulse Width ; CLOCK_50 ; Rise       ; Random_Generator:rng|cnt_x[3]     ;
; -0.500 ; 0.500        ; 1.000          ; Low Pulse Width  ; CLOCK_50 ; Rise       ; Random_Generator:rng|cnt_x[3]     ;
; -0.500 ; 0.500        ; 1.000          ; High Pulse Width ; CLOCK_50 ; Rise       ; Random_Generator:rng|cnt_x[4]     ;
; -0.500 ; 0.500        ; 1.000          ; Low Pulse Width  ; CLOCK_50 ; Rise       ; Random_Generator:rng|cnt_x[4]     ;
; -0.500 ; 0.500        ; 1.000          ; High Pulse Width ; CLOCK_50 ; Rise       ; Random_Generator:rng|cnt_x[5]     ;
; -0.500 ; 0.500        ; 1.000          ; Low Pulse Width  ; CLOCK_50 ; Rise       ; Random_Generator:rng|cnt_x[5]     ;
; -0.500 ; 0.500        ; 1.000          ; High Pulse Width ; CLOCK_50 ; Rise       ; Random_Generator:rng|cnt_x[6]     ;
; -0.500 ; 0.500        ; 1.000          ; Low Pulse Width  ; CLOCK_50 ; Rise       ; Random_Generator:rng|cnt_x[6]     ;
; -0.500 ; 0.500        ; 1.000          ; High Pulse Width ; CLOCK_50 ; Rise       ; Random_Generator:rng|cnt_y[2]     ;
; -0.500 ; 0.500        ; 1.000          ; Low Pulse Width  ; CLOCK_50 ; Rise       ; Random_Generator:rng|cnt_y[2]     ;
; -0.500 ; 0.500        ; 1.000          ; High Pulse Width ; CLOCK_50 ; Rise       ; Random_Generator:rng|cnt_y[3]     ;
; -0.500 ; 0.500        ; 1.000          ; Low Pulse Width  ; CLOCK_50 ; Rise       ; Random_Generator:rng|cnt_y[3]     ;
; -0.500 ; 0.500        ; 1.000          ; High Pulse Width ; CLOCK_50 ; Rise       ; Random_Generator:rng|cnt_y[4]     ;
; -0.500 ; 0.500        ; 1.000          ; Low Pulse Width  ; CLOCK_50 ; Rise       ; Random_Generator:rng|cnt_y[4]     ;
; -0.500 ; 0.500        ; 1.000          ; High Pulse Width ; CLOCK_50 ; Rise       ; Random_Generator:rng|cnt_y[5]     ;
; -0.500 ; 0.500        ; 1.000          ; Low Pulse Width  ; CLOCK_50 ; Rise       ; Random_Generator:rng|cnt_y[5]     ;
; -0.500 ; 0.500        ; 1.000          ; High Pulse Width ; CLOCK_50 ; Rise       ; Random_Generator:rng|rnd_x[10]    ;
; -0.500 ; 0.500        ; 1.000          ; Low Pulse Width  ; CLOCK_50 ; Rise       ; Random_Generator:rng|rnd_x[10]    ;
; -0.500 ; 0.500        ; 1.000          ; High Pulse Width ; CLOCK_50 ; Rise       ; Random_Generator:rng|rnd_x[1]     ;
; -0.500 ; 0.500        ; 1.000          ; Low Pulse Width  ; CLOCK_50 ; Rise       ; Random_Generator:rng|rnd_x[1]     ;
; -0.500 ; 0.500        ; 1.000          ; High Pulse Width ; CLOCK_50 ; Rise       ; Random_Generator:rng|rnd_x[2]     ;
; -0.500 ; 0.500        ; 1.000          ; Low Pulse Width  ; CLOCK_50 ; Rise       ; Random_Generator:rng|rnd_x[2]     ;
; -0.500 ; 0.500        ; 1.000          ; High Pulse Width ; CLOCK_50 ; Rise       ; Random_Generator:rng|rnd_x[3]     ;
; -0.500 ; 0.500        ; 1.000          ; Low Pulse Width  ; CLOCK_50 ; Rise       ; Random_Generator:rng|rnd_x[3]     ;
; -0.500 ; 0.500        ; 1.000          ; High Pulse Width ; CLOCK_50 ; Rise       ; Random_Generator:rng|rnd_x[4]     ;
; -0.500 ; 0.500        ; 1.000          ; Low Pulse Width  ; CLOCK_50 ; Rise       ; Random_Generator:rng|rnd_x[4]     ;
; -0.500 ; 0.500        ; 1.000          ; High Pulse Width ; CLOCK_50 ; Rise       ; Random_Generator:rng|rnd_x[5]     ;
; -0.500 ; 0.500        ; 1.000          ; Low Pulse Width  ; CLOCK_50 ; Rise       ; Random_Generator:rng|rnd_x[5]     ;
; -0.500 ; 0.500        ; 1.000          ; High Pulse Width ; CLOCK_50 ; Rise       ; Random_Generator:rng|rnd_x[6]     ;
; -0.500 ; 0.500        ; 1.000          ; Low Pulse Width  ; CLOCK_50 ; Rise       ; Random_Generator:rng|rnd_x[6]     ;
; -0.500 ; 0.500        ; 1.000          ; High Pulse Width ; CLOCK_50 ; Rise       ; Random_Generator:rng|rnd_x[7]     ;
; -0.500 ; 0.500        ; 1.000          ; Low Pulse Width  ; CLOCK_50 ; Rise       ; Random_Generator:rng|rnd_x[7]     ;
; -0.500 ; 0.500        ; 1.000          ; High Pulse Width ; CLOCK_50 ; Rise       ; Random_Generator:rng|rnd_x[8]     ;
; -0.500 ; 0.500        ; 1.000          ; Low Pulse Width  ; CLOCK_50 ; Rise       ; Random_Generator:rng|rnd_x[8]     ;
; -0.500 ; 0.500        ; 1.000          ; High Pulse Width ; CLOCK_50 ; Rise       ; Random_Generator:rng|rnd_x[9]     ;
+--------+--------------+----------------+------------------+----------+------------+-----------------------------------+


+------------------------------------------------------------------------------------------------------------------------+
; Slow Model Minimum Pulse Width: 'PS2_CLK'                                                                              ;
+--------+--------------+----------------+------------------+---------+------------+-------------------------------------+
; Slack  ; Actual Width ; Required Width ; Type             ; Clock   ; Clock Edge ; Target                              ;
+--------+--------------+----------------+------------------+---------+------------+-------------------------------------+
; -1.222 ; 1.000        ; 2.222          ; Port Rate        ; PS2_CLK ; Rise       ; PS2_CLK                             ;
; -0.500 ; 0.500        ; 1.000          ; High Pulse Width ; PS2_CLK ; Fall       ; Keyboard_Controller:kb|bit_count[0] ;
; -0.500 ; 0.500        ; 1.000          ; Low Pulse Width  ; PS2_CLK ; Fall       ; Keyboard_Controller:kb|bit_count[0] ;
; -0.500 ; 0.500        ; 1.000          ; High Pulse Width ; PS2_CLK ; Fall       ; Keyboard_Controller:kb|bit_count[1] ;
; -0.500 ; 0.500        ; 1.000          ; Low Pulse Width  ; PS2_CLK ; Fall       ; Keyboard_Controller:kb|bit_count[1] ;
; -0.500 ; 0.500        ; 1.000          ; High Pulse Width ; PS2_CLK ; Fall       ; Keyboard_Controller:kb|bit_count[2] ;
; -0.500 ; 0.500        ; 1.000          ; Low Pulse Width  ; PS2_CLK ; Fall       ; Keyboard_Controller:kb|bit_count[2] ;
; -0.500 ; 0.500        ; 1.000          ; High Pulse Width ; PS2_CLK ; Fall       ; Keyboard_Controller:kb|bit_count[3] ;
; -0.500 ; 0.500        ; 1.000          ; Low Pulse Width  ; PS2_CLK ; Fall       ; Keyboard_Controller:kb|bit_count[3] ;
; -0.500 ; 0.500        ; 1.000          ; High Pulse Width ; PS2_CLK ; Fall       ; Keyboard_Controller:kb|direction[1] ;
; -0.500 ; 0.500        ; 1.000          ; Low Pulse Width  ; PS2_CLK ; Fall       ; Keyboard_Controller:kb|direction[1] ;
; -0.500 ; 0.500        ; 1.000          ; High Pulse Width ; PS2_CLK ; Fall       ; Keyboard_Controller:kb|direction[2] ;
; -0.500 ; 0.500        ; 1.000          ; Low Pulse Width  ; PS2_CLK ; Fall       ; Keyboard_Controller:kb|direction[2] ;
; -0.500 ; 0.500        ; 1.000          ; High Pulse Width ; PS2_CLK ; Fall       ; Keyboard_Controller:kb|direction[3] ;
; -0.500 ; 0.500        ; 1.000          ; Low Pulse Width  ; PS2_CLK ; Fall       ; Keyboard_Controller:kb|direction[3] ;
; -0.500 ; 0.500        ; 1.000          ; High Pulse Width ; PS2_CLK ; Fall       ; Keyboard_Controller:kb|direction[4] ;
; -0.500 ; 0.500        ; 1.000          ; Low Pulse Width  ; PS2_CLK ; Fall       ; Keyboard_Controller:kb|direction[4] ;
; -0.500 ; 0.500        ; 1.000          ; High Pulse Width ; PS2_CLK ; Fall       ; Keyboard_Controller:kb|key_break    ;
; -0.500 ; 0.500        ; 1.000          ; Low Pulse Width  ; PS2_CLK ; Fall       ; Keyboard_Controller:kb|key_break    ;
; -0.500 ; 0.500        ; 1.000          ; High Pulse Width ; PS2_CLK ; Fall       ; Keyboard_Controller:kb|reset_cmd    ;
; -0.500 ; 0.500        ; 1.000          ; Low Pulse Width  ; PS2_CLK ; Fall       ; Keyboard_Controller:kb|reset_cmd    ;
; -0.500 ; 0.500        ; 1.000          ; High Pulse Width ; PS2_CLK ; Fall       ; Keyboard_Controller:kb|shift_reg[1] ;
; -0.500 ; 0.500        ; 1.000          ; Low Pulse Width  ; PS2_CLK ; Fall       ; Keyboard_Controller:kb|shift_reg[1] ;
; -0.500 ; 0.500        ; 1.000          ; High Pulse Width ; PS2_CLK ; Fall       ; Keyboard_Controller:kb|shift_reg[2] ;
; -0.500 ; 0.500        ; 1.000          ; Low Pulse Width  ; PS2_CLK ; Fall       ; Keyboard_Controller:kb|shift_reg[2] ;
; -0.500 ; 0.500        ; 1.000          ; High Pulse Width ; PS2_CLK ; Fall       ; Keyboard_Controller:kb|shift_reg[3] ;
; -0.500 ; 0.500        ; 1.000          ; Low Pulse Width  ; PS2_CLK ; Fall       ; Keyboard_Controller:kb|shift_reg[3] ;
; -0.500 ; 0.500        ; 1.000          ; High Pulse Width ; PS2_CLK ; Fall       ; Keyboard_Controller:kb|shift_reg[4] ;
; -0.500 ; 0.500        ; 1.000          ; Low Pulse Width  ; PS2_CLK ; Fall       ; Keyboard_Controller:kb|shift_reg[4] ;
; -0.500 ; 0.500        ; 1.000          ; High Pulse Width ; PS2_CLK ; Fall       ; Keyboard_Controller:kb|shift_reg[5] ;
; -0.500 ; 0.500        ; 1.000          ; Low Pulse Width  ; PS2_CLK ; Fall       ; Keyboard_Controller:kb|shift_reg[5] ;
; -0.500 ; 0.500        ; 1.000          ; High Pulse Width ; PS2_CLK ; Fall       ; Keyboard_Controller:kb|shift_reg[6] ;
; -0.500 ; 0.500        ; 1.000          ; Low Pulse Width  ; PS2_CLK ; Fall       ; Keyboard_Controller:kb|shift_reg[6] ;
; -0.500 ; 0.500        ; 1.000          ; High Pulse Width ; PS2_CLK ; Fall       ; Keyboard_Controller:kb|shift_reg[7] ;
; -0.500 ; 0.500        ; 1.000          ; Low Pulse Width  ; PS2_CLK ; Fall       ; Keyboard_Controller:kb|shift_reg[7] ;
; -0.500 ; 0.500        ; 1.000          ; High Pulse Width ; PS2_CLK ; Fall       ; Keyboard_Controller:kb|shift_reg[8] ;
; -0.500 ; 0.500        ; 1.000          ; Low Pulse Width  ; PS2_CLK ; Fall       ; Keyboard_Controller:kb|shift_reg[8] ;
; 0.500  ; 0.500        ; 0.000          ; High Pulse Width ; PS2_CLK ; Rise       ; PS2_CLK|combout                     ;
; 0.500  ; 0.500        ; 0.000          ; Low Pulse Width  ; PS2_CLK ; Rise       ; PS2_CLK|combout                     ;
; 0.500  ; 0.500        ; 0.000          ; High Pulse Width ; PS2_CLK ; Rise       ; kb|bit_count[0]|clk                 ;
; 0.500  ; 0.500        ; 0.000          ; Low Pulse Width  ; PS2_CLK ; Rise       ; kb|bit_count[0]|clk                 ;
; 0.500  ; 0.500        ; 0.000          ; High Pulse Width ; PS2_CLK ; Rise       ; kb|bit_count[1]|clk                 ;
; 0.500  ; 0.500        ; 0.000          ; Low Pulse Width  ; PS2_CLK ; Rise       ; kb|bit_count[1]|clk                 ;
; 0.500  ; 0.500        ; 0.000          ; High Pulse Width ; PS2_CLK ; Rise       ; kb|bit_count[2]|clk                 ;
; 0.500  ; 0.500        ; 0.000          ; Low Pulse Width  ; PS2_CLK ; Rise       ; kb|bit_count[2]|clk                 ;
; 0.500  ; 0.500        ; 0.000          ; High Pulse Width ; PS2_CLK ; Rise       ; kb|bit_count[3]|clk                 ;
; 0.500  ; 0.500        ; 0.000          ; Low Pulse Width  ; PS2_CLK ; Rise       ; kb|bit_count[3]|clk                 ;
; 0.500  ; 0.500        ; 0.000          ; High Pulse Width ; PS2_CLK ; Rise       ; kb|direction[1]|clk                 ;
; 0.500  ; 0.500        ; 0.000          ; Low Pulse Width  ; PS2_CLK ; Rise       ; kb|direction[1]|clk                 ;
; 0.500  ; 0.500        ; 0.000          ; High Pulse Width ; PS2_CLK ; Rise       ; kb|direction[2]|clk                 ;
; 0.500  ; 0.500        ; 0.000          ; Low Pulse Width  ; PS2_CLK ; Rise       ; kb|direction[2]|clk                 ;
; 0.500  ; 0.500        ; 0.000          ; High Pulse Width ; PS2_CLK ; Rise       ; kb|direction[3]|clk                 ;
; 0.500  ; 0.500        ; 0.000          ; Low Pulse Width  ; PS2_CLK ; Rise       ; kb|direction[3]|clk                 ;
; 0.500  ; 0.500        ; 0.000          ; High Pulse Width ; PS2_CLK ; Rise       ; kb|direction[4]|clk                 ;
; 0.500  ; 0.500        ; 0.000          ; Low Pulse Width  ; PS2_CLK ; Rise       ; kb|direction[4]|clk                 ;
; 0.500  ; 0.500        ; 0.000          ; High Pulse Width ; PS2_CLK ; Rise       ; kb|key_break|clk                    ;
; 0.500  ; 0.500        ; 0.000          ; Low Pulse Width  ; PS2_CLK ; Rise       ; kb|key_break|clk                    ;
; 0.500  ; 0.500        ; 0.000          ; High Pulse Width ; PS2_CLK ; Rise       ; kb|reset_cmd|clk                    ;
; 0.500  ; 0.500        ; 0.000          ; Low Pulse Width  ; PS2_CLK ; Rise       ; kb|reset_cmd|clk                    ;
; 0.500  ; 0.500        ; 0.000          ; High Pulse Width ; PS2_CLK ; Rise       ; kb|shift_reg[1]|clk                 ;
; 0.500  ; 0.500        ; 0.000          ; Low Pulse Width  ; PS2_CLK ; Rise       ; kb|shift_reg[1]|clk                 ;
; 0.500  ; 0.500        ; 0.000          ; High Pulse Width ; PS2_CLK ; Rise       ; kb|shift_reg[2]|clk                 ;
; 0.500  ; 0.500        ; 0.000          ; Low Pulse Width  ; PS2_CLK ; Rise       ; kb|shift_reg[2]|clk                 ;
; 0.500  ; 0.500        ; 0.000          ; High Pulse Width ; PS2_CLK ; Rise       ; kb|shift_reg[3]|clk                 ;
; 0.500  ; 0.500        ; 0.000          ; Low Pulse Width  ; PS2_CLK ; Rise       ; kb|shift_reg[3]|clk                 ;
; 0.500  ; 0.500        ; 0.000          ; High Pulse Width ; PS2_CLK ; Rise       ; kb|shift_reg[4]|clk                 ;
; 0.500  ; 0.500        ; 0.000          ; Low Pulse Width  ; PS2_CLK ; Rise       ; kb|shift_reg[4]|clk                 ;
; 0.500  ; 0.500        ; 0.000          ; High Pulse Width ; PS2_CLK ; Rise       ; kb|shift_reg[5]|clk                 ;
; 0.500  ; 0.500        ; 0.000          ; Low Pulse Width  ; PS2_CLK ; Rise       ; kb|shift_reg[5]|clk                 ;
; 0.500  ; 0.500        ; 0.000          ; High Pulse Width ; PS2_CLK ; Rise       ; kb|shift_reg[6]|clk                 ;
; 0.500  ; 0.500        ; 0.000          ; Low Pulse Width  ; PS2_CLK ; Rise       ; kb|shift_reg[6]|clk                 ;
; 0.500  ; 0.500        ; 0.000          ; High Pulse Width ; PS2_CLK ; Rise       ; kb|shift_reg[7]|clk                 ;
; 0.500  ; 0.500        ; 0.000          ; Low Pulse Width  ; PS2_CLK ; Rise       ; kb|shift_reg[7]|clk                 ;
; 0.500  ; 0.500        ; 0.000          ; High Pulse Width ; PS2_CLK ; Rise       ; kb|shift_reg[8]|clk                 ;
; 0.500  ; 0.500        ; 0.000          ; Low Pulse Width  ; PS2_CLK ; Rise       ; kb|shift_reg[8]|clk                 ;
+--------+--------------+----------------+------------------+---------+------------+-------------------------------------+


+----------------------------------------------------------------------------------------------------------------------------------------------------+
; Slow Model Minimum Pulse Width: 'Game_Clock:clk_gen|game_tick'                                                                                     ;
+--------+--------------+----------------+------------------+------------------------------+------------+--------------------------------------------+
; Slack  ; Actual Width ; Required Width ; Type             ; Clock                        ; Clock Edge ; Target                                     ;
+--------+--------------+----------------+------------------+------------------------------+------------+--------------------------------------------+
; -0.500 ; 0.500        ; 1.000          ; High Pulse Width ; Game_Clock:clk_gen|game_tick ; Rise       ; Game_Logic:logic_core|apple_x[1]           ;
; -0.500 ; 0.500        ; 1.000          ; Low Pulse Width  ; Game_Clock:clk_gen|game_tick ; Rise       ; Game_Logic:logic_core|apple_x[1]           ;
; -0.500 ; 0.500        ; 1.000          ; High Pulse Width ; Game_Clock:clk_gen|game_tick ; Rise       ; Game_Logic:logic_core|apple_x[2]           ;
; -0.500 ; 0.500        ; 1.000          ; Low Pulse Width  ; Game_Clock:clk_gen|game_tick ; Rise       ; Game_Logic:logic_core|apple_x[2]           ;
; -0.500 ; 0.500        ; 1.000          ; High Pulse Width ; Game_Clock:clk_gen|game_tick ; Rise       ; Game_Logic:logic_core|apple_x[3]           ;
; -0.500 ; 0.500        ; 1.000          ; Low Pulse Width  ; Game_Clock:clk_gen|game_tick ; Rise       ; Game_Logic:logic_core|apple_x[3]           ;
; -0.500 ; 0.500        ; 1.000          ; High Pulse Width ; Game_Clock:clk_gen|game_tick ; Rise       ; Game_Logic:logic_core|apple_x[4]           ;
; -0.500 ; 0.500        ; 1.000          ; Low Pulse Width  ; Game_Clock:clk_gen|game_tick ; Rise       ; Game_Logic:logic_core|apple_x[4]           ;
; -0.500 ; 0.500        ; 1.000          ; High Pulse Width ; Game_Clock:clk_gen|game_tick ; Rise       ; Game_Logic:logic_core|apple_x[5]           ;
; -0.500 ; 0.500        ; 1.000          ; Low Pulse Width  ; Game_Clock:clk_gen|game_tick ; Rise       ; Game_Logic:logic_core|apple_x[5]           ;
; -0.500 ; 0.500        ; 1.000          ; High Pulse Width ; Game_Clock:clk_gen|game_tick ; Rise       ; Game_Logic:logic_core|apple_x[6]           ;
; -0.500 ; 0.500        ; 1.000          ; Low Pulse Width  ; Game_Clock:clk_gen|game_tick ; Rise       ; Game_Logic:logic_core|apple_x[6]           ;
; -0.500 ; 0.500        ; 1.000          ; High Pulse Width ; Game_Clock:clk_gen|game_tick ; Rise       ; Game_Logic:logic_core|apple_x[7]           ;
; -0.500 ; 0.500        ; 1.000          ; Low Pulse Width  ; Game_Clock:clk_gen|game_tick ; Rise       ; Game_Logic:logic_core|apple_x[7]           ;
; -0.500 ; 0.500        ; 1.000          ; High Pulse Width ; Game_Clock:clk_gen|game_tick ; Rise       ; Game_Logic:logic_core|apple_x[8]           ;
; -0.500 ; 0.500        ; 1.000          ; Low Pulse Width  ; Game_Clock:clk_gen|game_tick ; Rise       ; Game_Logic:logic_core|apple_x[8]           ;
; -0.500 ; 0.500        ; 1.000          ; High Pulse Width ; Game_Clock:clk_gen|game_tick ; Rise       ; Game_Logic:logic_core|apple_x[9]           ;
; -0.500 ; 0.500        ; 1.000          ; Low Pulse Width  ; Game_Clock:clk_gen|game_tick ; Rise       ; Game_Logic:logic_core|apple_x[9]           ;
; -0.500 ; 0.500        ; 1.000          ; High Pulse Width ; Game_Clock:clk_gen|game_tick ; Rise       ; Game_Logic:logic_core|apple_y[1]           ;
; -0.500 ; 0.500        ; 1.000          ; Low Pulse Width  ; Game_Clock:clk_gen|game_tick ; Rise       ; Game_Logic:logic_core|apple_y[1]           ;
; -0.500 ; 0.500        ; 1.000          ; High Pulse Width ; Game_Clock:clk_gen|game_tick ; Rise       ; Game_Logic:logic_core|apple_y[2]           ;
; -0.500 ; 0.500        ; 1.000          ; Low Pulse Width  ; Game_Clock:clk_gen|game_tick ; Rise       ; Game_Logic:logic_core|apple_y[2]           ;
; -0.500 ; 0.500        ; 1.000          ; High Pulse Width ; Game_Clock:clk_gen|game_tick ; Rise       ; Game_Logic:logic_core|apple_y[3]           ;
; -0.500 ; 0.500        ; 1.000          ; Low Pulse Width  ; Game_Clock:clk_gen|game_tick ; Rise       ; Game_Logic:logic_core|apple_y[3]           ;
; -0.500 ; 0.500        ; 1.000          ; High Pulse Width ; Game_Clock:clk_gen|game_tick ; Rise       ; Game_Logic:logic_core|apple_y[4]           ;
; -0.500 ; 0.500        ; 1.000          ; Low Pulse Width  ; Game_Clock:clk_gen|game_tick ; Rise       ; Game_Logic:logic_core|apple_y[4]           ;
; -0.500 ; 0.500        ; 1.000          ; High Pulse Width ; Game_Clock:clk_gen|game_tick ; Rise       ; Game_Logic:logic_core|apple_y[5]           ;
; -0.500 ; 0.500        ; 1.000          ; Low Pulse Width  ; Game_Clock:clk_gen|game_tick ; Rise       ; Game_Logic:logic_core|apple_y[5]           ;
; -0.500 ; 0.500        ; 1.000          ; High Pulse Width ; Game_Clock:clk_gen|game_tick ; Rise       ; Game_Logic:logic_core|apple_y[6]           ;
; -0.500 ; 0.500        ; 1.000          ; Low Pulse Width  ; Game_Clock:clk_gen|game_tick ; Rise       ; Game_Logic:logic_core|apple_y[6]           ;
; -0.500 ; 0.500        ; 1.000          ; High Pulse Width ; Game_Clock:clk_gen|game_tick ; Rise       ; Game_Logic:logic_core|apple_y[7]           ;
; -0.500 ; 0.500        ; 1.000          ; Low Pulse Width  ; Game_Clock:clk_gen|game_tick ; Rise       ; Game_Logic:logic_core|apple_y[7]           ;
; -0.500 ; 0.500        ; 1.000          ; High Pulse Width ; Game_Clock:clk_gen|game_tick ; Rise       ; Game_Logic:logic_core|apple_y[8]           ;
; -0.500 ; 0.500        ; 1.000          ; Low Pulse Width  ; Game_Clock:clk_gen|game_tick ; Rise       ; Game_Logic:logic_core|apple_y[8]           ;
; -0.500 ; 0.500        ; 1.000          ; High Pulse Width ; Game_Clock:clk_gen|game_tick ; Rise       ; Game_Logic:logic_core|cur_dir[1]           ;
; -0.500 ; 0.500        ; 1.000          ; Low Pulse Width  ; Game_Clock:clk_gen|game_tick ; Rise       ; Game_Logic:logic_core|cur_dir[1]           ;
; -0.500 ; 0.500        ; 1.000          ; High Pulse Width ; Game_Clock:clk_gen|game_tick ; Rise       ; Game_Logic:logic_core|cur_dir[2]           ;
; -0.500 ; 0.500        ; 1.000          ; Low Pulse Width  ; Game_Clock:clk_gen|game_tick ; Rise       ; Game_Logic:logic_core|cur_dir[2]           ;
; -0.500 ; 0.500        ; 1.000          ; High Pulse Width ; Game_Clock:clk_gen|game_tick ; Rise       ; Game_Logic:logic_core|cur_dir[3]           ;
; -0.500 ; 0.500        ; 1.000          ; Low Pulse Width  ; Game_Clock:clk_gen|game_tick ; Rise       ; Game_Logic:logic_core|cur_dir[3]           ;
; -0.500 ; 0.500        ; 1.000          ; High Pulse Width ; Game_Clock:clk_gen|game_tick ; Rise       ; Game_Logic:logic_core|cur_dir[4]           ;
; -0.500 ; 0.500        ; 1.000          ; Low Pulse Width  ; Game_Clock:clk_gen|game_tick ; Rise       ; Game_Logic:logic_core|cur_dir[4]           ;
; -0.500 ; 0.500        ; 1.000          ; High Pulse Width ; Game_Clock:clk_gen|game_tick ; Rise       ; Game_Logic:logic_core|current_state.S_INIT ;
; -0.500 ; 0.500        ; 1.000          ; Low Pulse Width  ; Game_Clock:clk_gen|game_tick ; Rise       ; Game_Logic:logic_core|current_state.S_INIT ;
; -0.500 ; 0.500        ; 1.000          ; High Pulse Width ; Game_Clock:clk_gen|game_tick ; Rise       ; Game_Logic:logic_core|current_state.S_PLAY ;
; -0.500 ; 0.500        ; 1.000          ; Low Pulse Width  ; Game_Clock:clk_gen|game_tick ; Rise       ; Game_Logic:logic_core|current_state.S_PLAY ;
; -0.500 ; 0.500        ; 1.000          ; High Pulse Width ; Game_Clock:clk_gen|game_tick ; Rise       ; Game_Logic:logic_core|game_over            ;
; -0.500 ; 0.500        ; 1.000          ; Low Pulse Width  ; Game_Clock:clk_gen|game_tick ; Rise       ; Game_Logic:logic_core|game_over            ;
; -0.500 ; 0.500        ; 1.000          ; High Pulse Width ; Game_Clock:clk_gen|game_tick ; Rise       ; Game_Logic:logic_core|score[0]             ;
; -0.500 ; 0.500        ; 1.000          ; Low Pulse Width  ; Game_Clock:clk_gen|game_tick ; Rise       ; Game_Logic:logic_core|score[0]             ;
; -0.500 ; 0.500        ; 1.000          ; High Pulse Width ; Game_Clock:clk_gen|game_tick ; Rise       ; Game_Logic:logic_core|score[1]             ;
; -0.500 ; 0.500        ; 1.000          ; Low Pulse Width  ; Game_Clock:clk_gen|game_tick ; Rise       ; Game_Logic:logic_core|score[1]             ;
; -0.500 ; 0.500        ; 1.000          ; High Pulse Width ; Game_Clock:clk_gen|game_tick ; Rise       ; Game_Logic:logic_core|score[2]             ;
; -0.500 ; 0.500        ; 1.000          ; Low Pulse Width  ; Game_Clock:clk_gen|game_tick ; Rise       ; Game_Logic:logic_core|score[2]             ;
; -0.500 ; 0.500        ; 1.000          ; High Pulse Width ; Game_Clock:clk_gen|game_tick ; Rise       ; Game_Logic:logic_core|score[3]             ;
; -0.500 ; 0.500        ; 1.000          ; Low Pulse Width  ; Game_Clock:clk_gen|game_tick ; Rise       ; Game_Logic:logic_core|score[3]             ;
; -0.500 ; 0.500        ; 1.000          ; High Pulse Width ; Game_Clock:clk_gen|game_tick ; Rise       ; Game_Logic:logic_core|score[4]             ;
; -0.500 ; 0.500        ; 1.000          ; Low Pulse Width  ; Game_Clock:clk_gen|game_tick ; Rise       ; Game_Logic:logic_core|score[4]             ;
; -0.500 ; 0.500        ; 1.000          ; High Pulse Width ; Game_Clock:clk_gen|game_tick ; Rise       ; Game_Logic:logic_core|score[5]             ;
; -0.500 ; 0.500        ; 1.000          ; Low Pulse Width  ; Game_Clock:clk_gen|game_tick ; Rise       ; Game_Logic:logic_core|score[5]             ;
; -0.500 ; 0.500        ; 1.000          ; High Pulse Width ; Game_Clock:clk_gen|game_tick ; Rise       ; Game_Logic:logic_core|score[6]             ;
; -0.500 ; 0.500        ; 1.000          ; Low Pulse Width  ; Game_Clock:clk_gen|game_tick ; Rise       ; Game_Logic:logic_core|score[6]             ;
; -0.500 ; 0.500        ; 1.000          ; High Pulse Width ; Game_Clock:clk_gen|game_tick ; Rise       ; Game_Logic:logic_core|score[7]             ;
; -0.500 ; 0.500        ; 1.000          ; Low Pulse Width  ; Game_Clock:clk_gen|game_tick ; Rise       ; Game_Logic:logic_core|score[7]             ;
; -0.500 ; 0.500        ; 1.000          ; High Pulse Width ; Game_Clock:clk_gen|game_tick ; Rise       ; Game_Logic:logic_core|snake_len[0]         ;
; -0.500 ; 0.500        ; 1.000          ; Low Pulse Width  ; Game_Clock:clk_gen|game_tick ; Rise       ; Game_Logic:logic_core|snake_len[0]         ;
; -0.500 ; 0.500        ; 1.000          ; High Pulse Width ; Game_Clock:clk_gen|game_tick ; Rise       ; Game_Logic:logic_core|snake_len[1]         ;
; -0.500 ; 0.500        ; 1.000          ; Low Pulse Width  ; Game_Clock:clk_gen|game_tick ; Rise       ; Game_Logic:logic_core|snake_len[1]         ;
; -0.500 ; 0.500        ; 1.000          ; High Pulse Width ; Game_Clock:clk_gen|game_tick ; Rise       ; Game_Logic:logic_core|snake_len[2]         ;
; -0.500 ; 0.500        ; 1.000          ; Low Pulse Width  ; Game_Clock:clk_gen|game_tick ; Rise       ; Game_Logic:logic_core|snake_len[2]         ;
; -0.500 ; 0.500        ; 1.000          ; High Pulse Width ; Game_Clock:clk_gen|game_tick ; Rise       ; Game_Logic:logic_core|snake_len[3]         ;
; -0.500 ; 0.500        ; 1.000          ; Low Pulse Width  ; Game_Clock:clk_gen|game_tick ; Rise       ; Game_Logic:logic_core|snake_len[3]         ;
; -0.500 ; 0.500        ; 1.000          ; High Pulse Width ; Game_Clock:clk_gen|game_tick ; Rise       ; Game_Logic:logic_core|snake_len[4]         ;
; -0.500 ; 0.500        ; 1.000          ; Low Pulse Width  ; Game_Clock:clk_gen|game_tick ; Rise       ; Game_Logic:logic_core|snake_len[4]         ;
; -0.500 ; 0.500        ; 1.000          ; High Pulse Width ; Game_Clock:clk_gen|game_tick ; Rise       ; Game_Logic:logic_core|snake_len[5]         ;
; -0.500 ; 0.500        ; 1.000          ; Low Pulse Width  ; Game_Clock:clk_gen|game_tick ; Rise       ; Game_Logic:logic_core|snake_len[5]         ;
; -0.500 ; 0.500        ; 1.000          ; High Pulse Width ; Game_Clock:clk_gen|game_tick ; Rise       ; Game_Logic:logic_core|snake_len[6]         ;
; -0.500 ; 0.500        ; 1.000          ; Low Pulse Width  ; Game_Clock:clk_gen|game_tick ; Rise       ; Game_Logic:logic_core|snake_len[6]         ;
; -0.500 ; 0.500        ; 1.000          ; High Pulse Width ; Game_Clock:clk_gen|game_tick ; Rise       ; Game_Logic:logic_core|snake_x[0][10]       ;
; -0.500 ; 0.500        ; 1.000          ; Low Pulse Width  ; Game_Clock:clk_gen|game_tick ; Rise       ; Game_Logic:logic_core|snake_x[0][10]       ;
; -0.500 ; 0.500        ; 1.000          ; High Pulse Width ; Game_Clock:clk_gen|game_tick ; Rise       ; Game_Logic:logic_core|snake_x[0][1]        ;
; -0.500 ; 0.500        ; 1.000          ; Low Pulse Width  ; Game_Clock:clk_gen|game_tick ; Rise       ; Game_Logic:logic_core|snake_x[0][1]        ;
; -0.500 ; 0.500        ; 1.000          ; High Pulse Width ; Game_Clock:clk_gen|game_tick ; Rise       ; Game_Logic:logic_core|snake_x[0][2]        ;
; -0.500 ; 0.500        ; 1.000          ; Low Pulse Width  ; Game_Clock:clk_gen|game_tick ; Rise       ; Game_Logic:logic_core|snake_x[0][2]        ;
; -0.500 ; 0.500        ; 1.000          ; High Pulse Width ; Game_Clock:clk_gen|game_tick ; Rise       ; Game_Logic:logic_core|snake_x[0][3]        ;
; -0.500 ; 0.500        ; 1.000          ; Low Pulse Width  ; Game_Clock:clk_gen|game_tick ; Rise       ; Game_Logic:logic_core|snake_x[0][3]        ;
; -0.500 ; 0.500        ; 1.000          ; High Pulse Width ; Game_Clock:clk_gen|game_tick ; Rise       ; Game_Logic:logic_core|snake_x[0][4]        ;
; -0.500 ; 0.500        ; 1.000          ; Low Pulse Width  ; Game_Clock:clk_gen|game_tick ; Rise       ; Game_Logic:logic_core|snake_x[0][4]        ;
; -0.500 ; 0.500        ; 1.000          ; High Pulse Width ; Game_Clock:clk_gen|game_tick ; Rise       ; Game_Logic:logic_core|snake_x[0][5]        ;
; -0.500 ; 0.500        ; 1.000          ; Low Pulse Width  ; Game_Clock:clk_gen|game_tick ; Rise       ; Game_Logic:logic_core|snake_x[0][5]        ;
; -0.500 ; 0.500        ; 1.000          ; High Pulse Width ; Game_Clock:clk_gen|game_tick ; Rise       ; Game_Logic:logic_core|snake_x[0][6]        ;
; -0.500 ; 0.500        ; 1.000          ; Low Pulse Width  ; Game_Clock:clk_gen|game_tick ; Rise       ; Game_Logic:logic_core|snake_x[0][6]        ;
; -0.500 ; 0.500        ; 1.000          ; High Pulse Width ; Game_Clock:clk_gen|game_tick ; Rise       ; Game_Logic:logic_core|snake_x[0][7]        ;
; -0.500 ; 0.500        ; 1.000          ; Low Pulse Width  ; Game_Clock:clk_gen|game_tick ; Rise       ; Game_Logic:logic_core|snake_x[0][7]        ;
; -0.500 ; 0.500        ; 1.000          ; High Pulse Width ; Game_Clock:clk_gen|game_tick ; Rise       ; Game_Logic:logic_core|snake_x[0][8]        ;
; -0.500 ; 0.500        ; 1.000          ; Low Pulse Width  ; Game_Clock:clk_gen|game_tick ; Rise       ; Game_Logic:logic_core|snake_x[0][8]        ;
; -0.500 ; 0.500        ; 1.000          ; High Pulse Width ; Game_Clock:clk_gen|game_tick ; Rise       ; Game_Logic:logic_core|snake_x[0][9]        ;
; -0.500 ; 0.500        ; 1.000          ; Low Pulse Width  ; Game_Clock:clk_gen|game_tick ; Rise       ; Game_Logic:logic_core|snake_x[0][9]        ;
; -0.500 ; 0.500        ; 1.000          ; High Pulse Width ; Game_Clock:clk_gen|game_tick ; Rise       ; Game_Logic:logic_core|snake_x[100][10]     ;
; -0.500 ; 0.500        ; 1.000          ; Low Pulse Width  ; Game_Clock:clk_gen|game_tick ; Rise       ; Game_Logic:logic_core|snake_x[100][10]     ;
+--------+--------------+----------------+------------------+------------------------------+------------+--------------------------------------------+


+------------------------------------------------------------------------------------------------------+
; Setup Times                                                                                          ;
+-----------+------------------------------+-------+-------+------------+------------------------------+
; Data Port ; Clock Port                   ; Rise  ; Fall  ; Clock Edge ; Clock Reference              ;
+-----------+------------------------------+-------+-------+------------+------------------------------+
; SW0_RESET ; Game_Clock:clk_gen|game_tick ; 0.301 ; 0.301 ; Rise       ; Game_Clock:clk_gen|game_tick ;
; PS2_DAT   ; PS2_CLK                      ; 3.774 ; 3.774 ; Fall       ; PS2_CLK                      ;
+-----------+------------------------------+-------+-------+------------+------------------------------+


+--------------------------------------------------------------------------------------------------------+
; Hold Times                                                                                             ;
+-----------+------------------------------+--------+--------+------------+------------------------------+
; Data Port ; Clock Port                   ; Rise   ; Fall   ; Clock Edge ; Clock Reference              ;
+-----------+------------------------------+--------+--------+------------+------------------------------+
; SW0_RESET ; Game_Clock:clk_gen|game_tick ; 0.327  ; 0.327  ; Rise       ; Game_Clock:clk_gen|game_tick ;
; PS2_DAT   ; PS2_CLK                      ; -3.256 ; -3.256 ; Fall       ; PS2_CLK                      ;
+-----------+------------------------------+--------+--------+------------+------------------------------+


+----------------------------------------------------------------------------------------------------------+
; Clock to Output Times                                                                                    ;
+-------------+------------------------------+--------+--------+------------+------------------------------+
; Data Port   ; Clock Port                   ; Rise   ; Fall   ; Clock Edge ; Clock Reference              ;
+-------------+------------------------------+--------+--------+------------+------------------------------+
; VGA_B[*]    ; CLOCK_50                     ; 7.182  ; 7.182  ; Rise       ; CLOCK_50                     ;
;  VGA_B[0]   ; CLOCK_50                     ; 7.182  ; 7.182  ; Rise       ; CLOCK_50                     ;
;  VGA_B[1]   ; CLOCK_50                     ; 7.175  ; 7.175  ; Rise       ; CLOCK_50                     ;
;  VGA_B[2]   ; CLOCK_50                     ; 7.148  ; 7.148  ; Rise       ; CLOCK_50                     ;
;  VGA_B[3]   ; CLOCK_50                     ; 7.170  ; 7.170  ; Rise       ; CLOCK_50                     ;
;  VGA_B[4]   ; CLOCK_50                     ; 6.973  ; 6.973  ; Rise       ; CLOCK_50                     ;
;  VGA_B[5]   ; CLOCK_50                     ; 6.973  ; 6.973  ; Rise       ; CLOCK_50                     ;
;  VGA_B[6]   ; CLOCK_50                     ; 7.003  ; 7.003  ; Rise       ; CLOCK_50                     ;
;  VGA_B[7]   ; CLOCK_50                     ; 6.956  ; 6.956  ; Rise       ; CLOCK_50                     ;
;  VGA_B[8]   ; CLOCK_50                     ; 7.010  ; 7.010  ; Rise       ; CLOCK_50                     ;
;  VGA_B[9]   ; CLOCK_50                     ; 6.932  ; 6.932  ; Rise       ; CLOCK_50                     ;
; VGA_BLANK_N ; CLOCK_50                     ; 7.683  ; 7.683  ; Rise       ; CLOCK_50                     ;
; VGA_CLK     ; CLOCK_50                     ; 5.541  ; 5.541  ; Rise       ; CLOCK_50                     ;
; VGA_G[*]    ; CLOCK_50                     ; 7.476  ; 7.476  ; Rise       ; CLOCK_50                     ;
;  VGA_G[0]   ; CLOCK_50                     ; 7.226  ; 7.226  ; Rise       ; CLOCK_50                     ;
;  VGA_G[1]   ; CLOCK_50                     ; 7.248  ; 7.248  ; Rise       ; CLOCK_50                     ;
;  VGA_G[2]   ; CLOCK_50                     ; 7.386  ; 7.386  ; Rise       ; CLOCK_50                     ;
;  VGA_G[3]   ; CLOCK_50                     ; 7.200  ; 7.200  ; Rise       ; CLOCK_50                     ;
;  VGA_G[4]   ; CLOCK_50                     ; 7.454  ; 7.454  ; Rise       ; CLOCK_50                     ;
;  VGA_G[5]   ; CLOCK_50                     ; 7.476  ; 7.476  ; Rise       ; CLOCK_50                     ;
;  VGA_G[6]   ; CLOCK_50                     ; 7.169  ; 7.169  ; Rise       ; CLOCK_50                     ;
;  VGA_G[7]   ; CLOCK_50                     ; 7.192  ; 7.192  ; Rise       ; CLOCK_50                     ;
;  VGA_G[8]   ; CLOCK_50                     ; 7.228  ; 7.228  ; Rise       ; CLOCK_50                     ;
;  VGA_G[9]   ; CLOCK_50                     ; 7.219  ; 7.219  ; Rise       ; CLOCK_50                     ;
; VGA_HS      ; CLOCK_50                     ; 8.053  ; 8.053  ; Rise       ; CLOCK_50                     ;
; VGA_R[*]    ; CLOCK_50                     ; 7.715  ; 7.715  ; Rise       ; CLOCK_50                     ;
;  VGA_R[0]   ; CLOCK_50                     ; 7.715  ; 7.715  ; Rise       ; CLOCK_50                     ;
;  VGA_R[1]   ; CLOCK_50                     ; 7.507  ; 7.507  ; Rise       ; CLOCK_50                     ;
;  VGA_R[2]   ; CLOCK_50                     ; 7.548  ; 7.548  ; Rise       ; CLOCK_50                     ;
;  VGA_R[3]   ; CLOCK_50                     ; 7.445  ; 7.445  ; Rise       ; CLOCK_50                     ;
;  VGA_R[4]   ; CLOCK_50                     ; 7.494  ; 7.494  ; Rise       ; CLOCK_50                     ;
;  VGA_R[5]   ; CLOCK_50                     ; 7.458  ; 7.458  ; Rise       ; CLOCK_50                     ;
;  VGA_R[6]   ; CLOCK_50                     ; 7.435  ; 7.435  ; Rise       ; CLOCK_50                     ;
;  VGA_R[7]   ; CLOCK_50                     ; 7.457  ; 7.457  ; Rise       ; CLOCK_50                     ;
;  VGA_R[8]   ; CLOCK_50                     ; 7.235  ; 7.235  ; Rise       ; CLOCK_50                     ;
;  VGA_R[9]   ; CLOCK_50                     ; 7.276  ; 7.276  ; Rise       ; CLOCK_50                     ;
; VGA_VS      ; CLOCK_50                     ; 7.410  ; 7.410  ; Rise       ; CLOCK_50                     ;
; VGA_CLK     ; CLOCK_50                     ; 5.541  ; 5.541  ; Fall       ; CLOCK_50                     ;
; HEX0[*]     ; Game_Clock:clk_gen|game_tick ; 22.181 ; 22.181 ; Rise       ; Game_Clock:clk_gen|game_tick ;
;  HEX0[0]    ; Game_Clock:clk_gen|game_tick ; 22.181 ; 22.181 ; Rise       ; Game_Clock:clk_gen|game_tick ;
;  HEX0[1]    ; Game_Clock:clk_gen|game_tick ; 22.157 ; 22.157 ; Rise       ; Game_Clock:clk_gen|game_tick ;
;  HEX0[2]    ; Game_Clock:clk_gen|game_tick ; 22.158 ; 22.158 ; Rise       ; Game_Clock:clk_gen|game_tick ;
;  HEX0[3]    ; Game_Clock:clk_gen|game_tick ; 21.930 ; 21.930 ; Rise       ; Game_Clock:clk_gen|game_tick ;
;  HEX0[4]    ; Game_Clock:clk_gen|game_tick ; 21.948 ; 21.948 ; Rise       ; Game_Clock:clk_gen|game_tick ;
;  HEX0[5]    ; Game_Clock:clk_gen|game_tick ; 21.915 ; 21.915 ; Rise       ; Game_Clock:clk_gen|game_tick ;
;  HEX0[6]    ; Game_Clock:clk_gen|game_tick ; 21.908 ; 21.908 ; Rise       ; Game_Clock:clk_gen|game_tick ;
; HEX1[*]     ; Game_Clock:clk_gen|game_tick ; 22.474 ; 22.474 ; Rise       ; Game_Clock:clk_gen|game_tick ;
;  HEX1[0]    ; Game_Clock:clk_gen|game_tick ; 22.474 ; 22.474 ; Rise       ; Game_Clock:clk_gen|game_tick ;
;  HEX1[1]    ; Game_Clock:clk_gen|game_tick ; 22.468 ; 22.468 ; Rise       ; Game_Clock:clk_gen|game_tick ;
;  HEX1[2]    ; Game_Clock:clk_gen|game_tick ; 22.334 ; 22.334 ; Rise       ; Game_Clock:clk_gen|game_tick ;
;  HEX1[3]    ; Game_Clock:clk_gen|game_tick ; 22.317 ; 22.317 ; Rise       ; Game_Clock:clk_gen|game_tick ;
;  HEX1[4]    ; Game_Clock:clk_gen|game_tick ; 22.318 ; 22.318 ; Rise       ; Game_Clock:clk_gen|game_tick ;
;  HEX1[5]    ; Game_Clock:clk_gen|game_tick ; 22.298 ; 22.298 ; Rise       ; Game_Clock:clk_gen|game_tick ;
;  HEX1[6]    ; Game_Clock:clk_gen|game_tick ; 22.318 ; 22.318 ; Rise       ; Game_Clock:clk_gen|game_tick ;
; LEDR[*]     ; Game_Clock:clk_gen|game_tick ; 8.977  ; 8.977  ; Rise       ; Game_Clock:clk_gen|game_tick ;
;  LEDR[1]    ; Game_Clock:clk_gen|game_tick ; 8.977  ; 8.977  ; Rise       ; Game_Clock:clk_gen|game_tick ;
;  LEDR[2]    ; Game_Clock:clk_gen|game_tick ; 8.803  ; 8.803  ; Rise       ; Game_Clock:clk_gen|game_tick ;
;  LEDR[3]    ; Game_Clock:clk_gen|game_tick ; 8.879  ; 8.879  ; Rise       ; Game_Clock:clk_gen|game_tick ;
;  LEDR[4]    ; Game_Clock:clk_gen|game_tick ; 8.796  ; 8.796  ; Rise       ; Game_Clock:clk_gen|game_tick ;
+-------------+------------------------------+--------+--------+------------+------------------------------+


+----------------------------------------------------------------------------------------------------------+
; Minimum Clock to Output Times                                                                            ;
+-------------+------------------------------+--------+--------+------------+------------------------------+
; Data Port   ; Clock Port                   ; Rise   ; Fall   ; Clock Edge ; Clock Reference              ;
+-------------+------------------------------+--------+--------+------------+------------------------------+
; VGA_B[*]    ; CLOCK_50                     ; 6.932  ; 6.932  ; Rise       ; CLOCK_50                     ;
;  VGA_B[0]   ; CLOCK_50                     ; 7.182  ; 7.182  ; Rise       ; CLOCK_50                     ;
;  VGA_B[1]   ; CLOCK_50                     ; 7.175  ; 7.175  ; Rise       ; CLOCK_50                     ;
;  VGA_B[2]   ; CLOCK_50                     ; 7.148  ; 7.148  ; Rise       ; CLOCK_50                     ;
;  VGA_B[3]   ; CLOCK_50                     ; 7.170  ; 7.170  ; Rise       ; CLOCK_50                     ;
;  VGA_B[4]   ; CLOCK_50                     ; 6.973  ; 6.973  ; Rise       ; CLOCK_50                     ;
;  VGA_B[5]   ; CLOCK_50                     ; 6.973  ; 6.973  ; Rise       ; CLOCK_50                     ;
;  VGA_B[6]   ; CLOCK_50                     ; 7.003  ; 7.003  ; Rise       ; CLOCK_50                     ;
;  VGA_B[7]   ; CLOCK_50                     ; 6.956  ; 6.956  ; Rise       ; CLOCK_50                     ;
;  VGA_B[8]   ; CLOCK_50                     ; 7.010  ; 7.010  ; Rise       ; CLOCK_50                     ;
;  VGA_B[9]   ; CLOCK_50                     ; 6.932  ; 6.932  ; Rise       ; CLOCK_50                     ;
; VGA_BLANK_N ; CLOCK_50                     ; 7.683  ; 7.683  ; Rise       ; CLOCK_50                     ;
; VGA_CLK     ; CLOCK_50                     ; 5.541  ; 5.541  ; Rise       ; CLOCK_50                     ;
; VGA_G[*]    ; CLOCK_50                     ; 7.169  ; 7.169  ; Rise       ; CLOCK_50                     ;
;  VGA_G[0]   ; CLOCK_50                     ; 7.226  ; 7.226  ; Rise       ; CLOCK_50                     ;
;  VGA_G[1]   ; CLOCK_50                     ; 7.248  ; 7.248  ; Rise       ; CLOCK_50                     ;
;  VGA_G[2]   ; CLOCK_50                     ; 7.386  ; 7.386  ; Rise       ; CLOCK_50                     ;
;  VGA_G[3]   ; CLOCK_50                     ; 7.200  ; 7.200  ; Rise       ; CLOCK_50                     ;
;  VGA_G[4]   ; CLOCK_50                     ; 7.454  ; 7.454  ; Rise       ; CLOCK_50                     ;
;  VGA_G[5]   ; CLOCK_50                     ; 7.476  ; 7.476  ; Rise       ; CLOCK_50                     ;
;  VGA_G[6]   ; CLOCK_50                     ; 7.169  ; 7.169  ; Rise       ; CLOCK_50                     ;
;  VGA_G[7]   ; CLOCK_50                     ; 7.192  ; 7.192  ; Rise       ; CLOCK_50                     ;
;  VGA_G[8]   ; CLOCK_50                     ; 7.228  ; 7.228  ; Rise       ; CLOCK_50                     ;
;  VGA_G[9]   ; CLOCK_50                     ; 7.219  ; 7.219  ; Rise       ; CLOCK_50                     ;
; VGA_HS      ; CLOCK_50                     ; 8.053  ; 8.053  ; Rise       ; CLOCK_50                     ;
; VGA_R[*]    ; CLOCK_50                     ; 7.235  ; 7.235  ; Rise       ; CLOCK_50                     ;
;  VGA_R[0]   ; CLOCK_50                     ; 7.715  ; 7.715  ; Rise       ; CLOCK_50                     ;
;  VGA_R[1]   ; CLOCK_50                     ; 7.507  ; 7.507  ; Rise       ; CLOCK_50                     ;
;  VGA_R[2]   ; CLOCK_50                     ; 7.548  ; 7.548  ; Rise       ; CLOCK_50                     ;
;  VGA_R[3]   ; CLOCK_50                     ; 7.445  ; 7.445  ; Rise       ; CLOCK_50                     ;
;  VGA_R[4]   ; CLOCK_50                     ; 7.494  ; 7.494  ; Rise       ; CLOCK_50                     ;
;  VGA_R[5]   ; CLOCK_50                     ; 7.458  ; 7.458  ; Rise       ; CLOCK_50                     ;
;  VGA_R[6]   ; CLOCK_50                     ; 7.435  ; 7.435  ; Rise       ; CLOCK_50                     ;
;  VGA_R[7]   ; CLOCK_50                     ; 7.457  ; 7.457  ; Rise       ; CLOCK_50                     ;
;  VGA_R[8]   ; CLOCK_50                     ; 7.235  ; 7.235  ; Rise       ; CLOCK_50                     ;
;  VGA_R[9]   ; CLOCK_50                     ; 7.276  ; 7.276  ; Rise       ; CLOCK_50                     ;
; VGA_VS      ; CLOCK_50                     ; 7.410  ; 7.410  ; Rise       ; CLOCK_50                     ;
; VGA_CLK     ; CLOCK_50                     ; 5.541  ; 5.541  ; Fall       ; CLOCK_50                     ;
; HEX0[*]     ; Game_Clock:clk_gen|game_tick ; 9.432  ; 9.432  ; Rise       ; Game_Clock:clk_gen|game_tick ;
;  HEX0[0]    ; Game_Clock:clk_gen|game_tick ; 9.704  ; 9.704  ; Rise       ; Game_Clock:clk_gen|game_tick ;
;  HEX0[1]    ; Game_Clock:clk_gen|game_tick ; 9.680  ; 9.680  ; Rise       ; Game_Clock:clk_gen|game_tick ;
;  HEX0[2]    ; Game_Clock:clk_gen|game_tick ; 9.682  ; 9.682  ; Rise       ; Game_Clock:clk_gen|game_tick ;
;  HEX0[3]    ; Game_Clock:clk_gen|game_tick ; 9.453  ; 9.453  ; Rise       ; Game_Clock:clk_gen|game_tick ;
;  HEX0[4]    ; Game_Clock:clk_gen|game_tick ; 9.441  ; 9.441  ; Rise       ; Game_Clock:clk_gen|game_tick ;
;  HEX0[5]    ; Game_Clock:clk_gen|game_tick ; 9.435  ; 9.435  ; Rise       ; Game_Clock:clk_gen|game_tick ;
;  HEX0[6]    ; Game_Clock:clk_gen|game_tick ; 9.432  ; 9.432  ; Rise       ; Game_Clock:clk_gen|game_tick ;
; HEX1[*]     ; Game_Clock:clk_gen|game_tick ; 13.046 ; 13.046 ; Rise       ; Game_Clock:clk_gen|game_tick ;
;  HEX1[0]    ; Game_Clock:clk_gen|game_tick ; 13.222 ; 13.222 ; Rise       ; Game_Clock:clk_gen|game_tick ;
;  HEX1[1]    ; Game_Clock:clk_gen|game_tick ; 13.216 ; 13.216 ; Rise       ; Game_Clock:clk_gen|game_tick ;
;  HEX1[2]    ; Game_Clock:clk_gen|game_tick ; 13.082 ; 13.082 ; Rise       ; Game_Clock:clk_gen|game_tick ;
;  HEX1[3]    ; Game_Clock:clk_gen|game_tick ; 13.065 ; 13.065 ; Rise       ; Game_Clock:clk_gen|game_tick ;
;  HEX1[4]    ; Game_Clock:clk_gen|game_tick ; 13.066 ; 13.066 ; Rise       ; Game_Clock:clk_gen|game_tick ;
;  HEX1[5]    ; Game_Clock:clk_gen|game_tick ; 13.046 ; 13.046 ; Rise       ; Game_Clock:clk_gen|game_tick ;
;  HEX1[6]    ; Game_Clock:clk_gen|game_tick ; 13.066 ; 13.066 ; Rise       ; Game_Clock:clk_gen|game_tick ;
; LEDR[*]     ; Game_Clock:clk_gen|game_tick ; 8.796  ; 8.796  ; Rise       ; Game_Clock:clk_gen|game_tick ;
;  LEDR[1]    ; Game_Clock:clk_gen|game_tick ; 8.977  ; 8.977  ; Rise       ; Game_Clock:clk_gen|game_tick ;
;  LEDR[2]    ; Game_Clock:clk_gen|game_tick ; 8.803  ; 8.803  ; Rise       ; Game_Clock:clk_gen|game_tick ;
;  LEDR[3]    ; Game_Clock:clk_gen|game_tick ; 8.879  ; 8.879  ; Rise       ; Game_Clock:clk_gen|game_tick ;
;  LEDR[4]    ; Game_Clock:clk_gen|game_tick ; 8.796  ; 8.796  ; Rise       ; Game_Clock:clk_gen|game_tick ;
+-------------+------------------------------+--------+--------+------------+------------------------------+


+-------------------------------------------------------+
; Fast Model Setup Summary                              ;
+------------------------------+--------+---------------+
; Clock                        ; Slack  ; End Point TNS ;
+------------------------------+--------+---------------+
; CLOCK_50                     ; -7.808 ; -310.118      ;
; Game_Clock:clk_gen|game_tick ; -3.090 ; -1070.080     ;
; PS2_CLK                      ; -0.454 ; -2.036        ;
+------------------------------+--------+---------------+


+-------------------------------------------------------+
; Fast Model Hold Summary                               ;
+------------------------------+--------+---------------+
; Clock                        ; Slack  ; End Point TNS ;
+------------------------------+--------+---------------+
; CLOCK_50                     ; -1.575 ; -1.575        ;
; Game_Clock:clk_gen|game_tick ; 0.145  ; 0.000         ;
; PS2_CLK                      ; 0.215  ; 0.000         ;
+------------------------------+--------+---------------+


-------------------------------
; Fast Model Recovery Summary ;
-------------------------------
No paths to report.


------------------------------
; Fast Model Removal Summary ;
------------------------------
No paths to report.


+-------------------------------------------------------+
; Fast Model Minimum Pulse Width Summary                ;
+------------------------------+--------+---------------+
; Clock                        ; Slack  ; End Point TNS ;
+------------------------------+--------+---------------+
; CLOCK_50                     ; -1.380 ; -113.380      ;
; PS2_CLK                      ; -1.222 ; -19.222       ;
; Game_Clock:clk_gen|game_tick ; -0.500 ; -2452.000     ;
+------------------------------+--------+---------------+


+-------------------------------------------------------------------------------------------------------------------------------+
; Fast Model Setup: 'CLOCK_50'                                                                                                  ;
+--------+--------------------------------+---------------+--------------+-------------+--------------+------------+------------+
; Slack  ; From Node                      ; To Node       ; Launch Clock ; Latch Clock ; Relationship ; Clock Skew ; Data Delay ;
+--------+--------------------------------+---------------+--------------+-------------+--------------+------------+------------+
; -7.808 ; VGA_Controller:vga|pixel_x[8]  ; VGA_R[2]~reg0 ; CLOCK_50     ; CLOCK_50    ; 1.000        ; 0.017      ; 8.857      ;
; -7.794 ; VGA_Controller:vga|pixel_x[9]  ; VGA_R[2]~reg0 ; CLOCK_50     ; CLOCK_50    ; 1.000        ; 0.017      ; 8.843      ;
; -7.760 ; VGA_Controller:vga|pixel_x[10] ; VGA_R[2]~reg0 ; CLOCK_50     ; CLOCK_50    ; 1.000        ; 0.017      ; 8.809      ;
; -7.561 ; VGA_Controller:vga|pixel_x[8]  ; VGA_R[6]~reg0 ; CLOCK_50     ; CLOCK_50    ; 1.000        ; 0.017      ; 8.610      ;
; -7.547 ; VGA_Controller:vga|pixel_x[9]  ; VGA_R[6]~reg0 ; CLOCK_50     ; CLOCK_50    ; 1.000        ; 0.017      ; 8.596      ;
; -7.513 ; VGA_Controller:vga|pixel_x[10] ; VGA_R[6]~reg0 ; CLOCK_50     ; CLOCK_50    ; 1.000        ; 0.017      ; 8.562      ;
; -7.395 ; VGA_Controller:vga|pixel_x[8]  ; VGA_G[2]~reg0 ; CLOCK_50     ; CLOCK_50    ; 1.000        ; 0.017      ; 8.444      ;
; -7.390 ; VGA_Controller:vga|pixel_x[8]  ; VGA_G[6]~reg0 ; CLOCK_50     ; CLOCK_50    ; 1.000        ; 0.017      ; 8.439      ;
; -7.381 ; VGA_Controller:vga|pixel_x[9]  ; VGA_G[2]~reg0 ; CLOCK_50     ; CLOCK_50    ; 1.000        ; 0.017      ; 8.430      ;
; -7.376 ; VGA_Controller:vga|pixel_x[9]  ; VGA_G[6]~reg0 ; CLOCK_50     ; CLOCK_50    ; 1.000        ; 0.017      ; 8.425      ;
; -7.347 ; VGA_Controller:vga|pixel_x[10] ; VGA_G[2]~reg0 ; CLOCK_50     ; CLOCK_50    ; 1.000        ; 0.017      ; 8.396      ;
; -7.342 ; VGA_Controller:vga|pixel_x[10] ; VGA_G[6]~reg0 ; CLOCK_50     ; CLOCK_50    ; 1.000        ; 0.017      ; 8.391      ;
; -7.281 ; VGA_Controller:vga|pixel_x[8]  ; VGA_G[7]~reg0 ; CLOCK_50     ; CLOCK_50    ; 1.000        ; 0.017      ; 8.330      ;
; -7.280 ; VGA_Controller:vga|pixel_x[8]  ; VGA_G[3]~reg0 ; CLOCK_50     ; CLOCK_50    ; 1.000        ; 0.017      ; 8.329      ;
; -7.271 ; VGA_Controller:vga|pixel_x[8]  ; VGA_G[9]~reg0 ; CLOCK_50     ; CLOCK_50    ; 1.000        ; 0.017      ; 8.320      ;
; -7.267 ; VGA_Controller:vga|pixel_x[9]  ; VGA_G[7]~reg0 ; CLOCK_50     ; CLOCK_50    ; 1.000        ; 0.017      ; 8.316      ;
; -7.266 ; VGA_Controller:vga|pixel_x[9]  ; VGA_G[3]~reg0 ; CLOCK_50     ; CLOCK_50    ; 1.000        ; 0.017      ; 8.315      ;
; -7.262 ; VGA_Controller:vga|pixel_x[8]  ; VGA_G[5]~reg0 ; CLOCK_50     ; CLOCK_50    ; 1.000        ; 0.017      ; 8.311      ;
; -7.257 ; VGA_Controller:vga|pixel_x[9]  ; VGA_G[9]~reg0 ; CLOCK_50     ; CLOCK_50    ; 1.000        ; 0.017      ; 8.306      ;
; -7.248 ; VGA_Controller:vga|pixel_x[9]  ; VGA_G[5]~reg0 ; CLOCK_50     ; CLOCK_50    ; 1.000        ; 0.017      ; 8.297      ;
; -7.233 ; VGA_Controller:vga|pixel_x[10] ; VGA_G[7]~reg0 ; CLOCK_50     ; CLOCK_50    ; 1.000        ; 0.017      ; 8.282      ;
; -7.232 ; VGA_Controller:vga|pixel_x[10] ; VGA_G[3]~reg0 ; CLOCK_50     ; CLOCK_50    ; 1.000        ; 0.017      ; 8.281      ;
; -7.223 ; VGA_Controller:vga|pixel_x[10] ; VGA_G[9]~reg0 ; CLOCK_50     ; CLOCK_50    ; 1.000        ; 0.017      ; 8.272      ;
; -7.214 ; VGA_Controller:vga|pixel_x[10] ; VGA_G[5]~reg0 ; CLOCK_50     ; CLOCK_50    ; 1.000        ; 0.017      ; 8.263      ;
; -7.191 ; VGA_Controller:vga|pixel_x[7]  ; VGA_R[2]~reg0 ; CLOCK_50     ; CLOCK_50    ; 1.000        ; 0.017      ; 8.240      ;
; -7.184 ; VGA_Controller:vga|pixel_x[8]  ; VGA_B[2]~reg0 ; CLOCK_50     ; CLOCK_50    ; 1.000        ; -0.007     ; 8.209      ;
; -7.183 ; VGA_Controller:vga|pixel_x[8]  ; VGA_B[3]~reg0 ; CLOCK_50     ; CLOCK_50    ; 1.000        ; -0.007     ; 8.208      ;
; -7.183 ; VGA_Controller:vga|pixel_x[8]  ; VGA_B[6]~reg0 ; CLOCK_50     ; CLOCK_50    ; 1.000        ; -0.007     ; 8.208      ;
; -7.183 ; VGA_Controller:vga|pixel_x[8]  ; VGA_B[9]~reg0 ; CLOCK_50     ; CLOCK_50    ; 1.000        ; -0.007     ; 8.208      ;
; -7.182 ; VGA_Controller:vga|pixel_x[8]  ; VGA_B[5]~reg0 ; CLOCK_50     ; CLOCK_50    ; 1.000        ; -0.007     ; 8.207      ;
; -7.181 ; VGA_Controller:vga|pixel_x[8]  ; VGA_B[8]~reg0 ; CLOCK_50     ; CLOCK_50    ; 1.000        ; -0.007     ; 8.206      ;
; -7.179 ; VGA_Controller:vga|pixel_x[8]  ; VGA_B[1]~reg0 ; CLOCK_50     ; CLOCK_50    ; 1.000        ; -0.007     ; 8.204      ;
; -7.177 ; VGA_Controller:vga|pixel_x[8]  ; VGA_B[4]~reg0 ; CLOCK_50     ; CLOCK_50    ; 1.000        ; -0.007     ; 8.202      ;
; -7.170 ; VGA_Controller:vga|pixel_x[9]  ; VGA_B[2]~reg0 ; CLOCK_50     ; CLOCK_50    ; 1.000        ; -0.007     ; 8.195      ;
; -7.169 ; VGA_Controller:vga|pixel_x[9]  ; VGA_B[3]~reg0 ; CLOCK_50     ; CLOCK_50    ; 1.000        ; -0.007     ; 8.194      ;
; -7.169 ; VGA_Controller:vga|pixel_x[9]  ; VGA_B[6]~reg0 ; CLOCK_50     ; CLOCK_50    ; 1.000        ; -0.007     ; 8.194      ;
; -7.169 ; VGA_Controller:vga|pixel_x[9]  ; VGA_B[9]~reg0 ; CLOCK_50     ; CLOCK_50    ; 1.000        ; -0.007     ; 8.194      ;
; -7.168 ; VGA_Controller:vga|pixel_x[9]  ; VGA_B[5]~reg0 ; CLOCK_50     ; CLOCK_50    ; 1.000        ; -0.007     ; 8.193      ;
; -7.167 ; VGA_Controller:vga|pixel_x[9]  ; VGA_B[8]~reg0 ; CLOCK_50     ; CLOCK_50    ; 1.000        ; -0.007     ; 8.192      ;
; -7.165 ; VGA_Controller:vga|pixel_x[9]  ; VGA_B[1]~reg0 ; CLOCK_50     ; CLOCK_50    ; 1.000        ; -0.007     ; 8.190      ;
; -7.163 ; VGA_Controller:vga|pixel_x[9]  ; VGA_B[4]~reg0 ; CLOCK_50     ; CLOCK_50    ; 1.000        ; -0.007     ; 8.188      ;
; -7.136 ; VGA_Controller:vga|pixel_x[10] ; VGA_B[2]~reg0 ; CLOCK_50     ; CLOCK_50    ; 1.000        ; -0.007     ; 8.161      ;
; -7.135 ; VGA_Controller:vga|pixel_x[10] ; VGA_B[3]~reg0 ; CLOCK_50     ; CLOCK_50    ; 1.000        ; -0.007     ; 8.160      ;
; -7.135 ; VGA_Controller:vga|pixel_x[10] ; VGA_B[6]~reg0 ; CLOCK_50     ; CLOCK_50    ; 1.000        ; -0.007     ; 8.160      ;
; -7.135 ; VGA_Controller:vga|pixel_x[10] ; VGA_B[9]~reg0 ; CLOCK_50     ; CLOCK_50    ; 1.000        ; -0.007     ; 8.160      ;
; -7.134 ; VGA_Controller:vga|pixel_x[10] ; VGA_B[5]~reg0 ; CLOCK_50     ; CLOCK_50    ; 1.000        ; -0.007     ; 8.159      ;
; -7.133 ; VGA_Controller:vga|pixel_x[10] ; VGA_B[8]~reg0 ; CLOCK_50     ; CLOCK_50    ; 1.000        ; -0.007     ; 8.158      ;
; -7.131 ; VGA_Controller:vga|pixel_x[10] ; VGA_B[1]~reg0 ; CLOCK_50     ; CLOCK_50    ; 1.000        ; -0.007     ; 8.156      ;
; -7.129 ; VGA_Controller:vga|pixel_x[10] ; VGA_B[4]~reg0 ; CLOCK_50     ; CLOCK_50    ; 1.000        ; -0.007     ; 8.154      ;
; -7.062 ; VGA_Controller:vga|pixel_y[7]  ; VGA_R[2]~reg0 ; CLOCK_50     ; CLOCK_50    ; 1.000        ; -0.011     ; 8.083      ;
; -7.044 ; VGA_Controller:vga|pixel_x[8]  ; VGA_G[4]~reg0 ; CLOCK_50     ; CLOCK_50    ; 1.000        ; 0.017      ; 8.093      ;
; -7.044 ; VGA_Controller:vga|pixel_x[8]  ; VGA_B[7]~reg0 ; CLOCK_50     ; CLOCK_50    ; 1.000        ; 0.017      ; 8.093      ;
; -7.043 ; VGA_Controller:vga|pixel_x[8]  ; VGA_G[8]~reg0 ; CLOCK_50     ; CLOCK_50    ; 1.000        ; 0.017      ; 8.092      ;
; -7.030 ; VGA_Controller:vga|pixel_x[9]  ; VGA_G[4]~reg0 ; CLOCK_50     ; CLOCK_50    ; 1.000        ; 0.017      ; 8.079      ;
; -7.030 ; VGA_Controller:vga|pixel_x[9]  ; VGA_B[7]~reg0 ; CLOCK_50     ; CLOCK_50    ; 1.000        ; 0.017      ; 8.079      ;
; -7.029 ; VGA_Controller:vga|pixel_x[9]  ; VGA_G[8]~reg0 ; CLOCK_50     ; CLOCK_50    ; 1.000        ; 0.017      ; 8.078      ;
; -7.007 ; VGA_Controller:vga|pixel_y[8]  ; VGA_R[2]~reg0 ; CLOCK_50     ; CLOCK_50    ; 1.000        ; -0.011     ; 8.028      ;
; -6.996 ; VGA_Controller:vga|pixel_x[10] ; VGA_G[4]~reg0 ; CLOCK_50     ; CLOCK_50    ; 1.000        ; 0.017      ; 8.045      ;
; -6.996 ; VGA_Controller:vga|pixel_x[10] ; VGA_B[7]~reg0 ; CLOCK_50     ; CLOCK_50    ; 1.000        ; 0.017      ; 8.045      ;
; -6.995 ; VGA_Controller:vga|pixel_x[10] ; VGA_G[8]~reg0 ; CLOCK_50     ; CLOCK_50    ; 1.000        ; 0.017      ; 8.044      ;
; -6.944 ; VGA_Controller:vga|pixel_x[7]  ; VGA_R[6]~reg0 ; CLOCK_50     ; CLOCK_50    ; 1.000        ; 0.017      ; 7.993      ;
; -6.887 ; VGA_Controller:vga|pixel_y[9]  ; VGA_R[2]~reg0 ; CLOCK_50     ; CLOCK_50    ; 1.000        ; -0.011     ; 7.908      ;
; -6.815 ; VGA_Controller:vga|pixel_y[7]  ; VGA_R[6]~reg0 ; CLOCK_50     ; CLOCK_50    ; 1.000        ; -0.011     ; 7.836      ;
; -6.778 ; VGA_Controller:vga|pixel_x[7]  ; VGA_G[2]~reg0 ; CLOCK_50     ; CLOCK_50    ; 1.000        ; 0.017      ; 7.827      ;
; -6.773 ; VGA_Controller:vga|pixel_x[7]  ; VGA_G[6]~reg0 ; CLOCK_50     ; CLOCK_50    ; 1.000        ; 0.017      ; 7.822      ;
; -6.765 ; VGA_Controller:vga|pixel_x[6]  ; VGA_R[2]~reg0 ; CLOCK_50     ; CLOCK_50    ; 1.000        ; 0.008      ; 7.805      ;
; -6.760 ; VGA_Controller:vga|pixel_y[8]  ; VGA_R[6]~reg0 ; CLOCK_50     ; CLOCK_50    ; 1.000        ; -0.011     ; 7.781      ;
; -6.664 ; VGA_Controller:vga|pixel_x[7]  ; VGA_G[7]~reg0 ; CLOCK_50     ; CLOCK_50    ; 1.000        ; 0.017      ; 7.713      ;
; -6.663 ; VGA_Controller:vga|pixel_x[7]  ; VGA_G[3]~reg0 ; CLOCK_50     ; CLOCK_50    ; 1.000        ; 0.017      ; 7.712      ;
; -6.654 ; VGA_Controller:vga|pixel_x[7]  ; VGA_G[9]~reg0 ; CLOCK_50     ; CLOCK_50    ; 1.000        ; 0.017      ; 7.703      ;
; -6.649 ; VGA_Controller:vga|pixel_y[7]  ; VGA_G[2]~reg0 ; CLOCK_50     ; CLOCK_50    ; 1.000        ; -0.011     ; 7.670      ;
; -6.645 ; VGA_Controller:vga|pixel_x[7]  ; VGA_G[5]~reg0 ; CLOCK_50     ; CLOCK_50    ; 1.000        ; 0.017      ; 7.694      ;
; -6.644 ; VGA_Controller:vga|pixel_y[7]  ; VGA_G[6]~reg0 ; CLOCK_50     ; CLOCK_50    ; 1.000        ; -0.011     ; 7.665      ;
; -6.640 ; VGA_Controller:vga|pixel_y[9]  ; VGA_R[6]~reg0 ; CLOCK_50     ; CLOCK_50    ; 1.000        ; -0.011     ; 7.661      ;
; -6.594 ; VGA_Controller:vga|pixel_y[8]  ; VGA_G[2]~reg0 ; CLOCK_50     ; CLOCK_50    ; 1.000        ; -0.011     ; 7.615      ;
; -6.589 ; VGA_Controller:vga|pixel_y[8]  ; VGA_G[6]~reg0 ; CLOCK_50     ; CLOCK_50    ; 1.000        ; -0.011     ; 7.610      ;
; -6.567 ; VGA_Controller:vga|pixel_x[7]  ; VGA_B[2]~reg0 ; CLOCK_50     ; CLOCK_50    ; 1.000        ; -0.007     ; 7.592      ;
; -6.566 ; VGA_Controller:vga|pixel_x[7]  ; VGA_B[3]~reg0 ; CLOCK_50     ; CLOCK_50    ; 1.000        ; -0.007     ; 7.591      ;
; -6.566 ; VGA_Controller:vga|pixel_x[7]  ; VGA_B[6]~reg0 ; CLOCK_50     ; CLOCK_50    ; 1.000        ; -0.007     ; 7.591      ;
; -6.566 ; VGA_Controller:vga|pixel_x[7]  ; VGA_B[9]~reg0 ; CLOCK_50     ; CLOCK_50    ; 1.000        ; -0.007     ; 7.591      ;
; -6.565 ; VGA_Controller:vga|pixel_x[7]  ; VGA_B[5]~reg0 ; CLOCK_50     ; CLOCK_50    ; 1.000        ; -0.007     ; 7.590      ;
; -6.564 ; VGA_Controller:vga|pixel_x[7]  ; VGA_B[8]~reg0 ; CLOCK_50     ; CLOCK_50    ; 1.000        ; -0.007     ; 7.589      ;
; -6.562 ; VGA_Controller:vga|pixel_x[7]  ; VGA_B[1]~reg0 ; CLOCK_50     ; CLOCK_50    ; 1.000        ; -0.007     ; 7.587      ;
; -6.560 ; VGA_Controller:vga|pixel_x[7]  ; VGA_B[4]~reg0 ; CLOCK_50     ; CLOCK_50    ; 1.000        ; -0.007     ; 7.585      ;
; -6.535 ; VGA_Controller:vga|pixel_y[7]  ; VGA_G[7]~reg0 ; CLOCK_50     ; CLOCK_50    ; 1.000        ; -0.011     ; 7.556      ;
; -6.534 ; VGA_Controller:vga|pixel_y[7]  ; VGA_G[3]~reg0 ; CLOCK_50     ; CLOCK_50    ; 1.000        ; -0.011     ; 7.555      ;
; -6.525 ; VGA_Controller:vga|pixel_y[7]  ; VGA_G[9]~reg0 ; CLOCK_50     ; CLOCK_50    ; 1.000        ; -0.011     ; 7.546      ;
; -6.518 ; VGA_Controller:vga|pixel_x[6]  ; VGA_R[6]~reg0 ; CLOCK_50     ; CLOCK_50    ; 1.000        ; 0.008      ; 7.558      ;
; -6.516 ; VGA_Controller:vga|pixel_y[7]  ; VGA_G[5]~reg0 ; CLOCK_50     ; CLOCK_50    ; 1.000        ; -0.011     ; 7.537      ;
; -6.480 ; VGA_Controller:vga|pixel_y[8]  ; VGA_G[7]~reg0 ; CLOCK_50     ; CLOCK_50    ; 1.000        ; -0.011     ; 7.501      ;
; -6.479 ; VGA_Controller:vga|pixel_y[8]  ; VGA_G[3]~reg0 ; CLOCK_50     ; CLOCK_50    ; 1.000        ; -0.011     ; 7.500      ;
; -6.474 ; VGA_Controller:vga|pixel_y[9]  ; VGA_G[2]~reg0 ; CLOCK_50     ; CLOCK_50    ; 1.000        ; -0.011     ; 7.495      ;
; -6.470 ; VGA_Controller:vga|pixel_y[8]  ; VGA_G[9]~reg0 ; CLOCK_50     ; CLOCK_50    ; 1.000        ; -0.011     ; 7.491      ;
; -6.469 ; VGA_Controller:vga|pixel_y[9]  ; VGA_G[6]~reg0 ; CLOCK_50     ; CLOCK_50    ; 1.000        ; -0.011     ; 7.490      ;
; -6.461 ; VGA_Controller:vga|pixel_y[8]  ; VGA_G[5]~reg0 ; CLOCK_50     ; CLOCK_50    ; 1.000        ; -0.011     ; 7.482      ;
; -6.438 ; VGA_Controller:vga|pixel_y[7]  ; VGA_B[2]~reg0 ; CLOCK_50     ; CLOCK_50    ; 1.000        ; -0.035     ; 7.435      ;
; -6.437 ; VGA_Controller:vga|pixel_y[7]  ; VGA_B[3]~reg0 ; CLOCK_50     ; CLOCK_50    ; 1.000        ; -0.035     ; 7.434      ;
; -6.437 ; VGA_Controller:vga|pixel_y[7]  ; VGA_B[6]~reg0 ; CLOCK_50     ; CLOCK_50    ; 1.000        ; -0.035     ; 7.434      ;
; -6.437 ; VGA_Controller:vga|pixel_y[7]  ; VGA_B[9]~reg0 ; CLOCK_50     ; CLOCK_50    ; 1.000        ; -0.035     ; 7.434      ;
; -6.436 ; VGA_Controller:vga|pixel_y[7]  ; VGA_B[5]~reg0 ; CLOCK_50     ; CLOCK_50    ; 1.000        ; -0.035     ; 7.433      ;
+--------+--------------------------------+---------------+--------------+-------------+--------------+------------+------------+


+--------------------------------------------------------------------------------------------------------------------------------------------------------------------------------------------+
; Fast Model Setup: 'Game_Clock:clk_gen|game_tick'                                                                                                                                           ;
+--------+---------------------------------------+------------------------------------+------------------------------+------------------------------+--------------+------------+------------+
; Slack  ; From Node                             ; To Node                            ; Launch Clock                 ; Latch Clock                  ; Relationship ; Clock Skew ; Data Delay ;
+--------+---------------------------------------+------------------------------------+------------------------------+------------------------------+--------------+------------+------------+
; -3.090 ; Game_Logic:logic_core|snake_x[0][9]   ; Game_Logic:logic_core|game_over    ; Game_Clock:clk_gen|game_tick ; Game_Clock:clk_gen|game_tick ; 1.000        ; -0.002     ; 4.120      ;
; -3.075 ; Game_Logic:logic_core|snake_x[0][6]   ; Game_Logic:logic_core|game_over    ; Game_Clock:clk_gen|game_tick ; Game_Clock:clk_gen|game_tick ; 1.000        ; -0.002     ; 4.105      ;
; -3.069 ; Game_Logic:logic_core|snake_y[0][8]   ; Game_Logic:logic_core|game_over    ; Game_Clock:clk_gen|game_tick ; Game_Clock:clk_gen|game_tick ; 1.000        ; 0.001      ; 4.102      ;
; -3.069 ; Game_Logic:logic_core|snake_x[0][5]   ; Game_Logic:logic_core|game_over    ; Game_Clock:clk_gen|game_tick ; Game_Clock:clk_gen|game_tick ; 1.000        ; -0.006     ; 4.095      ;
; -3.067 ; Game_Logic:logic_core|snake_y[0][7]   ; Game_Logic:logic_core|game_over    ; Game_Clock:clk_gen|game_tick ; Game_Clock:clk_gen|game_tick ; 1.000        ; 0.009      ; 4.108      ;
; -3.060 ; Game_Logic:logic_core|snake_x[0][10]  ; Game_Logic:logic_core|game_over    ; Game_Clock:clk_gen|game_tick ; Game_Clock:clk_gen|game_tick ; 1.000        ; -0.006     ; 4.086      ;
; -3.059 ; Game_Logic:logic_core|snake_x[0][4]   ; Game_Logic:logic_core|game_over    ; Game_Clock:clk_gen|game_tick ; Game_Clock:clk_gen|game_tick ; 1.000        ; -0.005     ; 4.086      ;
; -3.057 ; Game_Logic:logic_core|snake_x[0][8]   ; Game_Logic:logic_core|game_over    ; Game_Clock:clk_gen|game_tick ; Game_Clock:clk_gen|game_tick ; 1.000        ; -0.005     ; 4.084      ;
; -3.035 ; Game_Logic:logic_core|snake_x[0][7]   ; Game_Logic:logic_core|game_over    ; Game_Clock:clk_gen|game_tick ; Game_Clock:clk_gen|game_tick ; 1.000        ; -0.005     ; 4.062      ;
; -3.030 ; Game_Logic:logic_core|snake_x[0][2]   ; Game_Logic:logic_core|game_over    ; Game_Clock:clk_gen|game_tick ; Game_Clock:clk_gen|game_tick ; 1.000        ; -0.002     ; 4.060      ;
; -3.006 ; Game_Logic:logic_core|snake_y[0][2]   ; Game_Logic:logic_core|game_over    ; Game_Clock:clk_gen|game_tick ; Game_Clock:clk_gen|game_tick ; 1.000        ; 0.008      ; 4.046      ;
; -3.000 ; Game_Logic:logic_core|snake_y[0][3]   ; Game_Logic:logic_core|game_over    ; Game_Clock:clk_gen|game_tick ; Game_Clock:clk_gen|game_tick ; 1.000        ; 0.008      ; 4.040      ;
; -2.990 ; Game_Logic:logic_core|snake_x[0][3]   ; Game_Logic:logic_core|game_over    ; Game_Clock:clk_gen|game_tick ; Game_Clock:clk_gen|game_tick ; 1.000        ; -0.002     ; 4.020      ;
; -2.967 ; Game_Logic:logic_core|snake_y[0][4]   ; Game_Logic:logic_core|game_over    ; Game_Clock:clk_gen|game_tick ; Game_Clock:clk_gen|game_tick ; 1.000        ; 0.009      ; 4.008      ;
; -2.965 ; Game_Logic:logic_core|snake_y[0][1]   ; Game_Logic:logic_core|game_over    ; Game_Clock:clk_gen|game_tick ; Game_Clock:clk_gen|game_tick ; 1.000        ; 0.009      ; 4.006      ;
; -2.962 ; Game_Logic:logic_core|snake_x[0][1]   ; Game_Logic:logic_core|game_over    ; Game_Clock:clk_gen|game_tick ; Game_Clock:clk_gen|game_tick ; 1.000        ; -0.002     ; 3.992      ;
; -2.938 ; Game_Logic:logic_core|snake_y[0][9]   ; Game_Logic:logic_core|game_over    ; Game_Clock:clk_gen|game_tick ; Game_Clock:clk_gen|game_tick ; 1.000        ; 0.009      ; 3.979      ;
; -2.922 ; Game_Logic:logic_core|snake_y[0][6]   ; Game_Logic:logic_core|game_over    ; Game_Clock:clk_gen|game_tick ; Game_Clock:clk_gen|game_tick ; 1.000        ; 0.009      ; 3.963      ;
; -2.862 ; Game_Logic:logic_core|snake_len[4]    ; Game_Logic:logic_core|game_over    ; Game_Clock:clk_gen|game_tick ; Game_Clock:clk_gen|game_tick ; 1.000        ; 0.001      ; 3.895      ;
; -2.859 ; Game_Logic:logic_core|snake_len[5]    ; Game_Logic:logic_core|game_over    ; Game_Clock:clk_gen|game_tick ; Game_Clock:clk_gen|game_tick ; 1.000        ; 0.001      ; 3.892      ;
; -2.858 ; Game_Logic:logic_core|snake_y[0][5]   ; Game_Logic:logic_core|game_over    ; Game_Clock:clk_gen|game_tick ; Game_Clock:clk_gen|game_tick ; 1.000        ; 0.008      ; 3.898      ;
; -2.837 ; Game_Logic:logic_core|snake_len[6]    ; Game_Logic:logic_core|game_over    ; Game_Clock:clk_gen|game_tick ; Game_Clock:clk_gen|game_tick ; 1.000        ; 0.001      ; 3.870      ;
; -2.816 ; Game_Logic:logic_core|snake_len[1]    ; Game_Logic:logic_core|game_over    ; Game_Clock:clk_gen|game_tick ; Game_Clock:clk_gen|game_tick ; 1.000        ; 0.001      ; 3.849      ;
; -2.758 ; Game_Logic:logic_core|snake_len[2]    ; Game_Logic:logic_core|game_over    ; Game_Clock:clk_gen|game_tick ; Game_Clock:clk_gen|game_tick ; 1.000        ; 0.001      ; 3.791      ;
; -2.654 ; Game_Logic:logic_core|snake_y[109][2] ; Game_Logic:logic_core|game_over    ; Game_Clock:clk_gen|game_tick ; Game_Clock:clk_gen|game_tick ; 1.000        ; 0.012      ; 3.698      ;
; -2.647 ; Game_Logic:logic_core|snake_len[3]    ; Game_Logic:logic_core|game_over    ; Game_Clock:clk_gen|game_tick ; Game_Clock:clk_gen|game_tick ; 1.000        ; 0.001      ; 3.680      ;
; -2.633 ; Game_Logic:logic_core|snake_x[6][8]   ; Game_Logic:logic_core|game_over    ; Game_Clock:clk_gen|game_tick ; Game_Clock:clk_gen|game_tick ; 1.000        ; -0.030     ; 3.635      ;
; -2.613 ; Game_Logic:logic_core|snake_x[28][9]  ; Game_Logic:logic_core|game_over    ; Game_Clock:clk_gen|game_tick ; Game_Clock:clk_gen|game_tick ; 1.000        ; -0.030     ; 3.615      ;
; -2.603 ; Game_Logic:logic_core|snake_x[60][10] ; Game_Logic:logic_core|game_over    ; Game_Clock:clk_gen|game_tick ; Game_Clock:clk_gen|game_tick ; 1.000        ; -0.008     ; 3.627      ;
; -2.584 ; Game_Logic:logic_core|snake_x[49][6]  ; Game_Logic:logic_core|game_over    ; Game_Clock:clk_gen|game_tick ; Game_Clock:clk_gen|game_tick ; 1.000        ; -0.027     ; 3.589      ;
; -2.574 ; Game_Logic:logic_core|snake_x[40][4]  ; Game_Logic:logic_core|game_over    ; Game_Clock:clk_gen|game_tick ; Game_Clock:clk_gen|game_tick ; 1.000        ; -0.023     ; 3.583      ;
; -2.546 ; Game_Logic:logic_core|snake_x[0][1]   ; Game_Logic:logic_core|score[0]     ; Game_Clock:clk_gen|game_tick ; Game_Clock:clk_gen|game_tick ; 1.000        ; 0.011      ; 3.589      ;
; -2.546 ; Game_Logic:logic_core|snake_x[0][1]   ; Game_Logic:logic_core|score[1]     ; Game_Clock:clk_gen|game_tick ; Game_Clock:clk_gen|game_tick ; 1.000        ; 0.011      ; 3.589      ;
; -2.546 ; Game_Logic:logic_core|snake_x[0][1]   ; Game_Logic:logic_core|score[2]     ; Game_Clock:clk_gen|game_tick ; Game_Clock:clk_gen|game_tick ; 1.000        ; 0.011      ; 3.589      ;
; -2.546 ; Game_Logic:logic_core|snake_x[0][1]   ; Game_Logic:logic_core|score[3]     ; Game_Clock:clk_gen|game_tick ; Game_Clock:clk_gen|game_tick ; 1.000        ; 0.011      ; 3.589      ;
; -2.546 ; Game_Logic:logic_core|snake_x[0][1]   ; Game_Logic:logic_core|score[4]     ; Game_Clock:clk_gen|game_tick ; Game_Clock:clk_gen|game_tick ; 1.000        ; 0.011      ; 3.589      ;
; -2.546 ; Game_Logic:logic_core|snake_x[0][1]   ; Game_Logic:logic_core|score[5]     ; Game_Clock:clk_gen|game_tick ; Game_Clock:clk_gen|game_tick ; 1.000        ; 0.011      ; 3.589      ;
; -2.546 ; Game_Logic:logic_core|snake_x[0][1]   ; Game_Logic:logic_core|score[6]     ; Game_Clock:clk_gen|game_tick ; Game_Clock:clk_gen|game_tick ; 1.000        ; 0.011      ; 3.589      ;
; -2.546 ; Game_Logic:logic_core|snake_x[0][1]   ; Game_Logic:logic_core|score[7]     ; Game_Clock:clk_gen|game_tick ; Game_Clock:clk_gen|game_tick ; 1.000        ; 0.011      ; 3.589      ;
; -2.539 ; Game_Logic:logic_core|snake_x[104][1] ; Game_Logic:logic_core|game_over    ; Game_Clock:clk_gen|game_tick ; Game_Clock:clk_gen|game_tick ; 1.000        ; 0.020      ; 3.591      ;
; -2.530 ; Game_Logic:logic_core|snake_x[38][9]  ; Game_Logic:logic_core|game_over    ; Game_Clock:clk_gen|game_tick ; Game_Clock:clk_gen|game_tick ; 1.000        ; -0.025     ; 3.537      ;
; -2.530 ; Game_Logic:logic_core|snake_y[30][6]  ; Game_Logic:logic_core|game_over    ; Game_Clock:clk_gen|game_tick ; Game_Clock:clk_gen|game_tick ; 1.000        ; -0.022     ; 3.540      ;
; -2.530 ; Game_Logic:logic_core|snake_y[63][5]  ; Game_Logic:logic_core|game_over    ; Game_Clock:clk_gen|game_tick ; Game_Clock:clk_gen|game_tick ; 1.000        ; -0.002     ; 3.560      ;
; -2.528 ; Game_Logic:logic_core|snake_y[90][7]  ; Game_Logic:logic_core|game_over    ; Game_Clock:clk_gen|game_tick ; Game_Clock:clk_gen|game_tick ; 1.000        ; 0.022      ; 3.582      ;
; -2.516 ; Game_Logic:logic_core|snake_x[73][5]  ; Game_Logic:logic_core|game_over    ; Game_Clock:clk_gen|game_tick ; Game_Clock:clk_gen|game_tick ; 1.000        ; 0.011      ; 3.559      ;
; -2.509 ; Game_Logic:logic_core|snake_len[0]    ; Game_Logic:logic_core|game_over    ; Game_Clock:clk_gen|game_tick ; Game_Clock:clk_gen|game_tick ; 1.000        ; 0.001      ; 3.542      ;
; -2.509 ; Game_Logic:logic_core|snake_y[0][1]   ; Game_Logic:logic_core|score[0]     ; Game_Clock:clk_gen|game_tick ; Game_Clock:clk_gen|game_tick ; 1.000        ; 0.022      ; 3.563      ;
; -2.509 ; Game_Logic:logic_core|snake_y[0][1]   ; Game_Logic:logic_core|score[1]     ; Game_Clock:clk_gen|game_tick ; Game_Clock:clk_gen|game_tick ; 1.000        ; 0.022      ; 3.563      ;
; -2.509 ; Game_Logic:logic_core|snake_y[0][1]   ; Game_Logic:logic_core|score[2]     ; Game_Clock:clk_gen|game_tick ; Game_Clock:clk_gen|game_tick ; 1.000        ; 0.022      ; 3.563      ;
; -2.509 ; Game_Logic:logic_core|snake_y[0][1]   ; Game_Logic:logic_core|score[3]     ; Game_Clock:clk_gen|game_tick ; Game_Clock:clk_gen|game_tick ; 1.000        ; 0.022      ; 3.563      ;
; -2.509 ; Game_Logic:logic_core|snake_y[0][1]   ; Game_Logic:logic_core|score[4]     ; Game_Clock:clk_gen|game_tick ; Game_Clock:clk_gen|game_tick ; 1.000        ; 0.022      ; 3.563      ;
; -2.509 ; Game_Logic:logic_core|snake_y[0][1]   ; Game_Logic:logic_core|score[5]     ; Game_Clock:clk_gen|game_tick ; Game_Clock:clk_gen|game_tick ; 1.000        ; 0.022      ; 3.563      ;
; -2.509 ; Game_Logic:logic_core|snake_y[0][1]   ; Game_Logic:logic_core|score[6]     ; Game_Clock:clk_gen|game_tick ; Game_Clock:clk_gen|game_tick ; 1.000        ; 0.022      ; 3.563      ;
; -2.509 ; Game_Logic:logic_core|snake_y[0][1]   ; Game_Logic:logic_core|score[7]     ; Game_Clock:clk_gen|game_tick ; Game_Clock:clk_gen|game_tick ; 1.000        ; 0.022      ; 3.563      ;
; -2.493 ; Game_Logic:logic_core|snake_x[11][10] ; Game_Logic:logic_core|game_over    ; Game_Clock:clk_gen|game_tick ; Game_Clock:clk_gen|game_tick ; 1.000        ; -0.011     ; 3.514      ;
; -2.491 ; Game_Logic:logic_core|snake_x[63][5]  ; Game_Logic:logic_core|game_over    ; Game_Clock:clk_gen|game_tick ; Game_Clock:clk_gen|game_tick ; 1.000        ; -0.004     ; 3.519      ;
; -2.489 ; Game_Logic:logic_core|snake_x[33][10] ; Game_Logic:logic_core|game_over    ; Game_Clock:clk_gen|game_tick ; Game_Clock:clk_gen|game_tick ; 1.000        ; -0.005     ; 3.516      ;
; -2.488 ; Game_Logic:logic_core|snake_x[37][4]  ; Game_Logic:logic_core|game_over    ; Game_Clock:clk_gen|game_tick ; Game_Clock:clk_gen|game_tick ; 1.000        ; -0.004     ; 3.516      ;
; -2.487 ; Game_Logic:logic_core|snake_x[0][2]   ; Game_Logic:logic_core|score[0]     ; Game_Clock:clk_gen|game_tick ; Game_Clock:clk_gen|game_tick ; 1.000        ; 0.011      ; 3.530      ;
; -2.487 ; Game_Logic:logic_core|snake_x[0][2]   ; Game_Logic:logic_core|score[1]     ; Game_Clock:clk_gen|game_tick ; Game_Clock:clk_gen|game_tick ; 1.000        ; 0.011      ; 3.530      ;
; -2.487 ; Game_Logic:logic_core|snake_x[0][2]   ; Game_Logic:logic_core|score[2]     ; Game_Clock:clk_gen|game_tick ; Game_Clock:clk_gen|game_tick ; 1.000        ; 0.011      ; 3.530      ;
; -2.487 ; Game_Logic:logic_core|snake_x[0][2]   ; Game_Logic:logic_core|score[3]     ; Game_Clock:clk_gen|game_tick ; Game_Clock:clk_gen|game_tick ; 1.000        ; 0.011      ; 3.530      ;
; -2.487 ; Game_Logic:logic_core|snake_x[0][2]   ; Game_Logic:logic_core|score[4]     ; Game_Clock:clk_gen|game_tick ; Game_Clock:clk_gen|game_tick ; 1.000        ; 0.011      ; 3.530      ;
; -2.487 ; Game_Logic:logic_core|snake_x[0][2]   ; Game_Logic:logic_core|score[5]     ; Game_Clock:clk_gen|game_tick ; Game_Clock:clk_gen|game_tick ; 1.000        ; 0.011      ; 3.530      ;
; -2.487 ; Game_Logic:logic_core|snake_x[0][2]   ; Game_Logic:logic_core|score[6]     ; Game_Clock:clk_gen|game_tick ; Game_Clock:clk_gen|game_tick ; 1.000        ; 0.011      ; 3.530      ;
; -2.487 ; Game_Logic:logic_core|snake_x[0][2]   ; Game_Logic:logic_core|score[7]     ; Game_Clock:clk_gen|game_tick ; Game_Clock:clk_gen|game_tick ; 1.000        ; 0.011      ; 3.530      ;
; -2.480 ; Game_Logic:logic_core|snake_x[0][1]   ; Game_Logic:logic_core|snake_len[0] ; Game_Clock:clk_gen|game_tick ; Game_Clock:clk_gen|game_tick ; 1.000        ; -0.003     ; 3.509      ;
; -2.480 ; Game_Logic:logic_core|snake_x[0][1]   ; Game_Logic:logic_core|snake_len[1] ; Game_Clock:clk_gen|game_tick ; Game_Clock:clk_gen|game_tick ; 1.000        ; -0.003     ; 3.509      ;
; -2.480 ; Game_Logic:logic_core|snake_x[0][1]   ; Game_Logic:logic_core|snake_len[3] ; Game_Clock:clk_gen|game_tick ; Game_Clock:clk_gen|game_tick ; 1.000        ; -0.003     ; 3.509      ;
; -2.480 ; Game_Logic:logic_core|snake_x[0][1]   ; Game_Logic:logic_core|snake_len[4] ; Game_Clock:clk_gen|game_tick ; Game_Clock:clk_gen|game_tick ; 1.000        ; -0.003     ; 3.509      ;
; -2.480 ; Game_Logic:logic_core|snake_x[0][1]   ; Game_Logic:logic_core|snake_len[5] ; Game_Clock:clk_gen|game_tick ; Game_Clock:clk_gen|game_tick ; 1.000        ; -0.003     ; 3.509      ;
; -2.480 ; Game_Logic:logic_core|snake_x[0][1]   ; Game_Logic:logic_core|snake_len[6] ; Game_Clock:clk_gen|game_tick ; Game_Clock:clk_gen|game_tick ; 1.000        ; -0.003     ; 3.509      ;
; -2.480 ; Game_Logic:logic_core|snake_x[0][1]   ; Game_Logic:logic_core|snake_len[2] ; Game_Clock:clk_gen|game_tick ; Game_Clock:clk_gen|game_tick ; 1.000        ; -0.003     ; 3.509      ;
; -2.470 ; Game_Logic:logic_core|snake_x[35][6]  ; Game_Logic:logic_core|game_over    ; Game_Clock:clk_gen|game_tick ; Game_Clock:clk_gen|game_tick ; 1.000        ; -0.017     ; 3.485      ;
; -2.470 ; Game_Logic:logic_core|snake_y[40][9]  ; Game_Logic:logic_core|game_over    ; Game_Clock:clk_gen|game_tick ; Game_Clock:clk_gen|game_tick ; 1.000        ; -0.011     ; 3.491      ;
; -2.468 ; Game_Logic:logic_core|snake_x[44][10] ; Game_Logic:logic_core|game_over    ; Game_Clock:clk_gen|game_tick ; Game_Clock:clk_gen|game_tick ; 1.000        ; -0.026     ; 3.474      ;
; -2.467 ; Game_Logic:logic_core|snake_x[100][2] ; Game_Logic:logic_core|game_over    ; Game_Clock:clk_gen|game_tick ; Game_Clock:clk_gen|game_tick ; 1.000        ; -0.003     ; 3.496      ;
; -2.466 ; Game_Logic:logic_core|snake_x[58][8]  ; Game_Logic:logic_core|game_over    ; Game_Clock:clk_gen|game_tick ; Game_Clock:clk_gen|game_tick ; 1.000        ; -0.019     ; 3.479      ;
; -2.462 ; Game_Logic:logic_core|snake_y[120][1] ; Game_Logic:logic_core|game_over    ; Game_Clock:clk_gen|game_tick ; Game_Clock:clk_gen|game_tick ; 1.000        ; 0.002      ; 3.496      ;
; -2.462 ; Game_Logic:logic_core|snake_x[41][8]  ; Game_Logic:logic_core|game_over    ; Game_Clock:clk_gen|game_tick ; Game_Clock:clk_gen|game_tick ; 1.000        ; -0.009     ; 3.485      ;
; -2.460 ; Game_Logic:logic_core|snake_y[70][1]  ; Game_Logic:logic_core|game_over    ; Game_Clock:clk_gen|game_tick ; Game_Clock:clk_gen|game_tick ; 1.000        ; 0.004      ; 3.496      ;
; -2.458 ; Game_Logic:logic_core|snake_y[26][3]  ; Game_Logic:logic_core|game_over    ; Game_Clock:clk_gen|game_tick ; Game_Clock:clk_gen|game_tick ; 1.000        ; -0.001     ; 3.489      ;
; -2.451 ; Game_Logic:logic_core|snake_x[54][4]  ; Game_Logic:logic_core|game_over    ; Game_Clock:clk_gen|game_tick ; Game_Clock:clk_gen|game_tick ; 1.000        ; -0.032     ; 3.451      ;
; -2.449 ; Game_Logic:logic_core|snake_x[37][8]  ; Game_Logic:logic_core|game_over    ; Game_Clock:clk_gen|game_tick ; Game_Clock:clk_gen|game_tick ; 1.000        ; -0.004     ; 3.477      ;
; -2.449 ; Game_Logic:logic_core|snake_x[123][1] ; Game_Logic:logic_core|game_over    ; Game_Clock:clk_gen|game_tick ; Game_Clock:clk_gen|game_tick ; 1.000        ; -0.005     ; 3.476      ;
; -2.443 ; Game_Logic:logic_core|snake_y[0][1]   ; Game_Logic:logic_core|snake_len[0] ; Game_Clock:clk_gen|game_tick ; Game_Clock:clk_gen|game_tick ; 1.000        ; 0.008      ; 3.483      ;
; -2.443 ; Game_Logic:logic_core|snake_y[0][1]   ; Game_Logic:logic_core|snake_len[1] ; Game_Clock:clk_gen|game_tick ; Game_Clock:clk_gen|game_tick ; 1.000        ; 0.008      ; 3.483      ;
; -2.443 ; Game_Logic:logic_core|snake_y[0][1]   ; Game_Logic:logic_core|snake_len[3] ; Game_Clock:clk_gen|game_tick ; Game_Clock:clk_gen|game_tick ; 1.000        ; 0.008      ; 3.483      ;
; -2.443 ; Game_Logic:logic_core|snake_y[0][1]   ; Game_Logic:logic_core|snake_len[4] ; Game_Clock:clk_gen|game_tick ; Game_Clock:clk_gen|game_tick ; 1.000        ; 0.008      ; 3.483      ;
; -2.443 ; Game_Logic:logic_core|snake_y[0][1]   ; Game_Logic:logic_core|snake_len[5] ; Game_Clock:clk_gen|game_tick ; Game_Clock:clk_gen|game_tick ; 1.000        ; 0.008      ; 3.483      ;
; -2.443 ; Game_Logic:logic_core|snake_y[0][1]   ; Game_Logic:logic_core|snake_len[6] ; Game_Clock:clk_gen|game_tick ; Game_Clock:clk_gen|game_tick ; 1.000        ; 0.008      ; 3.483      ;
; -2.443 ; Game_Logic:logic_core|snake_y[0][1]   ; Game_Logic:logic_core|snake_len[2] ; Game_Clock:clk_gen|game_tick ; Game_Clock:clk_gen|game_tick ; 1.000        ; 0.008      ; 3.483      ;
; -2.442 ; Game_Logic:logic_core|snake_x[20][3]  ; Game_Logic:logic_core|game_over    ; Game_Clock:clk_gen|game_tick ; Game_Clock:clk_gen|game_tick ; 1.000        ; 0.003      ; 3.477      ;
; -2.442 ; Game_Logic:logic_core|snake_x[44][9]  ; Game_Logic:logic_core|game_over    ; Game_Clock:clk_gen|game_tick ; Game_Clock:clk_gen|game_tick ; 1.000        ; -0.026     ; 3.448      ;
; -2.440 ; Game_Logic:logic_core|snake_x[95][9]  ; Game_Logic:logic_core|game_over    ; Game_Clock:clk_gen|game_tick ; Game_Clock:clk_gen|game_tick ; 1.000        ; 0.013      ; 3.485      ;
; -2.436 ; Game_Logic:logic_core|snake_y[120][4] ; Game_Logic:logic_core|game_over    ; Game_Clock:clk_gen|game_tick ; Game_Clock:clk_gen|game_tick ; 1.000        ; 0.020      ; 3.488      ;
; -2.435 ; Game_Logic:logic_core|snake_x[20][4]  ; Game_Logic:logic_core|game_over    ; Game_Clock:clk_gen|game_tick ; Game_Clock:clk_gen|game_tick ; 1.000        ; 0.003      ; 3.470      ;
; -2.430 ; Game_Logic:logic_core|snake_x[86][10] ; Game_Logic:logic_core|game_over    ; Game_Clock:clk_gen|game_tick ; Game_Clock:clk_gen|game_tick ; 1.000        ; -0.005     ; 3.457      ;
; -2.429 ; Game_Logic:logic_core|snake_x[35][8]  ; Game_Logic:logic_core|game_over    ; Game_Clock:clk_gen|game_tick ; Game_Clock:clk_gen|game_tick ; 1.000        ; -0.017     ; 3.444      ;
; -2.425 ; Game_Logic:logic_core|snake_x[6][4]   ; Game_Logic:logic_core|game_over    ; Game_Clock:clk_gen|game_tick ; Game_Clock:clk_gen|game_tick ; 1.000        ; -0.030     ; 3.427      ;
+--------+---------------------------------------+------------------------------------+------------------------------+------------------------------+--------------+------------+------------+


+----------------------------------------------------------------------------------------------------------------------------------------------------------+
; Fast Model Setup: 'PS2_CLK'                                                                                                                              ;
+--------+-------------------------------------+-------------------------------------+--------------+-------------+--------------+------------+------------+
; Slack  ; From Node                           ; To Node                             ; Launch Clock ; Latch Clock ; Relationship ; Clock Skew ; Data Delay ;
+--------+-------------------------------------+-------------------------------------+--------------+-------------+--------------+------------+------------+
; -0.454 ; Keyboard_Controller:kb|shift_reg[2] ; Keyboard_Controller:kb|direction[3] ; PS2_CLK      ; PS2_CLK     ; 1.000        ; -0.011     ; 1.475      ;
; -0.454 ; Keyboard_Controller:kb|shift_reg[2] ; Keyboard_Controller:kb|direction[1] ; PS2_CLK      ; PS2_CLK     ; 1.000        ; -0.011     ; 1.475      ;
; -0.454 ; Keyboard_Controller:kb|shift_reg[2] ; Keyboard_Controller:kb|direction[2] ; PS2_CLK      ; PS2_CLK     ; 1.000        ; -0.011     ; 1.475      ;
; -0.449 ; Keyboard_Controller:kb|shift_reg[5] ; Keyboard_Controller:kb|direction[3] ; PS2_CLK      ; PS2_CLK     ; 1.000        ; -0.011     ; 1.470      ;
; -0.449 ; Keyboard_Controller:kb|shift_reg[5] ; Keyboard_Controller:kb|direction[1] ; PS2_CLK      ; PS2_CLK     ; 1.000        ; -0.011     ; 1.470      ;
; -0.449 ; Keyboard_Controller:kb|shift_reg[5] ; Keyboard_Controller:kb|direction[2] ; PS2_CLK      ; PS2_CLK     ; 1.000        ; -0.011     ; 1.470      ;
; -0.440 ; Keyboard_Controller:kb|key_break    ; Keyboard_Controller:kb|direction[3] ; PS2_CLK      ; PS2_CLK     ; 1.000        ; -0.012     ; 1.460      ;
; -0.440 ; Keyboard_Controller:kb|key_break    ; Keyboard_Controller:kb|direction[1] ; PS2_CLK      ; PS2_CLK     ; 1.000        ; -0.012     ; 1.460      ;
; -0.440 ; Keyboard_Controller:kb|key_break    ; Keyboard_Controller:kb|direction[2] ; PS2_CLK      ; PS2_CLK     ; 1.000        ; -0.012     ; 1.460      ;
; -0.405 ; Keyboard_Controller:kb|shift_reg[4] ; Keyboard_Controller:kb|direction[3] ; PS2_CLK      ; PS2_CLK     ; 1.000        ; 0.001      ; 1.438      ;
; -0.405 ; Keyboard_Controller:kb|shift_reg[4] ; Keyboard_Controller:kb|direction[1] ; PS2_CLK      ; PS2_CLK     ; 1.000        ; 0.001      ; 1.438      ;
; -0.405 ; Keyboard_Controller:kb|shift_reg[4] ; Keyboard_Controller:kb|direction[2] ; PS2_CLK      ; PS2_CLK     ; 1.000        ; 0.001      ; 1.438      ;
; -0.401 ; Keyboard_Controller:kb|shift_reg[7] ; Keyboard_Controller:kb|direction[3] ; PS2_CLK      ; PS2_CLK     ; 1.000        ; -0.011     ; 1.422      ;
; -0.401 ; Keyboard_Controller:kb|shift_reg[7] ; Keyboard_Controller:kb|direction[1] ; PS2_CLK      ; PS2_CLK     ; 1.000        ; -0.011     ; 1.422      ;
; -0.401 ; Keyboard_Controller:kb|shift_reg[7] ; Keyboard_Controller:kb|direction[2] ; PS2_CLK      ; PS2_CLK     ; 1.000        ; -0.011     ; 1.422      ;
; -0.369 ; Keyboard_Controller:kb|shift_reg[8] ; Keyboard_Controller:kb|direction[3] ; PS2_CLK      ; PS2_CLK     ; 1.000        ; -0.011     ; 1.390      ;
; -0.369 ; Keyboard_Controller:kb|shift_reg[8] ; Keyboard_Controller:kb|direction[1] ; PS2_CLK      ; PS2_CLK     ; 1.000        ; -0.011     ; 1.390      ;
; -0.369 ; Keyboard_Controller:kb|shift_reg[8] ; Keyboard_Controller:kb|direction[2] ; PS2_CLK      ; PS2_CLK     ; 1.000        ; -0.011     ; 1.390      ;
; -0.365 ; Keyboard_Controller:kb|bit_count[1] ; Keyboard_Controller:kb|direction[3] ; PS2_CLK      ; PS2_CLK     ; 1.000        ; 0.153      ; 1.550      ;
; -0.365 ; Keyboard_Controller:kb|bit_count[1] ; Keyboard_Controller:kb|direction[1] ; PS2_CLK      ; PS2_CLK     ; 1.000        ; 0.153      ; 1.550      ;
; -0.365 ; Keyboard_Controller:kb|bit_count[1] ; Keyboard_Controller:kb|direction[2] ; PS2_CLK      ; PS2_CLK     ; 1.000        ; 0.153      ; 1.550      ;
; -0.362 ; Keyboard_Controller:kb|shift_reg[3] ; Keyboard_Controller:kb|direction[3] ; PS2_CLK      ; PS2_CLK     ; 1.000        ; -0.011     ; 1.383      ;
; -0.362 ; Keyboard_Controller:kb|shift_reg[3] ; Keyboard_Controller:kb|direction[1] ; PS2_CLK      ; PS2_CLK     ; 1.000        ; -0.011     ; 1.383      ;
; -0.362 ; Keyboard_Controller:kb|shift_reg[3] ; Keyboard_Controller:kb|direction[2] ; PS2_CLK      ; PS2_CLK     ; 1.000        ; -0.011     ; 1.383      ;
; -0.350 ; Keyboard_Controller:kb|bit_count[3] ; Keyboard_Controller:kb|direction[3] ; PS2_CLK      ; PS2_CLK     ; 1.000        ; 0.153      ; 1.535      ;
; -0.350 ; Keyboard_Controller:kb|bit_count[3] ; Keyboard_Controller:kb|direction[1] ; PS2_CLK      ; PS2_CLK     ; 1.000        ; 0.153      ; 1.535      ;
; -0.350 ; Keyboard_Controller:kb|bit_count[3] ; Keyboard_Controller:kb|direction[2] ; PS2_CLK      ; PS2_CLK     ; 1.000        ; 0.153      ; 1.535      ;
; -0.292 ; Keyboard_Controller:kb|shift_reg[6] ; Keyboard_Controller:kb|direction[3] ; PS2_CLK      ; PS2_CLK     ; 1.000        ; 0.001      ; 1.325      ;
; -0.292 ; Keyboard_Controller:kb|shift_reg[6] ; Keyboard_Controller:kb|direction[1] ; PS2_CLK      ; PS2_CLK     ; 1.000        ; 0.001      ; 1.325      ;
; -0.292 ; Keyboard_Controller:kb|shift_reg[6] ; Keyboard_Controller:kb|direction[2] ; PS2_CLK      ; PS2_CLK     ; 1.000        ; 0.001      ; 1.325      ;
; -0.276 ; Keyboard_Controller:kb|key_break    ; Keyboard_Controller:kb|direction[4] ; PS2_CLK      ; PS2_CLK     ; 1.000        ; -0.013     ; 1.295      ;
; -0.275 ; Keyboard_Controller:kb|bit_count[0] ; Keyboard_Controller:kb|direction[3] ; PS2_CLK      ; PS2_CLK     ; 1.000        ; 0.153      ; 1.460      ;
; -0.275 ; Keyboard_Controller:kb|bit_count[0] ; Keyboard_Controller:kb|direction[1] ; PS2_CLK      ; PS2_CLK     ; 1.000        ; 0.153      ; 1.460      ;
; -0.275 ; Keyboard_Controller:kb|bit_count[0] ; Keyboard_Controller:kb|direction[2] ; PS2_CLK      ; PS2_CLK     ; 1.000        ; 0.153      ; 1.460      ;
; -0.274 ; Keyboard_Controller:kb|shift_reg[1] ; Keyboard_Controller:kb|direction[3] ; PS2_CLK      ; PS2_CLK     ; 1.000        ; 0.001      ; 1.307      ;
; -0.274 ; Keyboard_Controller:kb|shift_reg[1] ; Keyboard_Controller:kb|direction[1] ; PS2_CLK      ; PS2_CLK     ; 1.000        ; 0.001      ; 1.307      ;
; -0.274 ; Keyboard_Controller:kb|shift_reg[1] ; Keyboard_Controller:kb|direction[2] ; PS2_CLK      ; PS2_CLK     ; 1.000        ; 0.001      ; 1.307      ;
; -0.262 ; Keyboard_Controller:kb|bit_count[1] ; Keyboard_Controller:kb|direction[4] ; PS2_CLK      ; PS2_CLK     ; 1.000        ; 0.152      ; 1.446      ;
; -0.247 ; Keyboard_Controller:kb|bit_count[3] ; Keyboard_Controller:kb|direction[4] ; PS2_CLK      ; PS2_CLK     ; 1.000        ; 0.152      ; 1.431      ;
; -0.244 ; Keyboard_Controller:kb|bit_count[2] ; Keyboard_Controller:kb|direction[3] ; PS2_CLK      ; PS2_CLK     ; 1.000        ; 0.153      ; 1.429      ;
; -0.244 ; Keyboard_Controller:kb|bit_count[2] ; Keyboard_Controller:kb|direction[1] ; PS2_CLK      ; PS2_CLK     ; 1.000        ; 0.153      ; 1.429      ;
; -0.244 ; Keyboard_Controller:kb|bit_count[2] ; Keyboard_Controller:kb|direction[2] ; PS2_CLK      ; PS2_CLK     ; 1.000        ; 0.153      ; 1.429      ;
; -0.237 ; Keyboard_Controller:kb|shift_reg[7] ; Keyboard_Controller:kb|direction[4] ; PS2_CLK      ; PS2_CLK     ; 1.000        ; -0.012     ; 1.257      ;
; -0.222 ; Keyboard_Controller:kb|shift_reg[1] ; Keyboard_Controller:kb|reset_cmd    ; PS2_CLK      ; PS2_CLK     ; 1.000        ; 0.013      ; 1.267      ;
; -0.214 ; Keyboard_Controller:kb|shift_reg[3] ; Keyboard_Controller:kb|direction[4] ; PS2_CLK      ; PS2_CLK     ; 1.000        ; -0.012     ; 1.234      ;
; -0.212 ; Keyboard_Controller:kb|shift_reg[5] ; Keyboard_Controller:kb|reset_cmd    ; PS2_CLK      ; PS2_CLK     ; 1.000        ; 0.001      ; 1.245      ;
; -0.205 ; Keyboard_Controller:kb|shift_reg[8] ; Keyboard_Controller:kb|direction[4] ; PS2_CLK      ; PS2_CLK     ; 1.000        ; -0.012     ; 1.225      ;
; -0.178 ; Keyboard_Controller:kb|shift_reg[4] ; Keyboard_Controller:kb|reset_cmd    ; PS2_CLK      ; PS2_CLK     ; 1.000        ; 0.013      ; 1.223      ;
; -0.176 ; Keyboard_Controller:kb|shift_reg[4] ; Keyboard_Controller:kb|key_break    ; PS2_CLK      ; PS2_CLK     ; 1.000        ; 0.013      ; 1.221      ;
; -0.174 ; Keyboard_Controller:kb|shift_reg[3] ; Keyboard_Controller:kb|reset_cmd    ; PS2_CLK      ; PS2_CLK     ; 1.000        ; 0.001      ; 1.207      ;
; -0.172 ; Keyboard_Controller:kb|bit_count[0] ; Keyboard_Controller:kb|direction[4] ; PS2_CLK      ; PS2_CLK     ; 1.000        ; 0.152      ; 1.356      ;
; -0.172 ; Keyboard_Controller:kb|shift_reg[3] ; Keyboard_Controller:kb|key_break    ; PS2_CLK      ; PS2_CLK     ; 1.000        ; 0.001      ; 1.205      ;
; -0.162 ; Keyboard_Controller:kb|shift_reg[1] ; Keyboard_Controller:kb|direction[4] ; PS2_CLK      ; PS2_CLK     ; 1.000        ; 0.000      ; 1.194      ;
; -0.143 ; Keyboard_Controller:kb|shift_reg[2] ; Keyboard_Controller:kb|direction[4] ; PS2_CLK      ; PS2_CLK     ; 1.000        ; -0.012     ; 1.163      ;
; -0.141 ; Keyboard_Controller:kb|bit_count[2] ; Keyboard_Controller:kb|direction[4] ; PS2_CLK      ; PS2_CLK     ; 1.000        ; 0.152      ; 1.325      ;
; -0.124 ; Keyboard_Controller:kb|shift_reg[1] ; Keyboard_Controller:kb|key_break    ; PS2_CLK      ; PS2_CLK     ; 1.000        ; 0.013      ; 1.169      ;
; -0.095 ; Keyboard_Controller:kb|shift_reg[4] ; Keyboard_Controller:kb|direction[4] ; PS2_CLK      ; PS2_CLK     ; 1.000        ; 0.000      ; 1.127      ;
; -0.091 ; Keyboard_Controller:kb|shift_reg[2] ; Keyboard_Controller:kb|reset_cmd    ; PS2_CLK      ; PS2_CLK     ; 1.000        ; 0.001      ; 1.124      ;
; -0.089 ; Keyboard_Controller:kb|shift_reg[2] ; Keyboard_Controller:kb|key_break    ; PS2_CLK      ; PS2_CLK     ; 1.000        ; 0.001      ; 1.122      ;
; -0.072 ; Keyboard_Controller:kb|shift_reg[6] ; Keyboard_Controller:kb|reset_cmd    ; PS2_CLK      ; PS2_CLK     ; 1.000        ; 0.013      ; 1.117      ;
; -0.070 ; Keyboard_Controller:kb|shift_reg[6] ; Keyboard_Controller:kb|key_break    ; PS2_CLK      ; PS2_CLK     ; 1.000        ; 0.013      ; 1.115      ;
; -0.055 ; Keyboard_Controller:kb|bit_count[1] ; Keyboard_Controller:kb|key_break    ; PS2_CLK      ; PS2_CLK     ; 1.000        ; 0.165      ; 1.252      ;
; -0.055 ; Keyboard_Controller:kb|bit_count[1] ; Keyboard_Controller:kb|reset_cmd    ; PS2_CLK      ; PS2_CLK     ; 1.000        ; 0.165      ; 1.252      ;
; -0.040 ; Keyboard_Controller:kb|bit_count[3] ; Keyboard_Controller:kb|key_break    ; PS2_CLK      ; PS2_CLK     ; 1.000        ; 0.165      ; 1.237      ;
; -0.040 ; Keyboard_Controller:kb|bit_count[3] ; Keyboard_Controller:kb|reset_cmd    ; PS2_CLK      ; PS2_CLK     ; 1.000        ; 0.165      ; 1.237      ;
; -0.029 ; Keyboard_Controller:kb|shift_reg[7] ; Keyboard_Controller:kb|reset_cmd    ; PS2_CLK      ; PS2_CLK     ; 1.000        ; 0.001      ; 1.062      ;
; 0.019  ; Keyboard_Controller:kb|shift_reg[5] ; Keyboard_Controller:kb|direction[4] ; PS2_CLK      ; PS2_CLK     ; 1.000        ; -0.012     ; 1.001      ;
; 0.035  ; Keyboard_Controller:kb|bit_count[0] ; Keyboard_Controller:kb|key_break    ; PS2_CLK      ; PS2_CLK     ; 1.000        ; 0.165      ; 1.162      ;
; 0.035  ; Keyboard_Controller:kb|bit_count[0] ; Keyboard_Controller:kb|reset_cmd    ; PS2_CLK      ; PS2_CLK     ; 1.000        ; 0.165      ; 1.162      ;
; 0.043  ; Keyboard_Controller:kb|shift_reg[7] ; Keyboard_Controller:kb|key_break    ; PS2_CLK      ; PS2_CLK     ; 1.000        ; 0.001      ; 0.990      ;
; 0.050  ; Keyboard_Controller:kb|shift_reg[8] ; Keyboard_Controller:kb|reset_cmd    ; PS2_CLK      ; PS2_CLK     ; 1.000        ; 0.001      ; 0.983      ;
; 0.064  ; Keyboard_Controller:kb|bit_count[2] ; Keyboard_Controller:kb|shift_reg[6] ; PS2_CLK      ; PS2_CLK     ; 1.000        ; 0.152      ; 1.120      ;
; 0.066  ; Keyboard_Controller:kb|bit_count[2] ; Keyboard_Controller:kb|key_break    ; PS2_CLK      ; PS2_CLK     ; 1.000        ; 0.165      ; 1.131      ;
; 0.066  ; Keyboard_Controller:kb|bit_count[2] ; Keyboard_Controller:kb|reset_cmd    ; PS2_CLK      ; PS2_CLK     ; 1.000        ; 0.165      ; 1.131      ;
; 0.087  ; Keyboard_Controller:kb|bit_count[3] ; Keyboard_Controller:kb|shift_reg[6] ; PS2_CLK      ; PS2_CLK     ; 1.000        ; 0.152      ; 1.097      ;
; 0.103  ; Keyboard_Controller:kb|bit_count[2] ; Keyboard_Controller:kb|shift_reg[7] ; PS2_CLK      ; PS2_CLK     ; 1.000        ; 0.164      ; 1.093      ;
; 0.110  ; Keyboard_Controller:kb|shift_reg[6] ; Keyboard_Controller:kb|direction[4] ; PS2_CLK      ; PS2_CLK     ; 1.000        ; 0.000      ; 0.922      ;
; 0.126  ; Keyboard_Controller:kb|bit_count[3] ; Keyboard_Controller:kb|shift_reg[7] ; PS2_CLK      ; PS2_CLK     ; 1.000        ; 0.164      ; 1.070      ;
; 0.158  ; Keyboard_Controller:kb|bit_count[0] ; Keyboard_Controller:kb|shift_reg[6] ; PS2_CLK      ; PS2_CLK     ; 1.000        ; 0.152      ; 1.026      ;
; 0.171  ; Keyboard_Controller:kb|bit_count[0] ; Keyboard_Controller:kb|shift_reg[7] ; PS2_CLK      ; PS2_CLK     ; 1.000        ; 0.164      ; 1.025      ;
; 0.188  ; Keyboard_Controller:kb|bit_count[1] ; Keyboard_Controller:kb|shift_reg[6] ; PS2_CLK      ; PS2_CLK     ; 1.000        ; 0.152      ; 0.996      ;
; 0.193  ; Keyboard_Controller:kb|bit_count[2] ; Keyboard_Controller:kb|shift_reg[1] ; PS2_CLK      ; PS2_CLK     ; 1.000        ; 0.152      ; 0.991      ;
; 0.205  ; Keyboard_Controller:kb|bit_count[2] ; Keyboard_Controller:kb|shift_reg[2] ; PS2_CLK      ; PS2_CLK     ; 1.000        ; 0.164      ; 0.991      ;
; 0.211  ; Keyboard_Controller:kb|bit_count[2] ; Keyboard_Controller:kb|shift_reg[4] ; PS2_CLK      ; PS2_CLK     ; 1.000        ; 0.152      ; 0.973      ;
; 0.213  ; Keyboard_Controller:kb|bit_count[3] ; Keyboard_Controller:kb|shift_reg[1] ; PS2_CLK      ; PS2_CLK     ; 1.000        ; 0.152      ; 0.971      ;
; 0.224  ; Keyboard_Controller:kb|bit_count[3] ; Keyboard_Controller:kb|shift_reg[2] ; PS2_CLK      ; PS2_CLK     ; 1.000        ; 0.164      ; 0.972      ;
; 0.227  ; Keyboard_Controller:kb|bit_count[1] ; Keyboard_Controller:kb|shift_reg[7] ; PS2_CLK      ; PS2_CLK     ; 1.000        ; 0.164      ; 0.969      ;
; 0.230  ; Keyboard_Controller:kb|bit_count[2] ; Keyboard_Controller:kb|shift_reg[5] ; PS2_CLK      ; PS2_CLK     ; 1.000        ; 0.164      ; 0.966      ;
; 0.234  ; Keyboard_Controller:kb|bit_count[2] ; Keyboard_Controller:kb|shift_reg[8] ; PS2_CLK      ; PS2_CLK     ; 1.000        ; 0.164      ; 0.962      ;
; 0.235  ; Keyboard_Controller:kb|bit_count[2] ; Keyboard_Controller:kb|shift_reg[3] ; PS2_CLK      ; PS2_CLK     ; 1.000        ; 0.164      ; 0.961      ;
; 0.235  ; Keyboard_Controller:kb|bit_count[3] ; Keyboard_Controller:kb|shift_reg[4] ; PS2_CLK      ; PS2_CLK     ; 1.000        ; 0.152      ; 0.949      ;
; 0.246  ; Keyboard_Controller:kb|bit_count[3] ; Keyboard_Controller:kb|shift_reg[5] ; PS2_CLK      ; PS2_CLK     ; 1.000        ; 0.164      ; 0.950      ;
; 0.250  ; Keyboard_Controller:kb|bit_count[3] ; Keyboard_Controller:kb|shift_reg[8] ; PS2_CLK      ; PS2_CLK     ; 1.000        ; 0.164      ; 0.946      ;
; 0.255  ; Keyboard_Controller:kb|direction[4] ; Keyboard_Controller:kb|direction[4] ; PS2_CLK      ; PS2_CLK     ; 1.000        ; 0.000      ; 0.777      ;
; 0.257  ; Keyboard_Controller:kb|bit_count[3] ; Keyboard_Controller:kb|shift_reg[3] ; PS2_CLK      ; PS2_CLK     ; 1.000        ; 0.164      ; 0.939      ;
; 0.265  ; Keyboard_Controller:kb|reset_cmd    ; Keyboard_Controller:kb|reset_cmd    ; PS2_CLK      ; PS2_CLK     ; 1.000        ; 0.000      ; 0.767      ;
; 0.265  ; Keyboard_Controller:kb|bit_count[0] ; Keyboard_Controller:kb|shift_reg[1] ; PS2_CLK      ; PS2_CLK     ; 1.000        ; 0.152      ; 0.919      ;
; 0.295  ; Keyboard_Controller:kb|bit_count[0] ; Keyboard_Controller:kb|shift_reg[2] ; PS2_CLK      ; PS2_CLK     ; 1.000        ; 0.164      ; 0.901      ;
; 0.296  ; Keyboard_Controller:kb|bit_count[0] ; Keyboard_Controller:kb|shift_reg[5] ; PS2_CLK      ; PS2_CLK     ; 1.000        ; 0.164      ; 0.900      ;
; 0.304  ; Keyboard_Controller:kb|bit_count[0] ; Keyboard_Controller:kb|shift_reg[3] ; PS2_CLK      ; PS2_CLK     ; 1.000        ; 0.164      ; 0.892      ;
+--------+-------------------------------------+-------------------------------------+--------------+-------------+--------------+------------+------------+


+-------------------------------------------------------------------------------------------------------------------------------------------------------------------+
; Fast Model Hold: 'CLOCK_50'                                                                                                                                       ;
+--------+--------------------------------+-----------------------------------+------------------------------+-------------+--------------+------------+------------+
; Slack  ; From Node                      ; To Node                           ; Launch Clock                 ; Latch Clock ; Relationship ; Clock Skew ; Data Delay ;
+--------+--------------------------------+-----------------------------------+------------------------------+-------------+--------------+------------+------------+
; -1.575 ; Game_Clock:clk_gen|game_tick   ; Game_Clock:clk_gen|game_tick      ; Game_Clock:clk_gen|game_tick ; CLOCK_50    ; 0.000        ; 1.649      ; 0.367      ;
; -1.075 ; Game_Clock:clk_gen|game_tick   ; Game_Clock:clk_gen|game_tick      ; Game_Clock:clk_gen|game_tick ; CLOCK_50    ; -0.500       ; 1.649      ; 0.367      ;
; 0.247  ; Game_Clock:clk_gen|counter[23] ; Game_Clock:clk_gen|counter[23]    ; CLOCK_50                     ; CLOCK_50    ; 0.000        ; 0.000      ; 0.399      ;
; 0.253  ; Random_Generator:rng|cnt_x[6]  ; Random_Generator:rng|cnt_x[6]     ; CLOCK_50                     ; CLOCK_50    ; 0.000        ; 0.000      ; 0.405      ;
; 0.264  ; Random_Generator:rng|cnt_y[5]  ; Random_Generator:rng|cnt_y[5]     ; CLOCK_50                     ; CLOCK_50    ; 0.000        ; 0.000      ; 0.416      ;
; 0.356  ; Game_Clock:clk_gen|counter[0]  ; Game_Clock:clk_gen|counter[0]     ; CLOCK_50                     ; CLOCK_50    ; 0.000        ; 0.000      ; 0.508      ;
; 0.356  ; Game_Clock:clk_gen|counter[3]  ; Game_Clock:clk_gen|counter[3]     ; CLOCK_50                     ; CLOCK_50    ; 0.000        ; 0.000      ; 0.508      ;
; 0.357  ; VGA_Controller:vga|pixel_y[0]  ; VGA_Controller:vga|pixel_y[0]     ; CLOCK_50                     ; CLOCK_50    ; 0.000        ; 0.000      ; 0.509      ;
; 0.357  ; Game_Clock:clk_gen|counter[12] ; Game_Clock:clk_gen|counter[12]    ; CLOCK_50                     ; CLOCK_50    ; 0.000        ; 0.000      ; 0.509      ;
; 0.360  ; VGA_Controller:vga|pixel_x[0]  ; VGA_Controller:vga|pixel_x[0]     ; CLOCK_50                     ; CLOCK_50    ; 0.000        ; 0.000      ; 0.512      ;
; 0.360  ; Game_Clock:clk_gen|counter[14] ; Game_Clock:clk_gen|counter[14]    ; CLOCK_50                     ; CLOCK_50    ; 0.000        ; 0.000      ; 0.512      ;
; 0.361  ; Game_Clock:clk_gen|counter[9]  ; Game_Clock:clk_gen|counter[9]     ; CLOCK_50                     ; CLOCK_50    ; 0.000        ; 0.000      ; 0.513      ;
; 0.361  ; Game_Clock:clk_gen|counter[10] ; Game_Clock:clk_gen|counter[10]    ; CLOCK_50                     ; CLOCK_50    ; 0.000        ; 0.000      ; 0.513      ;
; 0.361  ; Game_Clock:clk_gen|counter[11] ; Game_Clock:clk_gen|counter[11]    ; CLOCK_50                     ; CLOCK_50    ; 0.000        ; 0.000      ; 0.513      ;
; 0.361  ; Game_Clock:clk_gen|counter[16] ; Game_Clock:clk_gen|counter[16]    ; CLOCK_50                     ; CLOCK_50    ; 0.000        ; 0.000      ; 0.513      ;
; 0.361  ; Game_Clock:clk_gen|counter[19] ; Game_Clock:clk_gen|counter[19]    ; CLOCK_50                     ; CLOCK_50    ; 0.000        ; 0.000      ; 0.513      ;
; 0.362  ; Game_Clock:clk_gen|counter[5]  ; Game_Clock:clk_gen|counter[5]     ; CLOCK_50                     ; CLOCK_50    ; 0.000        ; 0.000      ; 0.514      ;
; 0.363  ; Game_Clock:clk_gen|counter[7]  ; Game_Clock:clk_gen|counter[7]     ; CLOCK_50                     ; CLOCK_50    ; 0.000        ; 0.000      ; 0.515      ;
; 0.363  ; Game_Clock:clk_gen|counter[13] ; Game_Clock:clk_gen|counter[13]    ; CLOCK_50                     ; CLOCK_50    ; 0.000        ; 0.000      ; 0.515      ;
; 0.364  ; Random_Generator:rng|cnt_x[2]  ; Random_Generator:rng|cnt_x[2]     ; CLOCK_50                     ; CLOCK_50    ; 0.000        ; 0.000      ; 0.516      ;
; 0.364  ; Game_Clock:clk_gen|counter[21] ; Game_Clock:clk_gen|counter[21]    ; CLOCK_50                     ; CLOCK_50    ; 0.000        ; 0.000      ; 0.516      ;
; 0.365  ; Random_Generator:rng|cnt_x[4]  ; Random_Generator:rng|cnt_x[4]     ; CLOCK_50                     ; CLOCK_50    ; 0.000        ; 0.000      ; 0.517      ;
; 0.369  ; VGA_Controller:vga|pixel_y[2]  ; VGA_Controller:vga|pixel_y[2]     ; CLOCK_50                     ; CLOCK_50    ; 0.000        ; 0.000      ; 0.521      ;
; 0.369  ; Game_Clock:clk_gen|counter[1]  ; Game_Clock:clk_gen|counter[1]     ; CLOCK_50                     ; CLOCK_50    ; 0.000        ; 0.000      ; 0.521      ;
; 0.369  ; Game_Clock:clk_gen|counter[4]  ; Game_Clock:clk_gen|counter[4]     ; CLOCK_50                     ; CLOCK_50    ; 0.000        ; 0.000      ; 0.521      ;
; 0.369  ; Game_Clock:clk_gen|counter[15] ; Game_Clock:clk_gen|counter[15]    ; CLOCK_50                     ; CLOCK_50    ; 0.000        ; 0.000      ; 0.521      ;
; 0.369  ; Game_Clock:clk_gen|counter[17] ; Game_Clock:clk_gen|counter[17]    ; CLOCK_50                     ; CLOCK_50    ; 0.000        ; 0.000      ; 0.521      ;
; 0.370  ; Game_Clock:clk_gen|counter[2]  ; Game_Clock:clk_gen|counter[2]     ; CLOCK_50                     ; CLOCK_50    ; 0.000        ; 0.000      ; 0.522      ;
; 0.371  ; Game_Clock:clk_gen|counter[6]  ; Game_Clock:clk_gen|counter[6]     ; CLOCK_50                     ; CLOCK_50    ; 0.000        ; 0.000      ; 0.523      ;
; 0.372  ; VGA_Controller:vga|pixel_x[2]  ; VGA_Controller:vga|pixel_x[2]     ; CLOCK_50                     ; CLOCK_50    ; 0.000        ; 0.000      ; 0.524      ;
; 0.372  ; Game_Clock:clk_gen|counter[8]  ; Game_Clock:clk_gen|counter[8]     ; CLOCK_50                     ; CLOCK_50    ; 0.000        ; 0.000      ; 0.524      ;
; 0.373  ; Game_Clock:clk_gen|counter[20] ; Game_Clock:clk_gen|counter[20]    ; CLOCK_50                     ; CLOCK_50    ; 0.000        ; 0.000      ; 0.525      ;
; 0.374  ; Game_Clock:clk_gen|counter[22] ; Game_Clock:clk_gen|counter[22]    ; CLOCK_50                     ; CLOCK_50    ; 0.000        ; 0.000      ; 0.526      ;
; 0.376  ; Random_Generator:rng|cnt_x[5]  ; Random_Generator:rng|cnt_x[5]     ; CLOCK_50                     ; CLOCK_50    ; 0.000        ; 0.000      ; 0.528      ;
; 0.377  ; Random_Generator:rng|cnt_y[4]  ; Random_Generator:rng|cnt_y[4]     ; CLOCK_50                     ; CLOCK_50    ; 0.000        ; 0.000      ; 0.529      ;
; 0.386  ; Random_Generator:rng|cnt_y[2]  ; Random_Generator:rng|cnt_y[2]     ; CLOCK_50                     ; CLOCK_50    ; 0.000        ; 0.000      ; 0.538      ;
; 0.447  ; Game_Clock:clk_gen|counter[18] ; Game_Clock:clk_gen|counter[18]    ; CLOCK_50                     ; CLOCK_50    ; 0.000        ; 0.000      ; 0.599      ;
; 0.494  ; Game_Clock:clk_gen|counter[0]  ; Game_Clock:clk_gen|counter[1]     ; CLOCK_50                     ; CLOCK_50    ; 0.000        ; 0.000      ; 0.646      ;
; 0.495  ; Game_Clock:clk_gen|counter[12] ; Game_Clock:clk_gen|counter[13]    ; CLOCK_50                     ; CLOCK_50    ; 0.000        ; 0.000      ; 0.647      ;
; 0.495  ; VGA_Controller:vga|pixel_x[1]  ; VGA_Controller:vga|pixel_x[2]     ; CLOCK_50                     ; CLOCK_50    ; 0.000        ; 0.000      ; 0.647      ;
; 0.498  ; Game_Clock:clk_gen|counter[14] ; Game_Clock:clk_gen|counter[15]    ; CLOCK_50                     ; CLOCK_50    ; 0.000        ; 0.000      ; 0.650      ;
; 0.499  ; Game_Clock:clk_gen|counter[9]  ; Game_Clock:clk_gen|counter[10]    ; CLOCK_50                     ; CLOCK_50    ; 0.000        ; 0.000      ; 0.651      ;
; 0.499  ; Game_Clock:clk_gen|counter[10] ; Game_Clock:clk_gen|counter[11]    ; CLOCK_50                     ; CLOCK_50    ; 0.000        ; 0.000      ; 0.651      ;
; 0.499  ; Game_Clock:clk_gen|counter[16] ; Game_Clock:clk_gen|counter[17]    ; CLOCK_50                     ; CLOCK_50    ; 0.000        ; 0.000      ; 0.651      ;
; 0.500  ; Game_Clock:clk_gen|counter[5]  ; Game_Clock:clk_gen|counter[6]     ; CLOCK_50                     ; CLOCK_50    ; 0.000        ; 0.000      ; 0.652      ;
; 0.501  ; Game_Clock:clk_gen|counter[13] ; Game_Clock:clk_gen|counter[14]    ; CLOCK_50                     ; CLOCK_50    ; 0.000        ; 0.000      ; 0.653      ;
; 0.501  ; Game_Clock:clk_gen|counter[7]  ; Game_Clock:clk_gen|counter[8]     ; CLOCK_50                     ; CLOCK_50    ; 0.000        ; 0.000      ; 0.653      ;
; 0.502  ; Game_Clock:clk_gen|counter[21] ; Game_Clock:clk_gen|counter[22]    ; CLOCK_50                     ; CLOCK_50    ; 0.000        ; 0.000      ; 0.654      ;
; 0.503  ; Random_Generator:rng|cnt_x[4]  ; Random_Generator:rng|cnt_x[5]     ; CLOCK_50                     ; CLOCK_50    ; 0.000        ; 0.000      ; 0.655      ;
; 0.509  ; Game_Clock:clk_gen|counter[15] ; Game_Clock:clk_gen|counter[16]    ; CLOCK_50                     ; CLOCK_50    ; 0.000        ; 0.000      ; 0.661      ;
; 0.509  ; Game_Clock:clk_gen|counter[4]  ; Game_Clock:clk_gen|counter[5]     ; CLOCK_50                     ; CLOCK_50    ; 0.000        ; 0.000      ; 0.661      ;
; 0.509  ; Game_Clock:clk_gen|counter[1]  ; Game_Clock:clk_gen|counter[2]     ; CLOCK_50                     ; CLOCK_50    ; 0.000        ; 0.000      ; 0.661      ;
; 0.509  ; Game_Clock:clk_gen|counter[17] ; Game_Clock:clk_gen|counter[18]    ; CLOCK_50                     ; CLOCK_50    ; 0.000        ; 0.000      ; 0.661      ;
; 0.510  ; Game_Clock:clk_gen|counter[2]  ; Game_Clock:clk_gen|counter[3]     ; CLOCK_50                     ; CLOCK_50    ; 0.000        ; 0.000      ; 0.662      ;
; 0.511  ; Game_Clock:clk_gen|counter[6]  ; Game_Clock:clk_gen|counter[7]     ; CLOCK_50                     ; CLOCK_50    ; 0.000        ; 0.000      ; 0.663      ;
; 0.511  ; Random_Generator:rng|cnt_x[3]  ; Random_Generator:rng|cnt_x[4]     ; CLOCK_50                     ; CLOCK_50    ; 0.000        ; 0.000      ; 0.663      ;
; 0.512  ; Game_Clock:clk_gen|counter[8]  ; Game_Clock:clk_gen|counter[9]     ; CLOCK_50                     ; CLOCK_50    ; 0.000        ; 0.000      ; 0.664      ;
; 0.513  ; Game_Clock:clk_gen|counter[20] ; Game_Clock:clk_gen|counter[21]    ; CLOCK_50                     ; CLOCK_50    ; 0.000        ; 0.000      ; 0.665      ;
; 0.514  ; Game_Clock:clk_gen|counter[22] ; Game_Clock:clk_gen|counter[23]    ; CLOCK_50                     ; CLOCK_50    ; 0.000        ; 0.000      ; 0.666      ;
; 0.515  ; Random_Generator:rng|cnt_y[4]  ; Random_Generator:rng|cnt_y[5]     ; CLOCK_50                     ; CLOCK_50    ; 0.000        ; 0.000      ; 0.667      ;
; 0.516  ; Random_Generator:rng|cnt_x[5]  ; Random_Generator:rng|cnt_x[6]     ; CLOCK_50                     ; CLOCK_50    ; 0.000        ; 0.000      ; 0.668      ;
; 0.521  ; Random_Generator:rng|cnt_x[1]  ; Random_Generator:rng|cnt_x[2]     ; CLOCK_50                     ; CLOCK_50    ; 0.000        ; 0.000      ; 0.673      ;
; 0.521  ; Random_Generator:rng|cnt_y[3]  ; Random_Generator:rng|cnt_y[4]     ; CLOCK_50                     ; CLOCK_50    ; 0.000        ; 0.000      ; 0.673      ;
; 0.525  ; VGA_Controller:vga|pixel_y[4]  ; VGA_Controller:vga|pixel_y[4]     ; CLOCK_50                     ; CLOCK_50    ; 0.000        ; 0.000      ; 0.677      ;
; 0.529  ; Game_Clock:clk_gen|counter[0]  ; Game_Clock:clk_gen|counter[2]     ; CLOCK_50                     ; CLOCK_50    ; 0.000        ; 0.000      ; 0.681      ;
; 0.530  ; VGA_Controller:vga|pixel_y[0]  ; VGA_Controller:vga|pixel_y[2]     ; CLOCK_50                     ; CLOCK_50    ; 0.000        ; 0.000      ; 0.682      ;
; 0.530  ; Game_Clock:clk_gen|counter[12] ; Game_Clock:clk_gen|counter[14]    ; CLOCK_50                     ; CLOCK_50    ; 0.000        ; 0.000      ; 0.682      ;
; 0.532  ; VGA_Controller:vga|pixel_x[5]  ; VGA_Controller:vga|pixel_x[5]     ; CLOCK_50                     ; CLOCK_50    ; 0.000        ; 0.000      ; 0.684      ;
; 0.533  ; VGA_Controller:vga|pixel_x[0]  ; VGA_Controller:vga|pixel_x[2]     ; CLOCK_50                     ; CLOCK_50    ; 0.000        ; 0.000      ; 0.685      ;
; 0.533  ; Game_Clock:clk_gen|counter[14] ; Game_Clock:clk_gen|counter[16]    ; CLOCK_50                     ; CLOCK_50    ; 0.000        ; 0.000      ; 0.685      ;
; 0.534  ; Game_Clock:clk_gen|counter[9]  ; Game_Clock:clk_gen|counter[11]    ; CLOCK_50                     ; CLOCK_50    ; 0.000        ; 0.000      ; 0.686      ;
; 0.534  ; Game_Clock:clk_gen|counter[16] ; Game_Clock:clk_gen|counter[18]    ; CLOCK_50                     ; CLOCK_50    ; 0.000        ; 0.000      ; 0.686      ;
; 0.535  ; Game_Clock:clk_gen|counter[5]  ; Game_Clock:clk_gen|counter[7]     ; CLOCK_50                     ; CLOCK_50    ; 0.000        ; 0.000      ; 0.687      ;
; 0.536  ; Game_Clock:clk_gen|counter[13] ; Game_Clock:clk_gen|counter[15]    ; CLOCK_50                     ; CLOCK_50    ; 0.000        ; 0.000      ; 0.688      ;
; 0.536  ; Game_Clock:clk_gen|counter[7]  ; Game_Clock:clk_gen|counter[9]     ; CLOCK_50                     ; CLOCK_50    ; 0.000        ; 0.000      ; 0.688      ;
; 0.537  ; Random_Generator:rng|cnt_x[2]  ; Random_Generator:rng|cnt_x[4]     ; CLOCK_50                     ; CLOCK_50    ; 0.000        ; 0.000      ; 0.689      ;
; 0.537  ; Game_Clock:clk_gen|counter[21] ; Game_Clock:clk_gen|counter[23]    ; CLOCK_50                     ; CLOCK_50    ; 0.000        ; 0.000      ; 0.689      ;
; 0.538  ; Random_Generator:rng|cnt_x[4]  ; Random_Generator:rng|cnt_x[6]     ; CLOCK_50                     ; CLOCK_50    ; 0.000        ; 0.000      ; 0.690      ;
; 0.542  ; VGA_Controller:vga|pixel_x[1]  ; VGA_Controller:vga|pixel_x[1]     ; CLOCK_50                     ; CLOCK_50    ; 0.000        ; 0.000      ; 0.694      ;
; 0.544  ; Game_Clock:clk_gen|counter[17] ; Game_Clock:clk_gen|counter[19]    ; CLOCK_50                     ; CLOCK_50    ; 0.000        ; 0.000      ; 0.696      ;
; 0.544  ; Game_Clock:clk_gen|counter[15] ; Game_Clock:clk_gen|counter[17]    ; CLOCK_50                     ; CLOCK_50    ; 0.000        ; 0.000      ; 0.696      ;
; 0.544  ; Game_Clock:clk_gen|counter[4]  ; Game_Clock:clk_gen|counter[6]     ; CLOCK_50                     ; CLOCK_50    ; 0.000        ; 0.000      ; 0.696      ;
; 0.544  ; Game_Clock:clk_gen|counter[1]  ; Game_Clock:clk_gen|counter[3]     ; CLOCK_50                     ; CLOCK_50    ; 0.000        ; 0.000      ; 0.696      ;
; 0.546  ; Game_Clock:clk_gen|counter[6]  ; Game_Clock:clk_gen|counter[8]     ; CLOCK_50                     ; CLOCK_50    ; 0.000        ; 0.000      ; 0.698      ;
; 0.546  ; Random_Generator:rng|cnt_x[3]  ; Random_Generator:rng|cnt_x[5]     ; CLOCK_50                     ; CLOCK_50    ; 0.000        ; 0.000      ; 0.698      ;
; 0.547  ; Game_Clock:clk_gen|counter[11] ; Game_Clock:clk_gen|counter[12]    ; CLOCK_50                     ; CLOCK_50    ; 0.000        ; -0.001     ; 0.698      ;
; 0.547  ; Game_Clock:clk_gen|counter[8]  ; Game_Clock:clk_gen|counter[10]    ; CLOCK_50                     ; CLOCK_50    ; 0.000        ; 0.000      ; 0.699      ;
; 0.548  ; Game_Clock:clk_gen|counter[20] ; Game_Clock:clk_gen|counter[22]    ; CLOCK_50                     ; CLOCK_50    ; 0.000        ; 0.000      ; 0.700      ;
; 0.549  ; Game_Clock:clk_gen|counter[3]  ; Game_Clock:clk_gen|counter[4]     ; CLOCK_50                     ; CLOCK_50    ; 0.000        ; 0.000      ; 0.701      ;
; 0.554  ; Game_Clock:clk_gen|counter[19] ; Game_Clock:clk_gen|counter[20]    ; CLOCK_50                     ; CLOCK_50    ; 0.000        ; 0.000      ; 0.706      ;
; 0.556  ; Random_Generator:rng|cnt_y[3]  ; Random_Generator:rng|cnt_y[5]     ; CLOCK_50                     ; CLOCK_50    ; 0.000        ; 0.000      ; 0.708      ;
; 0.561  ; Random_Generator:rng|cnt_y[2]  ; Random_Generator:rng|cnt_y[4]     ; CLOCK_50                     ; CLOCK_50    ; 0.000        ; 0.000      ; 0.713      ;
; 0.564  ; Game_Clock:clk_gen|counter[0]  ; Game_Clock:clk_gen|counter[3]     ; CLOCK_50                     ; CLOCK_50    ; 0.000        ; 0.000      ; 0.716      ;
; 0.565  ; Game_Clock:clk_gen|counter[12] ; Game_Clock:clk_gen|counter[15]    ; CLOCK_50                     ; CLOCK_50    ; 0.000        ; 0.000      ; 0.717      ;
; 0.567  ; VGA_Controller:vga|pixel_x[10] ; Game_Logic:logic_core|is_obstacle ; CLOCK_50                     ; CLOCK_50    ; 0.000        ; 0.017      ; 0.736      ;
; 0.568  ; Game_Clock:clk_gen|counter[14] ; Game_Clock:clk_gen|counter[17]    ; CLOCK_50                     ; CLOCK_50    ; 0.000        ; 0.000      ; 0.720      ;
; 0.569  ; Game_Clock:clk_gen|counter[16] ; Game_Clock:clk_gen|counter[19]    ; CLOCK_50                     ; CLOCK_50    ; 0.000        ; 0.000      ; 0.721      ;
; 0.570  ; Game_Clock:clk_gen|counter[5]  ; Game_Clock:clk_gen|counter[8]     ; CLOCK_50                     ; CLOCK_50    ; 0.000        ; 0.000      ; 0.722      ;
; 0.571  ; Random_Generator:rng|cnt_x[1]  ; Random_Generator:rng|rnd_x[2]     ; CLOCK_50                     ; CLOCK_50    ; 0.000        ; 0.002      ; 0.725      ;
; 0.571  ; Game_Clock:clk_gen|counter[13] ; Game_Clock:clk_gen|counter[16]    ; CLOCK_50                     ; CLOCK_50    ; 0.000        ; 0.000      ; 0.723      ;
+--------+--------------------------------+-----------------------------------+------------------------------+-------------+--------------+------------+------------+


+--------------------------------------------------------------------------------------------------------------------------------------------------------------------------------------------------------+
; Fast Model Hold: 'Game_Clock:clk_gen|game_tick'                                                                                                                                                        ;
+-------+--------------------------------------------+--------------------------------------------+------------------------------+------------------------------+--------------+------------+------------+
; Slack ; From Node                                  ; To Node                                    ; Launch Clock                 ; Latch Clock                  ; Relationship ; Clock Skew ; Data Delay ;
+-------+--------------------------------------------+--------------------------------------------+------------------------------+------------------------------+--------------+------------+------------+
; 0.145 ; Random_Generator:rng|rnd_y[7]              ; Game_Logic:logic_core|apple_y[7]           ; CLOCK_50                     ; Game_Clock:clk_gen|game_tick ; 0.000        ; 0.180      ; 0.477      ;
; 0.188 ; Random_Generator:rng|rnd_x[6]              ; Game_Logic:logic_core|apple_x[6]           ; CLOCK_50                     ; Game_Clock:clk_gen|game_tick ; 0.000        ; 0.180      ; 0.520      ;
; 0.199 ; Random_Generator:rng|rnd_y[3]              ; Game_Logic:logic_core|apple_y[3]           ; CLOCK_50                     ; Game_Clock:clk_gen|game_tick ; 0.000        ; 0.180      ; 0.531      ;
; 0.204 ; Random_Generator:rng|rnd_y[2]              ; Game_Logic:logic_core|apple_y[2]           ; CLOCK_50                     ; Game_Clock:clk_gen|game_tick ; 0.000        ; 0.178      ; 0.534      ;
; 0.215 ; Game_Logic:logic_core|cur_dir[4]           ; Game_Logic:logic_core|cur_dir[4]           ; Game_Clock:clk_gen|game_tick ; Game_Clock:clk_gen|game_tick ; 0.000        ; 0.000      ; 0.367      ;
; 0.215 ; Game_Logic:logic_core|current_state.S_PLAY ; Game_Logic:logic_core|current_state.S_PLAY ; Game_Clock:clk_gen|game_tick ; Game_Clock:clk_gen|game_tick ; 0.000        ; 0.000      ; 0.367      ;
; 0.215 ; Game_Logic:logic_core|game_over            ; Game_Logic:logic_core|game_over            ; Game_Clock:clk_gen|game_tick ; Game_Clock:clk_gen|game_tick ; 0.000        ; 0.000      ; 0.367      ;
; 0.220 ; Random_Generator:rng|rnd_x[10]             ; Game_Logic:logic_core|apple_x[3]           ; CLOCK_50                     ; Game_Clock:clk_gen|game_tick ; 0.000        ; 0.180      ; 0.552      ;
; 0.220 ; Random_Generator:rng|rnd_x[10]             ; Game_Logic:logic_core|apple_x[4]           ; CLOCK_50                     ; Game_Clock:clk_gen|game_tick ; 0.000        ; 0.180      ; 0.552      ;
; 0.220 ; Random_Generator:rng|rnd_x[10]             ; Game_Logic:logic_core|apple_x[9]           ; CLOCK_50                     ; Game_Clock:clk_gen|game_tick ; 0.000        ; 0.180      ; 0.552      ;
; 0.221 ; Random_Generator:rng|rnd_x[10]             ; Game_Logic:logic_core|apple_x[1]           ; CLOCK_50                     ; Game_Clock:clk_gen|game_tick ; 0.000        ; 0.180      ; 0.553      ;
; 0.221 ; Random_Generator:rng|rnd_x[10]             ; Game_Logic:logic_core|apple_x[2]           ; CLOCK_50                     ; Game_Clock:clk_gen|game_tick ; 0.000        ; 0.180      ; 0.553      ;
; 0.237 ; Game_Logic:logic_core|snake_y[117][1]      ; Game_Logic:logic_core|snake_y[118][1]      ; Game_Clock:clk_gen|game_tick ; Game_Clock:clk_gen|game_tick ; 0.000        ; 0.000      ; 0.389      ;
; 0.237 ; Game_Logic:logic_core|snake_y[100][9]      ; Game_Logic:logic_core|snake_y[101][9]      ; Game_Clock:clk_gen|game_tick ; Game_Clock:clk_gen|game_tick ; 0.000        ; 0.000      ; 0.389      ;
; 0.238 ; Game_Logic:logic_core|snake_x[82][1]       ; Game_Logic:logic_core|snake_x[83][1]       ; Game_Clock:clk_gen|game_tick ; Game_Clock:clk_gen|game_tick ; 0.000        ; 0.000      ; 0.390      ;
; 0.238 ; Game_Logic:logic_core|snake_x[86][5]       ; Game_Logic:logic_core|snake_x[87][5]       ; Game_Clock:clk_gen|game_tick ; Game_Clock:clk_gen|game_tick ; 0.000        ; 0.000      ; 0.390      ;
; 0.238 ; Game_Logic:logic_core|snake_x[113][9]      ; Game_Logic:logic_core|snake_x[114][9]      ; Game_Clock:clk_gen|game_tick ; Game_Clock:clk_gen|game_tick ; 0.000        ; 0.000      ; 0.390      ;
; 0.238 ; Game_Logic:logic_core|snake_y[112][4]      ; Game_Logic:logic_core|snake_y[113][4]      ; Game_Clock:clk_gen|game_tick ; Game_Clock:clk_gen|game_tick ; 0.000        ; 0.000      ; 0.390      ;
; 0.239 ; Game_Logic:logic_core|snake_x[75][4]       ; Game_Logic:logic_core|snake_x[76][4]       ; Game_Clock:clk_gen|game_tick ; Game_Clock:clk_gen|game_tick ; 0.000        ; 0.000      ; 0.391      ;
; 0.239 ; Game_Logic:logic_core|snake_y[83][6]       ; Game_Logic:logic_core|snake_y[84][6]       ; Game_Clock:clk_gen|game_tick ; Game_Clock:clk_gen|game_tick ; 0.000        ; 0.000      ; 0.391      ;
; 0.239 ; Game_Logic:logic_core|snake_y[86][1]       ; Game_Logic:logic_core|snake_y[87][1]       ; Game_Clock:clk_gen|game_tick ; Game_Clock:clk_gen|game_tick ; 0.000        ; 0.000      ; 0.391      ;
; 0.239 ; Game_Logic:logic_core|snake_y[75][2]       ; Game_Logic:logic_core|snake_y[76][2]       ; Game_Clock:clk_gen|game_tick ; Game_Clock:clk_gen|game_tick ; 0.000        ; 0.000      ; 0.391      ;
; 0.239 ; Game_Logic:logic_core|snake_y[75][9]       ; Game_Logic:logic_core|snake_y[76][9]       ; Game_Clock:clk_gen|game_tick ; Game_Clock:clk_gen|game_tick ; 0.000        ; 0.000      ; 0.391      ;
; 0.239 ; Game_Logic:logic_core|snake_x[95][6]       ; Game_Logic:logic_core|snake_x[96][6]       ; Game_Clock:clk_gen|game_tick ; Game_Clock:clk_gen|game_tick ; 0.000        ; 0.000      ; 0.391      ;
; 0.239 ; Game_Logic:logic_core|snake_y[90][2]       ; Game_Logic:logic_core|snake_y[91][2]       ; Game_Clock:clk_gen|game_tick ; Game_Clock:clk_gen|game_tick ; 0.000        ; 0.000      ; 0.391      ;
; 0.239 ; Game_Logic:logic_core|snake_x[110][10]     ; Game_Logic:logic_core|snake_x[111][10]     ; Game_Clock:clk_gen|game_tick ; Game_Clock:clk_gen|game_tick ; 0.000        ; 0.000      ; 0.391      ;
; 0.239 ; Game_Logic:logic_core|snake_x[98][9]       ; Game_Logic:logic_core|snake_x[99][9]       ; Game_Clock:clk_gen|game_tick ; Game_Clock:clk_gen|game_tick ; 0.000        ; 0.000      ; 0.391      ;
; 0.239 ; Game_Logic:logic_core|snake_y[115][5]      ; Game_Logic:logic_core|snake_y[116][5]      ; Game_Clock:clk_gen|game_tick ; Game_Clock:clk_gen|game_tick ; 0.000        ; 0.000      ; 0.391      ;
; 0.239 ; Game_Logic:logic_core|snake_x[97][2]       ; Game_Logic:logic_core|snake_x[98][2]       ; Game_Clock:clk_gen|game_tick ; Game_Clock:clk_gen|game_tick ; 0.000        ; 0.000      ; 0.391      ;
; 0.239 ; Game_Logic:logic_core|snake_x[115][4]      ; Game_Logic:logic_core|snake_x[116][4]      ; Game_Clock:clk_gen|game_tick ; Game_Clock:clk_gen|game_tick ; 0.000        ; 0.000      ; 0.391      ;
; 0.240 ; Game_Logic:logic_core|snake_x[68][2]       ; Game_Logic:logic_core|snake_x[69][2]       ; Game_Clock:clk_gen|game_tick ; Game_Clock:clk_gen|game_tick ; 0.000        ; 0.000      ; 0.392      ;
; 0.240 ; Game_Logic:logic_core|snake_x[64][8]       ; Game_Logic:logic_core|snake_x[65][8]       ; Game_Clock:clk_gen|game_tick ; Game_Clock:clk_gen|game_tick ; 0.000        ; 0.000      ; 0.392      ;
; 0.240 ; Game_Logic:logic_core|snake_x[66][10]      ; Game_Logic:logic_core|snake_x[67][10]      ; Game_Clock:clk_gen|game_tick ; Game_Clock:clk_gen|game_tick ; 0.000        ; 0.000      ; 0.392      ;
; 0.240 ; Game_Logic:logic_core|snake_y[85][8]       ; Game_Logic:logic_core|snake_y[86][8]       ; Game_Clock:clk_gen|game_tick ; Game_Clock:clk_gen|game_tick ; 0.000        ; 0.000      ; 0.392      ;
; 0.240 ; Game_Logic:logic_core|snake_y[93][6]       ; Game_Logic:logic_core|snake_y[94][6]       ; Game_Clock:clk_gen|game_tick ; Game_Clock:clk_gen|game_tick ; 0.000        ; 0.000      ; 0.392      ;
; 0.240 ; Game_Logic:logic_core|snake_x[114][2]      ; Game_Logic:logic_core|snake_x[115][2]      ; Game_Clock:clk_gen|game_tick ; Game_Clock:clk_gen|game_tick ; 0.000        ; 0.000      ; 0.392      ;
; 0.240 ; Game_Logic:logic_core|snake_x[119][10]     ; Game_Logic:logic_core|snake_x[120][10]     ; Game_Clock:clk_gen|game_tick ; Game_Clock:clk_gen|game_tick ; 0.000        ; 0.000      ; 0.392      ;
; 0.240 ; Game_Logic:logic_core|snake_y[119][3]      ; Game_Logic:logic_core|snake_y[120][3]      ; Game_Clock:clk_gen|game_tick ; Game_Clock:clk_gen|game_tick ; 0.000        ; 0.000      ; 0.392      ;
; 0.240 ; Game_Logic:logic_core|snake_x[125][10]     ; Game_Logic:logic_core|snake_x[126][10]     ; Game_Clock:clk_gen|game_tick ; Game_Clock:clk_gen|game_tick ; 0.000        ; 0.000      ; 0.392      ;
; 0.240 ; Game_Logic:logic_core|snake_x[118][3]      ; Game_Logic:logic_core|snake_x[119][3]      ; Game_Clock:clk_gen|game_tick ; Game_Clock:clk_gen|game_tick ; 0.000        ; 0.000      ; 0.392      ;
; 0.241 ; Game_Logic:logic_core|snake_x[72][5]       ; Game_Logic:logic_core|snake_x[73][5]       ; Game_Clock:clk_gen|game_tick ; Game_Clock:clk_gen|game_tick ; 0.000        ; 0.000      ; 0.393      ;
; 0.241 ; Game_Logic:logic_core|snake_x[72][3]       ; Game_Logic:logic_core|snake_x[73][3]       ; Game_Clock:clk_gen|game_tick ; Game_Clock:clk_gen|game_tick ; 0.000        ; 0.000      ; 0.393      ;
; 0.241 ; Game_Logic:logic_core|snake_x[76][4]       ; Game_Logic:logic_core|snake_x[77][4]       ; Game_Clock:clk_gen|game_tick ; Game_Clock:clk_gen|game_tick ; 0.000        ; 0.000      ; 0.393      ;
; 0.241 ; Game_Logic:logic_core|snake_y[64][6]       ; Game_Logic:logic_core|snake_y[65][6]       ; Game_Clock:clk_gen|game_tick ; Game_Clock:clk_gen|game_tick ; 0.000        ; 0.000      ; 0.393      ;
; 0.241 ; Game_Logic:logic_core|snake_x[64][10]      ; Game_Logic:logic_core|snake_x[65][10]      ; Game_Clock:clk_gen|game_tick ; Game_Clock:clk_gen|game_tick ; 0.000        ; 0.000      ; 0.393      ;
; 0.241 ; Game_Logic:logic_core|snake_x[69][10]      ; Game_Logic:logic_core|snake_x[70][10]      ; Game_Clock:clk_gen|game_tick ; Game_Clock:clk_gen|game_tick ; 0.000        ; 0.000      ; 0.393      ;
; 0.241 ; Game_Logic:logic_core|snake_y[68][1]       ; Game_Logic:logic_core|snake_y[69][1]       ; Game_Clock:clk_gen|game_tick ; Game_Clock:clk_gen|game_tick ; 0.000        ; 0.000      ; 0.393      ;
; 0.241 ; Game_Logic:logic_core|snake_x[91][2]       ; Game_Logic:logic_core|snake_x[92][2]       ; Game_Clock:clk_gen|game_tick ; Game_Clock:clk_gen|game_tick ; 0.000        ; 0.000      ; 0.393      ;
; 0.241 ; Game_Logic:logic_core|snake_y[107][1]      ; Game_Logic:logic_core|snake_y[108][1]      ; Game_Clock:clk_gen|game_tick ; Game_Clock:clk_gen|game_tick ; 0.000        ; 0.000      ; 0.393      ;
; 0.241 ; Game_Logic:logic_core|snake_y[115][9]      ; Game_Logic:logic_core|snake_y[116][9]      ; Game_Clock:clk_gen|game_tick ; Game_Clock:clk_gen|game_tick ; 0.000        ; 0.000      ; 0.393      ;
; 0.241 ; Game_Logic:logic_core|snake_y[110][5]      ; Game_Logic:logic_core|snake_y[111][5]      ; Game_Clock:clk_gen|game_tick ; Game_Clock:clk_gen|game_tick ; 0.000        ; 0.000      ; 0.393      ;
; 0.241 ; Game_Logic:logic_core|snake_x[105][1]      ; Game_Logic:logic_core|snake_x[106][1]      ; Game_Clock:clk_gen|game_tick ; Game_Clock:clk_gen|game_tick ; 0.000        ; 0.000      ; 0.393      ;
; 0.241 ; Game_Logic:logic_core|snake_y[122][2]      ; Game_Logic:logic_core|snake_y[123][2]      ; Game_Clock:clk_gen|game_tick ; Game_Clock:clk_gen|game_tick ; 0.000        ; 0.000      ; 0.393      ;
; 0.241 ; Game_Logic:logic_core|snake_x[125][4]      ; Game_Logic:logic_core|snake_x[126][4]      ; Game_Clock:clk_gen|game_tick ; Game_Clock:clk_gen|game_tick ; 0.000        ; 0.000      ; 0.393      ;
; 0.241 ; Game_Logic:logic_core|snake_x[120][7]      ; Game_Logic:logic_core|snake_x[121][7]      ; Game_Clock:clk_gen|game_tick ; Game_Clock:clk_gen|game_tick ; 0.000        ; 0.000      ; 0.393      ;
; 0.241 ; Game_Logic:logic_core|snake_x[123][7]      ; Game_Logic:logic_core|snake_x[124][7]      ; Game_Clock:clk_gen|game_tick ; Game_Clock:clk_gen|game_tick ; 0.000        ; 0.000      ; 0.393      ;
; 0.242 ; Game_Logic:logic_core|snake_y[69][5]       ; Game_Logic:logic_core|snake_y[70][5]       ; Game_Clock:clk_gen|game_tick ; Game_Clock:clk_gen|game_tick ; 0.000        ; 0.000      ; 0.394      ;
; 0.242 ; Game_Logic:logic_core|snake_y[69][2]       ; Game_Logic:logic_core|snake_y[70][2]       ; Game_Clock:clk_gen|game_tick ; Game_Clock:clk_gen|game_tick ; 0.000        ; 0.000      ; 0.394      ;
; 0.242 ; Game_Logic:logic_core|snake_y[71][8]       ; Game_Logic:logic_core|snake_y[72][8]       ; Game_Clock:clk_gen|game_tick ; Game_Clock:clk_gen|game_tick ; 0.000        ; 0.000      ; 0.394      ;
; 0.242 ; Game_Logic:logic_core|snake_x[113][8]      ; Game_Logic:logic_core|snake_x[114][8]      ; Game_Clock:clk_gen|game_tick ; Game_Clock:clk_gen|game_tick ; 0.000        ; 0.000      ; 0.394      ;
; 0.242 ; Game_Logic:logic_core|snake_x[97][5]       ; Game_Logic:logic_core|snake_x[98][5]       ; Game_Clock:clk_gen|game_tick ; Game_Clock:clk_gen|game_tick ; 0.000        ; 0.000      ; 0.394      ;
; 0.242 ; Game_Logic:logic_core|snake_y[101][6]      ; Game_Logic:logic_core|snake_y[102][6]      ; Game_Clock:clk_gen|game_tick ; Game_Clock:clk_gen|game_tick ; 0.000        ; 0.000      ; 0.394      ;
; 0.242 ; Game_Logic:logic_core|snake_x[111][1]      ; Game_Logic:logic_core|snake_x[112][1]      ; Game_Clock:clk_gen|game_tick ; Game_Clock:clk_gen|game_tick ; 0.000        ; 0.000      ; 0.394      ;
; 0.242 ; Game_Logic:logic_core|snake_y[122][6]      ; Game_Logic:logic_core|snake_y[123][6]      ; Game_Clock:clk_gen|game_tick ; Game_Clock:clk_gen|game_tick ; 0.000        ; 0.000      ; 0.394      ;
; 0.243 ; Game_Logic:logic_core|snake_x[71][1]       ; Game_Logic:logic_core|snake_x[72][1]       ; Game_Clock:clk_gen|game_tick ; Game_Clock:clk_gen|game_tick ; 0.000        ; 0.000      ; 0.395      ;
; 0.243 ; Game_Logic:logic_core|snake_x[70][2]       ; Game_Logic:logic_core|snake_x[71][2]       ; Game_Clock:clk_gen|game_tick ; Game_Clock:clk_gen|game_tick ; 0.000        ; 0.000      ; 0.395      ;
; 0.243 ; Game_Logic:logic_core|snake_x[86][3]       ; Game_Logic:logic_core|snake_x[87][3]       ; Game_Clock:clk_gen|game_tick ; Game_Clock:clk_gen|game_tick ; 0.000        ; 0.000      ; 0.395      ;
; 0.243 ; Game_Logic:logic_core|snake_x[70][7]       ; Game_Logic:logic_core|snake_x[71][7]       ; Game_Clock:clk_gen|game_tick ; Game_Clock:clk_gen|game_tick ; 0.000        ; 0.000      ; 0.395      ;
; 0.243 ; Game_Logic:logic_core|snake_x[72][7]       ; Game_Logic:logic_core|snake_x[73][7]       ; Game_Clock:clk_gen|game_tick ; Game_Clock:clk_gen|game_tick ; 0.000        ; 0.000      ; 0.395      ;
; 0.243 ; Game_Logic:logic_core|snake_y[72][6]       ; Game_Logic:logic_core|snake_y[73][6]       ; Game_Clock:clk_gen|game_tick ; Game_Clock:clk_gen|game_tick ; 0.000        ; 0.000      ; 0.395      ;
; 0.243 ; Game_Logic:logic_core|snake_y[65][4]       ; Game_Logic:logic_core|snake_y[66][4]       ; Game_Clock:clk_gen|game_tick ; Game_Clock:clk_gen|game_tick ; 0.000        ; 0.000      ; 0.395      ;
; 0.243 ; Game_Logic:logic_core|snake_y[72][4]       ; Game_Logic:logic_core|snake_y[73][4]       ; Game_Clock:clk_gen|game_tick ; Game_Clock:clk_gen|game_tick ; 0.000        ; 0.000      ; 0.395      ;
; 0.243 ; Game_Logic:logic_core|snake_y[86][9]       ; Game_Logic:logic_core|snake_y[87][9]       ; Game_Clock:clk_gen|game_tick ; Game_Clock:clk_gen|game_tick ; 0.000        ; 0.000      ; 0.395      ;
; 0.243 ; Game_Logic:logic_core|snake_x[89][8]       ; Game_Logic:logic_core|snake_x[90][8]       ; Game_Clock:clk_gen|game_tick ; Game_Clock:clk_gen|game_tick ; 0.000        ; 0.000      ; 0.395      ;
; 0.243 ; Game_Logic:logic_core|snake_x[114][8]      ; Game_Logic:logic_core|snake_x[115][8]      ; Game_Clock:clk_gen|game_tick ; Game_Clock:clk_gen|game_tick ; 0.000        ; 0.000      ; 0.395      ;
; 0.243 ; Game_Logic:logic_core|snake_y[104][7]      ; Game_Logic:logic_core|snake_y[105][7]      ; Game_Clock:clk_gen|game_tick ; Game_Clock:clk_gen|game_tick ; 0.000        ; 0.000      ; 0.395      ;
; 0.243 ; Game_Logic:logic_core|snake_y[103][9]      ; Game_Logic:logic_core|snake_y[104][9]      ; Game_Clock:clk_gen|game_tick ; Game_Clock:clk_gen|game_tick ; 0.000        ; 0.000      ; 0.395      ;
; 0.243 ; Game_Logic:logic_core|snake_x[116][3]      ; Game_Logic:logic_core|snake_x[117][3]      ; Game_Clock:clk_gen|game_tick ; Game_Clock:clk_gen|game_tick ; 0.000        ; 0.000      ; 0.395      ;
; 0.243 ; Game_Logic:logic_core|snake_y[120][5]      ; Game_Logic:logic_core|snake_y[121][5]      ; Game_Clock:clk_gen|game_tick ; Game_Clock:clk_gen|game_tick ; 0.000        ; 0.000      ; 0.395      ;
; 0.243 ; Game_Logic:logic_core|snake_y[118][8]      ; Game_Logic:logic_core|snake_y[119][8]      ; Game_Clock:clk_gen|game_tick ; Game_Clock:clk_gen|game_tick ; 0.000        ; 0.000      ; 0.395      ;
; 0.243 ; Game_Logic:logic_core|snake_x[119][3]      ; Game_Logic:logic_core|snake_x[120][3]      ; Game_Clock:clk_gen|game_tick ; Game_Clock:clk_gen|game_tick ; 0.000        ; 0.000      ; 0.395      ;
; 0.244 ; Game_Logic:logic_core|snake_x[86][4]       ; Game_Logic:logic_core|snake_x[87][4]       ; Game_Clock:clk_gen|game_tick ; Game_Clock:clk_gen|game_tick ; 0.000        ; 0.000      ; 0.396      ;
; 0.244 ; Game_Logic:logic_core|snake_y[103][2]      ; Game_Logic:logic_core|snake_y[104][2]      ; Game_Clock:clk_gen|game_tick ; Game_Clock:clk_gen|game_tick ; 0.000        ; 0.000      ; 0.396      ;
; 0.244 ; Game_Logic:logic_core|snake_x[114][7]      ; Game_Logic:logic_core|snake_x[115][7]      ; Game_Clock:clk_gen|game_tick ; Game_Clock:clk_gen|game_tick ; 0.000        ; 0.000      ; 0.396      ;
; 0.244 ; Game_Logic:logic_core|snake_y[101][3]      ; Game_Logic:logic_core|snake_y[102][3]      ; Game_Clock:clk_gen|game_tick ; Game_Clock:clk_gen|game_tick ; 0.000        ; 0.000      ; 0.396      ;
; 0.244 ; Game_Logic:logic_core|snake_y[111][3]      ; Game_Logic:logic_core|snake_y[112][3]      ; Game_Clock:clk_gen|game_tick ; Game_Clock:clk_gen|game_tick ; 0.000        ; 0.000      ; 0.396      ;
; 0.244 ; Game_Logic:logic_core|snake_x[112][1]      ; Game_Logic:logic_core|snake_x[113][1]      ; Game_Clock:clk_gen|game_tick ; Game_Clock:clk_gen|game_tick ; 0.000        ; 0.000      ; 0.396      ;
; 0.244 ; Game_Logic:logic_core|snake_x[116][4]      ; Game_Logic:logic_core|snake_x[117][4]      ; Game_Clock:clk_gen|game_tick ; Game_Clock:clk_gen|game_tick ; 0.000        ; 0.000      ; 0.396      ;
; 0.244 ; Game_Logic:logic_core|snake_y[121][5]      ; Game_Logic:logic_core|snake_y[122][5]      ; Game_Clock:clk_gen|game_tick ; Game_Clock:clk_gen|game_tick ; 0.000        ; 0.000      ; 0.396      ;
; 0.244 ; Game_Logic:logic_core|snake_x[125][7]      ; Game_Logic:logic_core|snake_x[126][7]      ; Game_Clock:clk_gen|game_tick ; Game_Clock:clk_gen|game_tick ; 0.000        ; 0.000      ; 0.396      ;
; 0.245 ; Game_Logic:logic_core|snake_y[75][5]       ; Game_Logic:logic_core|snake_y[76][5]       ; Game_Clock:clk_gen|game_tick ; Game_Clock:clk_gen|game_tick ; 0.000        ; 0.000      ; 0.397      ;
; 0.245 ; Game_Logic:logic_core|snake_y[74][1]       ; Game_Logic:logic_core|snake_y[75][1]       ; Game_Clock:clk_gen|game_tick ; Game_Clock:clk_gen|game_tick ; 0.000        ; 0.000      ; 0.397      ;
; 0.245 ; Game_Logic:logic_core|snake_y[75][1]       ; Game_Logic:logic_core|snake_y[76][1]       ; Game_Clock:clk_gen|game_tick ; Game_Clock:clk_gen|game_tick ; 0.000        ; 0.000      ; 0.397      ;
; 0.245 ; Game_Logic:logic_core|snake_y[65][2]       ; Game_Logic:logic_core|snake_y[66][2]       ; Game_Clock:clk_gen|game_tick ; Game_Clock:clk_gen|game_tick ; 0.000        ; 0.000      ; 0.397      ;
; 0.245 ; Game_Logic:logic_core|snake_y[85][3]       ; Game_Logic:logic_core|snake_y[86][3]       ; Game_Clock:clk_gen|game_tick ; Game_Clock:clk_gen|game_tick ; 0.000        ; 0.000      ; 0.397      ;
; 0.245 ; Game_Logic:logic_core|snake_y[89][8]       ; Game_Logic:logic_core|snake_y[90][8]       ; Game_Clock:clk_gen|game_tick ; Game_Clock:clk_gen|game_tick ; 0.000        ; 0.000      ; 0.397      ;
; 0.245 ; Game_Logic:logic_core|snake_y[107][2]      ; Game_Logic:logic_core|snake_y[108][2]      ; Game_Clock:clk_gen|game_tick ; Game_Clock:clk_gen|game_tick ; 0.000        ; 0.000      ; 0.397      ;
; 0.245 ; Game_Logic:logic_core|snake_x[103][9]      ; Game_Logic:logic_core|snake_x[104][9]      ; Game_Clock:clk_gen|game_tick ; Game_Clock:clk_gen|game_tick ; 0.000        ; 0.000      ; 0.397      ;
; 0.245 ; Game_Logic:logic_core|snake_y[110][3]      ; Game_Logic:logic_core|snake_y[111][3]      ; Game_Clock:clk_gen|game_tick ; Game_Clock:clk_gen|game_tick ; 0.000        ; 0.000      ; 0.397      ;
; 0.245 ; Game_Logic:logic_core|snake_x[114][1]      ; Game_Logic:logic_core|snake_x[115][1]      ; Game_Clock:clk_gen|game_tick ; Game_Clock:clk_gen|game_tick ; 0.000        ; 0.000      ; 0.397      ;
+-------+--------------------------------------------+--------------------------------------------+------------------------------+------------------------------+--------------+------------+------------+


+---------------------------------------------------------------------------------------------------------------------------------------------------------+
; Fast Model Hold: 'PS2_CLK'                                                                                                                              ;
+-------+-------------------------------------+-------------------------------------+--------------+-------------+--------------+------------+------------+
; Slack ; From Node                           ; To Node                             ; Launch Clock ; Latch Clock ; Relationship ; Clock Skew ; Data Delay ;
+-------+-------------------------------------+-------------------------------------+--------------+-------------+--------------+------------+------------+
; 0.215 ; Keyboard_Controller:kb|bit_count[3] ; Keyboard_Controller:kb|bit_count[3] ; PS2_CLK      ; PS2_CLK     ; 0.000        ; 0.000      ; 0.367      ;
; 0.215 ; Keyboard_Controller:kb|bit_count[0] ; Keyboard_Controller:kb|bit_count[0] ; PS2_CLK      ; PS2_CLK     ; 0.000        ; 0.000      ; 0.367      ;
; 0.215 ; Keyboard_Controller:kb|bit_count[1] ; Keyboard_Controller:kb|bit_count[1] ; PS2_CLK      ; PS2_CLK     ; 0.000        ; 0.000      ; 0.367      ;
; 0.215 ; Keyboard_Controller:kb|bit_count[2] ; Keyboard_Controller:kb|bit_count[2] ; PS2_CLK      ; PS2_CLK     ; 0.000        ; 0.000      ; 0.367      ;
; 0.215 ; Keyboard_Controller:kb|shift_reg[7] ; Keyboard_Controller:kb|shift_reg[7] ; PS2_CLK      ; PS2_CLK     ; 0.000        ; 0.000      ; 0.367      ;
; 0.215 ; Keyboard_Controller:kb|shift_reg[1] ; Keyboard_Controller:kb|shift_reg[1] ; PS2_CLK      ; PS2_CLK     ; 0.000        ; 0.000      ; 0.367      ;
; 0.215 ; Keyboard_Controller:kb|shift_reg[3] ; Keyboard_Controller:kb|shift_reg[3] ; PS2_CLK      ; PS2_CLK     ; 0.000        ; 0.000      ; 0.367      ;
; 0.215 ; Keyboard_Controller:kb|shift_reg[2] ; Keyboard_Controller:kb|shift_reg[2] ; PS2_CLK      ; PS2_CLK     ; 0.000        ; 0.000      ; 0.367      ;
; 0.215 ; Keyboard_Controller:kb|shift_reg[6] ; Keyboard_Controller:kb|shift_reg[6] ; PS2_CLK      ; PS2_CLK     ; 0.000        ; 0.000      ; 0.367      ;
; 0.215 ; Keyboard_Controller:kb|shift_reg[4] ; Keyboard_Controller:kb|shift_reg[4] ; PS2_CLK      ; PS2_CLK     ; 0.000        ; 0.000      ; 0.367      ;
; 0.215 ; Keyboard_Controller:kb|shift_reg[8] ; Keyboard_Controller:kb|shift_reg[8] ; PS2_CLK      ; PS2_CLK     ; 0.000        ; 0.000      ; 0.367      ;
; 0.215 ; Keyboard_Controller:kb|shift_reg[5] ; Keyboard_Controller:kb|shift_reg[5] ; PS2_CLK      ; PS2_CLK     ; 0.000        ; 0.000      ; 0.367      ;
; 0.267 ; Keyboard_Controller:kb|shift_reg[6] ; Keyboard_Controller:kb|direction[1] ; PS2_CLK      ; PS2_CLK     ; 0.000        ; 0.001      ; 0.420      ;
; 0.271 ; Keyboard_Controller:kb|shift_reg[6] ; Keyboard_Controller:kb|direction[2] ; PS2_CLK      ; PS2_CLK     ; 0.000        ; 0.001      ; 0.424      ;
; 0.311 ; Keyboard_Controller:kb|bit_count[2] ; Keyboard_Controller:kb|bit_count[3] ; PS2_CLK      ; PS2_CLK     ; 0.000        ; 0.000      ; 0.463      ;
; 0.311 ; Keyboard_Controller:kb|bit_count[2] ; Keyboard_Controller:kb|bit_count[1] ; PS2_CLK      ; PS2_CLK     ; 0.000        ; 0.000      ; 0.463      ;
; 0.312 ; Keyboard_Controller:kb|bit_count[1] ; Keyboard_Controller:kb|bit_count[2] ; PS2_CLK      ; PS2_CLK     ; 0.000        ; 0.000      ; 0.464      ;
; 0.316 ; Keyboard_Controller:kb|bit_count[1] ; Keyboard_Controller:kb|bit_count[0] ; PS2_CLK      ; PS2_CLK     ; 0.000        ; 0.000      ; 0.468      ;
; 0.368 ; Keyboard_Controller:kb|key_break    ; Keyboard_Controller:kb|reset_cmd    ; PS2_CLK      ; PS2_CLK     ; 0.000        ; 0.000      ; 0.520      ;
; 0.377 ; Keyboard_Controller:kb|shift_reg[1] ; Keyboard_Controller:kb|direction[1] ; PS2_CLK      ; PS2_CLK     ; 0.000        ; 0.001      ; 0.530      ;
; 0.379 ; Keyboard_Controller:kb|shift_reg[1] ; Keyboard_Controller:kb|direction[2] ; PS2_CLK      ; PS2_CLK     ; 0.000        ; 0.001      ; 0.532      ;
; 0.388 ; Keyboard_Controller:kb|shift_reg[6] ; Keyboard_Controller:kb|direction[3] ; PS2_CLK      ; PS2_CLK     ; 0.000        ; 0.001      ; 0.541      ;
; 0.403 ; Keyboard_Controller:kb|bit_count[3] ; Keyboard_Controller:kb|bit_count[0] ; PS2_CLK      ; PS2_CLK     ; 0.000        ; 0.000      ; 0.555      ;
; 0.405 ; Keyboard_Controller:kb|bit_count[0] ; Keyboard_Controller:kb|bit_count[2] ; PS2_CLK      ; PS2_CLK     ; 0.000        ; 0.000      ; 0.557      ;
; 0.408 ; Keyboard_Controller:kb|bit_count[0] ; Keyboard_Controller:kb|bit_count[1] ; PS2_CLK      ; PS2_CLK     ; 0.000        ; 0.000      ; 0.560      ;
; 0.410 ; Keyboard_Controller:kb|bit_count[3] ; Keyboard_Controller:kb|bit_count[1] ; PS2_CLK      ; PS2_CLK     ; 0.000        ; 0.000      ; 0.562      ;
; 0.429 ; Keyboard_Controller:kb|bit_count[2] ; Keyboard_Controller:kb|bit_count[0] ; PS2_CLK      ; PS2_CLK     ; 0.000        ; 0.000      ; 0.581      ;
; 0.433 ; Keyboard_Controller:kb|bit_count[1] ; Keyboard_Controller:kb|bit_count[3] ; PS2_CLK      ; PS2_CLK     ; 0.000        ; 0.000      ; 0.585      ;
; 0.452 ; Keyboard_Controller:kb|bit_count[0] ; Keyboard_Controller:kb|bit_count[3] ; PS2_CLK      ; PS2_CLK     ; 0.000        ; 0.000      ; 0.604      ;
; 0.490 ; Keyboard_Controller:kb|shift_reg[2] ; Keyboard_Controller:kb|reset_cmd    ; PS2_CLK      ; PS2_CLK     ; 0.000        ; 0.001      ; 0.643      ;
; 0.495 ; Keyboard_Controller:kb|shift_reg[2] ; Keyboard_Controller:kb|direction[3] ; PS2_CLK      ; PS2_CLK     ; 0.000        ; -0.011     ; 0.636      ;
; 0.522 ; Keyboard_Controller:kb|bit_count[1] ; Keyboard_Controller:kb|shift_reg[8] ; PS2_CLK      ; PS2_CLK     ; 0.000        ; 0.164      ; 0.838      ;
; 0.526 ; Keyboard_Controller:kb|bit_count[1] ; Keyboard_Controller:kb|shift_reg[5] ; PS2_CLK      ; PS2_CLK     ; 0.000        ; 0.164      ; 0.842      ;
; 0.530 ; Keyboard_Controller:kb|shift_reg[2] ; Keyboard_Controller:kb|direction[1] ; PS2_CLK      ; PS2_CLK     ; 0.000        ; -0.011     ; 0.671      ;
; 0.530 ; Keyboard_Controller:kb|shift_reg[2] ; Keyboard_Controller:kb|direction[2] ; PS2_CLK      ; PS2_CLK     ; 0.000        ; -0.011     ; 0.671      ;
; 0.532 ; Keyboard_Controller:kb|bit_count[1] ; Keyboard_Controller:kb|shift_reg[3] ; PS2_CLK      ; PS2_CLK     ; 0.000        ; 0.164      ; 0.848      ;
; 0.533 ; Keyboard_Controller:kb|shift_reg[8] ; Keyboard_Controller:kb|key_break    ; PS2_CLK      ; PS2_CLK     ; 0.000        ; 0.001      ; 0.686      ;
; 0.535 ; Keyboard_Controller:kb|shift_reg[8] ; Keyboard_Controller:kb|reset_cmd    ; PS2_CLK      ; PS2_CLK     ; 0.000        ; 0.001      ; 0.688      ;
; 0.543 ; Keyboard_Controller:kb|shift_reg[5] ; Keyboard_Controller:kb|key_break    ; PS2_CLK      ; PS2_CLK     ; 0.000        ; 0.001      ; 0.696      ;
; 0.545 ; Keyboard_Controller:kb|shift_reg[5] ; Keyboard_Controller:kb|reset_cmd    ; PS2_CLK      ; PS2_CLK     ; 0.000        ; 0.001      ; 0.698      ;
; 0.548 ; Keyboard_Controller:kb|shift_reg[6] ; Keyboard_Controller:kb|direction[4] ; PS2_CLK      ; PS2_CLK     ; 0.000        ; 0.000      ; 0.700      ;
; 0.551 ; Keyboard_Controller:kb|bit_count[1] ; Keyboard_Controller:kb|shift_reg[4] ; PS2_CLK      ; PS2_CLK     ; 0.000        ; 0.152      ; 0.855      ;
; 0.555 ; Keyboard_Controller:kb|bit_count[0] ; Keyboard_Controller:kb|shift_reg[8] ; PS2_CLK      ; PS2_CLK     ; 0.000        ; 0.164      ; 0.871      ;
; 0.556 ; Keyboard_Controller:kb|bit_count[1] ; Keyboard_Controller:kb|shift_reg[2] ; PS2_CLK      ; PS2_CLK     ; 0.000        ; 0.164      ; 0.872      ;
; 0.568 ; Keyboard_Controller:kb|bit_count[0] ; Keyboard_Controller:kb|shift_reg[4] ; PS2_CLK      ; PS2_CLK     ; 0.000        ; 0.152      ; 0.872      ;
; 0.569 ; Keyboard_Controller:kb|bit_count[1] ; Keyboard_Controller:kb|shift_reg[1] ; PS2_CLK      ; PS2_CLK     ; 0.000        ; 0.152      ; 0.873      ;
; 0.576 ; Keyboard_Controller:kb|bit_count[0] ; Keyboard_Controller:kb|shift_reg[3] ; PS2_CLK      ; PS2_CLK     ; 0.000        ; 0.164      ; 0.892      ;
; 0.584 ; Keyboard_Controller:kb|bit_count[0] ; Keyboard_Controller:kb|shift_reg[5] ; PS2_CLK      ; PS2_CLK     ; 0.000        ; 0.164      ; 0.900      ;
; 0.585 ; Keyboard_Controller:kb|bit_count[0] ; Keyboard_Controller:kb|shift_reg[2] ; PS2_CLK      ; PS2_CLK     ; 0.000        ; 0.164      ; 0.901      ;
; 0.615 ; Keyboard_Controller:kb|reset_cmd    ; Keyboard_Controller:kb|reset_cmd    ; PS2_CLK      ; PS2_CLK     ; 0.000        ; 0.000      ; 0.767      ;
; 0.615 ; Keyboard_Controller:kb|bit_count[0] ; Keyboard_Controller:kb|shift_reg[1] ; PS2_CLK      ; PS2_CLK     ; 0.000        ; 0.152      ; 0.919      ;
; 0.623 ; Keyboard_Controller:kb|bit_count[3] ; Keyboard_Controller:kb|shift_reg[3] ; PS2_CLK      ; PS2_CLK     ; 0.000        ; 0.164      ; 0.939      ;
; 0.625 ; Keyboard_Controller:kb|direction[4] ; Keyboard_Controller:kb|direction[4] ; PS2_CLK      ; PS2_CLK     ; 0.000        ; 0.000      ; 0.777      ;
; 0.630 ; Keyboard_Controller:kb|bit_count[3] ; Keyboard_Controller:kb|shift_reg[8] ; PS2_CLK      ; PS2_CLK     ; 0.000        ; 0.164      ; 0.946      ;
; 0.634 ; Keyboard_Controller:kb|bit_count[3] ; Keyboard_Controller:kb|shift_reg[5] ; PS2_CLK      ; PS2_CLK     ; 0.000        ; 0.164      ; 0.950      ;
; 0.645 ; Keyboard_Controller:kb|bit_count[2] ; Keyboard_Controller:kb|shift_reg[3] ; PS2_CLK      ; PS2_CLK     ; 0.000        ; 0.164      ; 0.961      ;
; 0.645 ; Keyboard_Controller:kb|bit_count[3] ; Keyboard_Controller:kb|shift_reg[4] ; PS2_CLK      ; PS2_CLK     ; 0.000        ; 0.152      ; 0.949      ;
; 0.646 ; Keyboard_Controller:kb|bit_count[2] ; Keyboard_Controller:kb|shift_reg[8] ; PS2_CLK      ; PS2_CLK     ; 0.000        ; 0.164      ; 0.962      ;
; 0.650 ; Keyboard_Controller:kb|bit_count[2] ; Keyboard_Controller:kb|shift_reg[5] ; PS2_CLK      ; PS2_CLK     ; 0.000        ; 0.164      ; 0.966      ;
; 0.653 ; Keyboard_Controller:kb|bit_count[1] ; Keyboard_Controller:kb|shift_reg[7] ; PS2_CLK      ; PS2_CLK     ; 0.000        ; 0.164      ; 0.969      ;
; 0.656 ; Keyboard_Controller:kb|bit_count[3] ; Keyboard_Controller:kb|shift_reg[2] ; PS2_CLK      ; PS2_CLK     ; 0.000        ; 0.164      ; 0.972      ;
; 0.667 ; Keyboard_Controller:kb|bit_count[3] ; Keyboard_Controller:kb|shift_reg[1] ; PS2_CLK      ; PS2_CLK     ; 0.000        ; 0.152      ; 0.971      ;
; 0.669 ; Keyboard_Controller:kb|bit_count[2] ; Keyboard_Controller:kb|shift_reg[4] ; PS2_CLK      ; PS2_CLK     ; 0.000        ; 0.152      ; 0.973      ;
; 0.675 ; Keyboard_Controller:kb|bit_count[2] ; Keyboard_Controller:kb|shift_reg[2] ; PS2_CLK      ; PS2_CLK     ; 0.000        ; 0.164      ; 0.991      ;
; 0.687 ; Keyboard_Controller:kb|bit_count[2] ; Keyboard_Controller:kb|shift_reg[1] ; PS2_CLK      ; PS2_CLK     ; 0.000        ; 0.152      ; 0.991      ;
; 0.687 ; Keyboard_Controller:kb|shift_reg[4] ; Keyboard_Controller:kb|direction[4] ; PS2_CLK      ; PS2_CLK     ; 0.000        ; 0.000      ; 0.839      ;
; 0.692 ; Keyboard_Controller:kb|bit_count[1] ; Keyboard_Controller:kb|shift_reg[6] ; PS2_CLK      ; PS2_CLK     ; 0.000        ; 0.152      ; 0.996      ;
; 0.698 ; Keyboard_Controller:kb|shift_reg[5] ; Keyboard_Controller:kb|direction[4] ; PS2_CLK      ; PS2_CLK     ; 0.000        ; -0.012     ; 0.838      ;
; 0.709 ; Keyboard_Controller:kb|bit_count[0] ; Keyboard_Controller:kb|shift_reg[7] ; PS2_CLK      ; PS2_CLK     ; 0.000        ; 0.164      ; 1.025      ;
; 0.722 ; Keyboard_Controller:kb|bit_count[0] ; Keyboard_Controller:kb|shift_reg[6] ; PS2_CLK      ; PS2_CLK     ; 0.000        ; 0.152      ; 1.026      ;
; 0.754 ; Keyboard_Controller:kb|bit_count[3] ; Keyboard_Controller:kb|shift_reg[7] ; PS2_CLK      ; PS2_CLK     ; 0.000        ; 0.164      ; 1.070      ;
; 0.777 ; Keyboard_Controller:kb|bit_count[2] ; Keyboard_Controller:kb|shift_reg[7] ; PS2_CLK      ; PS2_CLK     ; 0.000        ; 0.164      ; 1.093      ;
; 0.793 ; Keyboard_Controller:kb|bit_count[3] ; Keyboard_Controller:kb|shift_reg[6] ; PS2_CLK      ; PS2_CLK     ; 0.000        ; 0.152      ; 1.097      ;
; 0.814 ; Keyboard_Controller:kb|bit_count[2] ; Keyboard_Controller:kb|key_break    ; PS2_CLK      ; PS2_CLK     ; 0.000        ; 0.165      ; 1.131      ;
; 0.814 ; Keyboard_Controller:kb|bit_count[2] ; Keyboard_Controller:kb|reset_cmd    ; PS2_CLK      ; PS2_CLK     ; 0.000        ; 0.165      ; 1.131      ;
; 0.816 ; Keyboard_Controller:kb|bit_count[2] ; Keyboard_Controller:kb|shift_reg[6] ; PS2_CLK      ; PS2_CLK     ; 0.000        ; 0.152      ; 1.120      ;
; 0.837 ; Keyboard_Controller:kb|shift_reg[7] ; Keyboard_Controller:kb|key_break    ; PS2_CLK      ; PS2_CLK     ; 0.000        ; 0.001      ; 0.990      ;
; 0.839 ; Keyboard_Controller:kb|shift_reg[7] ; Keyboard_Controller:kb|reset_cmd    ; PS2_CLK      ; PS2_CLK     ; 0.000        ; 0.001      ; 0.992      ;
; 0.843 ; Keyboard_Controller:kb|shift_reg[1] ; Keyboard_Controller:kb|direction[4] ; PS2_CLK      ; PS2_CLK     ; 0.000        ; 0.000      ; 0.995      ;
; 0.845 ; Keyboard_Controller:kb|bit_count[0] ; Keyboard_Controller:kb|key_break    ; PS2_CLK      ; PS2_CLK     ; 0.000        ; 0.165      ; 1.162      ;
; 0.845 ; Keyboard_Controller:kb|bit_count[0] ; Keyboard_Controller:kb|reset_cmd    ; PS2_CLK      ; PS2_CLK     ; 0.000        ; 0.165      ; 1.162      ;
; 0.858 ; Keyboard_Controller:kb|bit_count[2] ; Keyboard_Controller:kb|direction[4] ; PS2_CLK      ; PS2_CLK     ; 0.000        ; 0.152      ; 1.162      ;
; 0.889 ; Keyboard_Controller:kb|bit_count[0] ; Keyboard_Controller:kb|direction[4] ; PS2_CLK      ; PS2_CLK     ; 0.000        ; 0.152      ; 1.193      ;
; 0.920 ; Keyboard_Controller:kb|bit_count[3] ; Keyboard_Controller:kb|key_break    ; PS2_CLK      ; PS2_CLK     ; 0.000        ; 0.165      ; 1.237      ;
; 0.920 ; Keyboard_Controller:kb|bit_count[3] ; Keyboard_Controller:kb|reset_cmd    ; PS2_CLK      ; PS2_CLK     ; 0.000        ; 0.165      ; 1.237      ;
; 0.922 ; Keyboard_Controller:kb|shift_reg[8] ; Keyboard_Controller:kb|direction[4] ; PS2_CLK      ; PS2_CLK     ; 0.000        ; -0.012     ; 1.062      ;
; 0.931 ; Keyboard_Controller:kb|shift_reg[3] ; Keyboard_Controller:kb|direction[4] ; PS2_CLK      ; PS2_CLK     ; 0.000        ; -0.012     ; 1.071      ;
; 0.935 ; Keyboard_Controller:kb|shift_reg[6] ; Keyboard_Controller:kb|reset_cmd    ; PS2_CLK      ; PS2_CLK     ; 0.000        ; 0.013      ; 1.100      ;
; 0.935 ; Keyboard_Controller:kb|bit_count[1] ; Keyboard_Controller:kb|key_break    ; PS2_CLK      ; PS2_CLK     ; 0.000        ; 0.165      ; 1.252      ;
; 0.935 ; Keyboard_Controller:kb|bit_count[1] ; Keyboard_Controller:kb|reset_cmd    ; PS2_CLK      ; PS2_CLK     ; 0.000        ; 0.165      ; 1.252      ;
; 0.950 ; Keyboard_Controller:kb|shift_reg[6] ; Keyboard_Controller:kb|key_break    ; PS2_CLK      ; PS2_CLK     ; 0.000        ; 0.013      ; 1.115      ;
; 0.954 ; Keyboard_Controller:kb|shift_reg[7] ; Keyboard_Controller:kb|direction[4] ; PS2_CLK      ; PS2_CLK     ; 0.000        ; -0.012     ; 1.094      ;
; 0.955 ; Keyboard_Controller:kb|shift_reg[3] ; Keyboard_Controller:kb|reset_cmd    ; PS2_CLK      ; PS2_CLK     ; 0.000        ; 0.001      ; 1.108      ;
; 0.964 ; Keyboard_Controller:kb|bit_count[3] ; Keyboard_Controller:kb|direction[4] ; PS2_CLK      ; PS2_CLK     ; 0.000        ; 0.152      ; 1.268      ;
; 0.969 ; Keyboard_Controller:kb|shift_reg[2] ; Keyboard_Controller:kb|key_break    ; PS2_CLK      ; PS2_CLK     ; 0.000        ; 0.001      ; 1.122      ;
; 0.979 ; Keyboard_Controller:kb|bit_count[1] ; Keyboard_Controller:kb|direction[4] ; PS2_CLK      ; PS2_CLK     ; 0.000        ; 0.152      ; 1.283      ;
; 0.993 ; Keyboard_Controller:kb|key_break    ; Keyboard_Controller:kb|direction[4] ; PS2_CLK      ; PS2_CLK     ; 0.000        ; -0.013     ; 1.132      ;
; 1.004 ; Keyboard_Controller:kb|shift_reg[1] ; Keyboard_Controller:kb|key_break    ; PS2_CLK      ; PS2_CLK     ; 0.000        ; 0.013      ; 1.169      ;
; 1.006 ; Keyboard_Controller:kb|shift_reg[1] ; Keyboard_Controller:kb|reset_cmd    ; PS2_CLK      ; PS2_CLK     ; 0.000        ; 0.013      ; 1.171      ;
; 1.006 ; Keyboard_Controller:kb|shift_reg[2] ; Keyboard_Controller:kb|direction[4] ; PS2_CLK      ; PS2_CLK     ; 0.000        ; -0.012     ; 1.146      ;
+-------+-------------------------------------+-------------------------------------+--------------+-------------+--------------+------------+------------+


+-----------------------------------------------------------------------------------------------------------------------+
; Fast Model Minimum Pulse Width: 'CLOCK_50'                                                                            ;
+--------+--------------+----------------+------------------+----------+------------+-----------------------------------+
; Slack  ; Actual Width ; Required Width ; Type             ; Clock    ; Clock Edge ; Target                            ;
+--------+--------------+----------------+------------------+----------+------------+-----------------------------------+
; -1.380 ; 1.000        ; 2.380          ; Port Rate        ; CLOCK_50 ; Rise       ; CLOCK_50                          ;
; -0.500 ; 0.500        ; 1.000          ; High Pulse Width ; CLOCK_50 ; Rise       ; Game_Clock:clk_gen|counter[0]     ;
; -0.500 ; 0.500        ; 1.000          ; Low Pulse Width  ; CLOCK_50 ; Rise       ; Game_Clock:clk_gen|counter[0]     ;
; -0.500 ; 0.500        ; 1.000          ; High Pulse Width ; CLOCK_50 ; Rise       ; Game_Clock:clk_gen|counter[10]    ;
; -0.500 ; 0.500        ; 1.000          ; Low Pulse Width  ; CLOCK_50 ; Rise       ; Game_Clock:clk_gen|counter[10]    ;
; -0.500 ; 0.500        ; 1.000          ; High Pulse Width ; CLOCK_50 ; Rise       ; Game_Clock:clk_gen|counter[11]    ;
; -0.500 ; 0.500        ; 1.000          ; Low Pulse Width  ; CLOCK_50 ; Rise       ; Game_Clock:clk_gen|counter[11]    ;
; -0.500 ; 0.500        ; 1.000          ; High Pulse Width ; CLOCK_50 ; Rise       ; Game_Clock:clk_gen|counter[12]    ;
; -0.500 ; 0.500        ; 1.000          ; Low Pulse Width  ; CLOCK_50 ; Rise       ; Game_Clock:clk_gen|counter[12]    ;
; -0.500 ; 0.500        ; 1.000          ; High Pulse Width ; CLOCK_50 ; Rise       ; Game_Clock:clk_gen|counter[13]    ;
; -0.500 ; 0.500        ; 1.000          ; Low Pulse Width  ; CLOCK_50 ; Rise       ; Game_Clock:clk_gen|counter[13]    ;
; -0.500 ; 0.500        ; 1.000          ; High Pulse Width ; CLOCK_50 ; Rise       ; Game_Clock:clk_gen|counter[14]    ;
; -0.500 ; 0.500        ; 1.000          ; Low Pulse Width  ; CLOCK_50 ; Rise       ; Game_Clock:clk_gen|counter[14]    ;
; -0.500 ; 0.500        ; 1.000          ; High Pulse Width ; CLOCK_50 ; Rise       ; Game_Clock:clk_gen|counter[15]    ;
; -0.500 ; 0.500        ; 1.000          ; Low Pulse Width  ; CLOCK_50 ; Rise       ; Game_Clock:clk_gen|counter[15]    ;
; -0.500 ; 0.500        ; 1.000          ; High Pulse Width ; CLOCK_50 ; Rise       ; Game_Clock:clk_gen|counter[16]    ;
; -0.500 ; 0.500        ; 1.000          ; Low Pulse Width  ; CLOCK_50 ; Rise       ; Game_Clock:clk_gen|counter[16]    ;
; -0.500 ; 0.500        ; 1.000          ; High Pulse Width ; CLOCK_50 ; Rise       ; Game_Clock:clk_gen|counter[17]    ;
; -0.500 ; 0.500        ; 1.000          ; Low Pulse Width  ; CLOCK_50 ; Rise       ; Game_Clock:clk_gen|counter[17]    ;
; -0.500 ; 0.500        ; 1.000          ; High Pulse Width ; CLOCK_50 ; Rise       ; Game_Clock:clk_gen|counter[18]    ;
; -0.500 ; 0.500        ; 1.000          ; Low Pulse Width  ; CLOCK_50 ; Rise       ; Game_Clock:clk_gen|counter[18]    ;
; -0.500 ; 0.500        ; 1.000          ; High Pulse Width ; CLOCK_50 ; Rise       ; Game_Clock:clk_gen|counter[19]    ;
; -0.500 ; 0.500        ; 1.000          ; Low Pulse Width  ; CLOCK_50 ; Rise       ; Game_Clock:clk_gen|counter[19]    ;
; -0.500 ; 0.500        ; 1.000          ; High Pulse Width ; CLOCK_50 ; Rise       ; Game_Clock:clk_gen|counter[1]     ;
; -0.500 ; 0.500        ; 1.000          ; Low Pulse Width  ; CLOCK_50 ; Rise       ; Game_Clock:clk_gen|counter[1]     ;
; -0.500 ; 0.500        ; 1.000          ; High Pulse Width ; CLOCK_50 ; Rise       ; Game_Clock:clk_gen|counter[20]    ;
; -0.500 ; 0.500        ; 1.000          ; Low Pulse Width  ; CLOCK_50 ; Rise       ; Game_Clock:clk_gen|counter[20]    ;
; -0.500 ; 0.500        ; 1.000          ; High Pulse Width ; CLOCK_50 ; Rise       ; Game_Clock:clk_gen|counter[21]    ;
; -0.500 ; 0.500        ; 1.000          ; Low Pulse Width  ; CLOCK_50 ; Rise       ; Game_Clock:clk_gen|counter[21]    ;
; -0.500 ; 0.500        ; 1.000          ; High Pulse Width ; CLOCK_50 ; Rise       ; Game_Clock:clk_gen|counter[22]    ;
; -0.500 ; 0.500        ; 1.000          ; Low Pulse Width  ; CLOCK_50 ; Rise       ; Game_Clock:clk_gen|counter[22]    ;
; -0.500 ; 0.500        ; 1.000          ; High Pulse Width ; CLOCK_50 ; Rise       ; Game_Clock:clk_gen|counter[23]    ;
; -0.500 ; 0.500        ; 1.000          ; Low Pulse Width  ; CLOCK_50 ; Rise       ; Game_Clock:clk_gen|counter[23]    ;
; -0.500 ; 0.500        ; 1.000          ; High Pulse Width ; CLOCK_50 ; Rise       ; Game_Clock:clk_gen|counter[2]     ;
; -0.500 ; 0.500        ; 1.000          ; Low Pulse Width  ; CLOCK_50 ; Rise       ; Game_Clock:clk_gen|counter[2]     ;
; -0.500 ; 0.500        ; 1.000          ; High Pulse Width ; CLOCK_50 ; Rise       ; Game_Clock:clk_gen|counter[3]     ;
; -0.500 ; 0.500        ; 1.000          ; Low Pulse Width  ; CLOCK_50 ; Rise       ; Game_Clock:clk_gen|counter[3]     ;
; -0.500 ; 0.500        ; 1.000          ; High Pulse Width ; CLOCK_50 ; Rise       ; Game_Clock:clk_gen|counter[4]     ;
; -0.500 ; 0.500        ; 1.000          ; Low Pulse Width  ; CLOCK_50 ; Rise       ; Game_Clock:clk_gen|counter[4]     ;
; -0.500 ; 0.500        ; 1.000          ; High Pulse Width ; CLOCK_50 ; Rise       ; Game_Clock:clk_gen|counter[5]     ;
; -0.500 ; 0.500        ; 1.000          ; Low Pulse Width  ; CLOCK_50 ; Rise       ; Game_Clock:clk_gen|counter[5]     ;
; -0.500 ; 0.500        ; 1.000          ; High Pulse Width ; CLOCK_50 ; Rise       ; Game_Clock:clk_gen|counter[6]     ;
; -0.500 ; 0.500        ; 1.000          ; Low Pulse Width  ; CLOCK_50 ; Rise       ; Game_Clock:clk_gen|counter[6]     ;
; -0.500 ; 0.500        ; 1.000          ; High Pulse Width ; CLOCK_50 ; Rise       ; Game_Clock:clk_gen|counter[7]     ;
; -0.500 ; 0.500        ; 1.000          ; Low Pulse Width  ; CLOCK_50 ; Rise       ; Game_Clock:clk_gen|counter[7]     ;
; -0.500 ; 0.500        ; 1.000          ; High Pulse Width ; CLOCK_50 ; Rise       ; Game_Clock:clk_gen|counter[8]     ;
; -0.500 ; 0.500        ; 1.000          ; Low Pulse Width  ; CLOCK_50 ; Rise       ; Game_Clock:clk_gen|counter[8]     ;
; -0.500 ; 0.500        ; 1.000          ; High Pulse Width ; CLOCK_50 ; Rise       ; Game_Clock:clk_gen|counter[9]     ;
; -0.500 ; 0.500        ; 1.000          ; Low Pulse Width  ; CLOCK_50 ; Rise       ; Game_Clock:clk_gen|counter[9]     ;
; -0.500 ; 0.500        ; 1.000          ; High Pulse Width ; CLOCK_50 ; Rise       ; Game_Clock:clk_gen|game_tick      ;
; -0.500 ; 0.500        ; 1.000          ; Low Pulse Width  ; CLOCK_50 ; Rise       ; Game_Clock:clk_gen|game_tick      ;
; -0.500 ; 0.500        ; 1.000          ; High Pulse Width ; CLOCK_50 ; Rise       ; Game_Logic:logic_core|is_apple    ;
; -0.500 ; 0.500        ; 1.000          ; Low Pulse Width  ; CLOCK_50 ; Rise       ; Game_Logic:logic_core|is_apple    ;
; -0.500 ; 0.500        ; 1.000          ; High Pulse Width ; CLOCK_50 ; Rise       ; Game_Logic:logic_core|is_body     ;
; -0.500 ; 0.500        ; 1.000          ; Low Pulse Width  ; CLOCK_50 ; Rise       ; Game_Logic:logic_core|is_body     ;
; -0.500 ; 0.500        ; 1.000          ; High Pulse Width ; CLOCK_50 ; Rise       ; Game_Logic:logic_core|is_border   ;
; -0.500 ; 0.500        ; 1.000          ; Low Pulse Width  ; CLOCK_50 ; Rise       ; Game_Logic:logic_core|is_border   ;
; -0.500 ; 0.500        ; 1.000          ; High Pulse Width ; CLOCK_50 ; Rise       ; Game_Logic:logic_core|is_head     ;
; -0.500 ; 0.500        ; 1.000          ; Low Pulse Width  ; CLOCK_50 ; Rise       ; Game_Logic:logic_core|is_head     ;
; -0.500 ; 0.500        ; 1.000          ; High Pulse Width ; CLOCK_50 ; Rise       ; Game_Logic:logic_core|is_obstacle ;
; -0.500 ; 0.500        ; 1.000          ; Low Pulse Width  ; CLOCK_50 ; Rise       ; Game_Logic:logic_core|is_obstacle ;
; -0.500 ; 0.500        ; 1.000          ; High Pulse Width ; CLOCK_50 ; Rise       ; Random_Generator:rng|cnt_x[1]     ;
; -0.500 ; 0.500        ; 1.000          ; Low Pulse Width  ; CLOCK_50 ; Rise       ; Random_Generator:rng|cnt_x[1]     ;
; -0.500 ; 0.500        ; 1.000          ; High Pulse Width ; CLOCK_50 ; Rise       ; Random_Generator:rng|cnt_x[2]     ;
; -0.500 ; 0.500        ; 1.000          ; Low Pulse Width  ; CLOCK_50 ; Rise       ; Random_Generator:rng|cnt_x[2]     ;
; -0.500 ; 0.500        ; 1.000          ; High Pulse Width ; CLOCK_50 ; Rise       ; Random_Generator:rng|cnt_x[3]     ;
; -0.500 ; 0.500        ; 1.000          ; Low Pulse Width  ; CLOCK_50 ; Rise       ; Random_Generator:rng|cnt_x[3]     ;
; -0.500 ; 0.500        ; 1.000          ; High Pulse Width ; CLOCK_50 ; Rise       ; Random_Generator:rng|cnt_x[4]     ;
; -0.500 ; 0.500        ; 1.000          ; Low Pulse Width  ; CLOCK_50 ; Rise       ; Random_Generator:rng|cnt_x[4]     ;
; -0.500 ; 0.500        ; 1.000          ; High Pulse Width ; CLOCK_50 ; Rise       ; Random_Generator:rng|cnt_x[5]     ;
; -0.500 ; 0.500        ; 1.000          ; Low Pulse Width  ; CLOCK_50 ; Rise       ; Random_Generator:rng|cnt_x[5]     ;
; -0.500 ; 0.500        ; 1.000          ; High Pulse Width ; CLOCK_50 ; Rise       ; Random_Generator:rng|cnt_x[6]     ;
; -0.500 ; 0.500        ; 1.000          ; Low Pulse Width  ; CLOCK_50 ; Rise       ; Random_Generator:rng|cnt_x[6]     ;
; -0.500 ; 0.500        ; 1.000          ; High Pulse Width ; CLOCK_50 ; Rise       ; Random_Generator:rng|cnt_y[2]     ;
; -0.500 ; 0.500        ; 1.000          ; Low Pulse Width  ; CLOCK_50 ; Rise       ; Random_Generator:rng|cnt_y[2]     ;
; -0.500 ; 0.500        ; 1.000          ; High Pulse Width ; CLOCK_50 ; Rise       ; Random_Generator:rng|cnt_y[3]     ;
; -0.500 ; 0.500        ; 1.000          ; Low Pulse Width  ; CLOCK_50 ; Rise       ; Random_Generator:rng|cnt_y[3]     ;
; -0.500 ; 0.500        ; 1.000          ; High Pulse Width ; CLOCK_50 ; Rise       ; Random_Generator:rng|cnt_y[4]     ;
; -0.500 ; 0.500        ; 1.000          ; Low Pulse Width  ; CLOCK_50 ; Rise       ; Random_Generator:rng|cnt_y[4]     ;
; -0.500 ; 0.500        ; 1.000          ; High Pulse Width ; CLOCK_50 ; Rise       ; Random_Generator:rng|cnt_y[5]     ;
; -0.500 ; 0.500        ; 1.000          ; Low Pulse Width  ; CLOCK_50 ; Rise       ; Random_Generator:rng|cnt_y[5]     ;
; -0.500 ; 0.500        ; 1.000          ; High Pulse Width ; CLOCK_50 ; Rise       ; Random_Generator:rng|rnd_x[10]    ;
; -0.500 ; 0.500        ; 1.000          ; Low Pulse Width  ; CLOCK_50 ; Rise       ; Random_Generator:rng|rnd_x[10]    ;
; -0.500 ; 0.500        ; 1.000          ; High Pulse Width ; CLOCK_50 ; Rise       ; Random_Generator:rng|rnd_x[1]     ;
; -0.500 ; 0.500        ; 1.000          ; Low Pulse Width  ; CLOCK_50 ; Rise       ; Random_Generator:rng|rnd_x[1]     ;
; -0.500 ; 0.500        ; 1.000          ; High Pulse Width ; CLOCK_50 ; Rise       ; Random_Generator:rng|rnd_x[2]     ;
; -0.500 ; 0.500        ; 1.000          ; Low Pulse Width  ; CLOCK_50 ; Rise       ; Random_Generator:rng|rnd_x[2]     ;
; -0.500 ; 0.500        ; 1.000          ; High Pulse Width ; CLOCK_50 ; Rise       ; Random_Generator:rng|rnd_x[3]     ;
; -0.500 ; 0.500        ; 1.000          ; Low Pulse Width  ; CLOCK_50 ; Rise       ; Random_Generator:rng|rnd_x[3]     ;
; -0.500 ; 0.500        ; 1.000          ; High Pulse Width ; CLOCK_50 ; Rise       ; Random_Generator:rng|rnd_x[4]     ;
; -0.500 ; 0.500        ; 1.000          ; Low Pulse Width  ; CLOCK_50 ; Rise       ; Random_Generator:rng|rnd_x[4]     ;
; -0.500 ; 0.500        ; 1.000          ; High Pulse Width ; CLOCK_50 ; Rise       ; Random_Generator:rng|rnd_x[5]     ;
; -0.500 ; 0.500        ; 1.000          ; Low Pulse Width  ; CLOCK_50 ; Rise       ; Random_Generator:rng|rnd_x[5]     ;
; -0.500 ; 0.500        ; 1.000          ; High Pulse Width ; CLOCK_50 ; Rise       ; Random_Generator:rng|rnd_x[6]     ;
; -0.500 ; 0.500        ; 1.000          ; Low Pulse Width  ; CLOCK_50 ; Rise       ; Random_Generator:rng|rnd_x[6]     ;
; -0.500 ; 0.500        ; 1.000          ; High Pulse Width ; CLOCK_50 ; Rise       ; Random_Generator:rng|rnd_x[7]     ;
; -0.500 ; 0.500        ; 1.000          ; Low Pulse Width  ; CLOCK_50 ; Rise       ; Random_Generator:rng|rnd_x[7]     ;
; -0.500 ; 0.500        ; 1.000          ; High Pulse Width ; CLOCK_50 ; Rise       ; Random_Generator:rng|rnd_x[8]     ;
; -0.500 ; 0.500        ; 1.000          ; Low Pulse Width  ; CLOCK_50 ; Rise       ; Random_Generator:rng|rnd_x[8]     ;
; -0.500 ; 0.500        ; 1.000          ; High Pulse Width ; CLOCK_50 ; Rise       ; Random_Generator:rng|rnd_x[9]     ;
+--------+--------------+----------------+------------------+----------+------------+-----------------------------------+


+------------------------------------------------------------------------------------------------------------------------+
; Fast Model Minimum Pulse Width: 'PS2_CLK'                                                                              ;
+--------+--------------+----------------+------------------+---------+------------+-------------------------------------+
; Slack  ; Actual Width ; Required Width ; Type             ; Clock   ; Clock Edge ; Target                              ;
+--------+--------------+----------------+------------------+---------+------------+-------------------------------------+
; -1.222 ; 1.000        ; 2.222          ; Port Rate        ; PS2_CLK ; Rise       ; PS2_CLK                             ;
; -0.500 ; 0.500        ; 1.000          ; High Pulse Width ; PS2_CLK ; Fall       ; Keyboard_Controller:kb|bit_count[0] ;
; -0.500 ; 0.500        ; 1.000          ; Low Pulse Width  ; PS2_CLK ; Fall       ; Keyboard_Controller:kb|bit_count[0] ;
; -0.500 ; 0.500        ; 1.000          ; High Pulse Width ; PS2_CLK ; Fall       ; Keyboard_Controller:kb|bit_count[1] ;
; -0.500 ; 0.500        ; 1.000          ; Low Pulse Width  ; PS2_CLK ; Fall       ; Keyboard_Controller:kb|bit_count[1] ;
; -0.500 ; 0.500        ; 1.000          ; High Pulse Width ; PS2_CLK ; Fall       ; Keyboard_Controller:kb|bit_count[2] ;
; -0.500 ; 0.500        ; 1.000          ; Low Pulse Width  ; PS2_CLK ; Fall       ; Keyboard_Controller:kb|bit_count[2] ;
; -0.500 ; 0.500        ; 1.000          ; High Pulse Width ; PS2_CLK ; Fall       ; Keyboard_Controller:kb|bit_count[3] ;
; -0.500 ; 0.500        ; 1.000          ; Low Pulse Width  ; PS2_CLK ; Fall       ; Keyboard_Controller:kb|bit_count[3] ;
; -0.500 ; 0.500        ; 1.000          ; High Pulse Width ; PS2_CLK ; Fall       ; Keyboard_Controller:kb|direction[1] ;
; -0.500 ; 0.500        ; 1.000          ; Low Pulse Width  ; PS2_CLK ; Fall       ; Keyboard_Controller:kb|direction[1] ;
; -0.500 ; 0.500        ; 1.000          ; High Pulse Width ; PS2_CLK ; Fall       ; Keyboard_Controller:kb|direction[2] ;
; -0.500 ; 0.500        ; 1.000          ; Low Pulse Width  ; PS2_CLK ; Fall       ; Keyboard_Controller:kb|direction[2] ;
; -0.500 ; 0.500        ; 1.000          ; High Pulse Width ; PS2_CLK ; Fall       ; Keyboard_Controller:kb|direction[3] ;
; -0.500 ; 0.500        ; 1.000          ; Low Pulse Width  ; PS2_CLK ; Fall       ; Keyboard_Controller:kb|direction[3] ;
; -0.500 ; 0.500        ; 1.000          ; High Pulse Width ; PS2_CLK ; Fall       ; Keyboard_Controller:kb|direction[4] ;
; -0.500 ; 0.500        ; 1.000          ; Low Pulse Width  ; PS2_CLK ; Fall       ; Keyboard_Controller:kb|direction[4] ;
; -0.500 ; 0.500        ; 1.000          ; High Pulse Width ; PS2_CLK ; Fall       ; Keyboard_Controller:kb|key_break    ;
; -0.500 ; 0.500        ; 1.000          ; Low Pulse Width  ; PS2_CLK ; Fall       ; Keyboard_Controller:kb|key_break    ;
; -0.500 ; 0.500        ; 1.000          ; High Pulse Width ; PS2_CLK ; Fall       ; Keyboard_Controller:kb|reset_cmd    ;
; -0.500 ; 0.500        ; 1.000          ; Low Pulse Width  ; PS2_CLK ; Fall       ; Keyboard_Controller:kb|reset_cmd    ;
; -0.500 ; 0.500        ; 1.000          ; High Pulse Width ; PS2_CLK ; Fall       ; Keyboard_Controller:kb|shift_reg[1] ;
; -0.500 ; 0.500        ; 1.000          ; Low Pulse Width  ; PS2_CLK ; Fall       ; Keyboard_Controller:kb|shift_reg[1] ;
; -0.500 ; 0.500        ; 1.000          ; High Pulse Width ; PS2_CLK ; Fall       ; Keyboard_Controller:kb|shift_reg[2] ;
; -0.500 ; 0.500        ; 1.000          ; Low Pulse Width  ; PS2_CLK ; Fall       ; Keyboard_Controller:kb|shift_reg[2] ;
; -0.500 ; 0.500        ; 1.000          ; High Pulse Width ; PS2_CLK ; Fall       ; Keyboard_Controller:kb|shift_reg[3] ;
; -0.500 ; 0.500        ; 1.000          ; Low Pulse Width  ; PS2_CLK ; Fall       ; Keyboard_Controller:kb|shift_reg[3] ;
; -0.500 ; 0.500        ; 1.000          ; High Pulse Width ; PS2_CLK ; Fall       ; Keyboard_Controller:kb|shift_reg[4] ;
; -0.500 ; 0.500        ; 1.000          ; Low Pulse Width  ; PS2_CLK ; Fall       ; Keyboard_Controller:kb|shift_reg[4] ;
; -0.500 ; 0.500        ; 1.000          ; High Pulse Width ; PS2_CLK ; Fall       ; Keyboard_Controller:kb|shift_reg[5] ;
; -0.500 ; 0.500        ; 1.000          ; Low Pulse Width  ; PS2_CLK ; Fall       ; Keyboard_Controller:kb|shift_reg[5] ;
; -0.500 ; 0.500        ; 1.000          ; High Pulse Width ; PS2_CLK ; Fall       ; Keyboard_Controller:kb|shift_reg[6] ;
; -0.500 ; 0.500        ; 1.000          ; Low Pulse Width  ; PS2_CLK ; Fall       ; Keyboard_Controller:kb|shift_reg[6] ;
; -0.500 ; 0.500        ; 1.000          ; High Pulse Width ; PS2_CLK ; Fall       ; Keyboard_Controller:kb|shift_reg[7] ;
; -0.500 ; 0.500        ; 1.000          ; Low Pulse Width  ; PS2_CLK ; Fall       ; Keyboard_Controller:kb|shift_reg[7] ;
; -0.500 ; 0.500        ; 1.000          ; High Pulse Width ; PS2_CLK ; Fall       ; Keyboard_Controller:kb|shift_reg[8] ;
; -0.500 ; 0.500        ; 1.000          ; Low Pulse Width  ; PS2_CLK ; Fall       ; Keyboard_Controller:kb|shift_reg[8] ;
; 0.500  ; 0.500        ; 0.000          ; High Pulse Width ; PS2_CLK ; Rise       ; PS2_CLK|combout                     ;
; 0.500  ; 0.500        ; 0.000          ; Low Pulse Width  ; PS2_CLK ; Rise       ; PS2_CLK|combout                     ;
; 0.500  ; 0.500        ; 0.000          ; High Pulse Width ; PS2_CLK ; Rise       ; kb|bit_count[0]|clk                 ;
; 0.500  ; 0.500        ; 0.000          ; Low Pulse Width  ; PS2_CLK ; Rise       ; kb|bit_count[0]|clk                 ;
; 0.500  ; 0.500        ; 0.000          ; High Pulse Width ; PS2_CLK ; Rise       ; kb|bit_count[1]|clk                 ;
; 0.500  ; 0.500        ; 0.000          ; Low Pulse Width  ; PS2_CLK ; Rise       ; kb|bit_count[1]|clk                 ;
; 0.500  ; 0.500        ; 0.000          ; High Pulse Width ; PS2_CLK ; Rise       ; kb|bit_count[2]|clk                 ;
; 0.500  ; 0.500        ; 0.000          ; Low Pulse Width  ; PS2_CLK ; Rise       ; kb|bit_count[2]|clk                 ;
; 0.500  ; 0.500        ; 0.000          ; High Pulse Width ; PS2_CLK ; Rise       ; kb|bit_count[3]|clk                 ;
; 0.500  ; 0.500        ; 0.000          ; Low Pulse Width  ; PS2_CLK ; Rise       ; kb|bit_count[3]|clk                 ;
; 0.500  ; 0.500        ; 0.000          ; High Pulse Width ; PS2_CLK ; Rise       ; kb|direction[1]|clk                 ;
; 0.500  ; 0.500        ; 0.000          ; Low Pulse Width  ; PS2_CLK ; Rise       ; kb|direction[1]|clk                 ;
; 0.500  ; 0.500        ; 0.000          ; High Pulse Width ; PS2_CLK ; Rise       ; kb|direction[2]|clk                 ;
; 0.500  ; 0.500        ; 0.000          ; Low Pulse Width  ; PS2_CLK ; Rise       ; kb|direction[2]|clk                 ;
; 0.500  ; 0.500        ; 0.000          ; High Pulse Width ; PS2_CLK ; Rise       ; kb|direction[3]|clk                 ;
; 0.500  ; 0.500        ; 0.000          ; Low Pulse Width  ; PS2_CLK ; Rise       ; kb|direction[3]|clk                 ;
; 0.500  ; 0.500        ; 0.000          ; High Pulse Width ; PS2_CLK ; Rise       ; kb|direction[4]|clk                 ;
; 0.500  ; 0.500        ; 0.000          ; Low Pulse Width  ; PS2_CLK ; Rise       ; kb|direction[4]|clk                 ;
; 0.500  ; 0.500        ; 0.000          ; High Pulse Width ; PS2_CLK ; Rise       ; kb|key_break|clk                    ;
; 0.500  ; 0.500        ; 0.000          ; Low Pulse Width  ; PS2_CLK ; Rise       ; kb|key_break|clk                    ;
; 0.500  ; 0.500        ; 0.000          ; High Pulse Width ; PS2_CLK ; Rise       ; kb|reset_cmd|clk                    ;
; 0.500  ; 0.500        ; 0.000          ; Low Pulse Width  ; PS2_CLK ; Rise       ; kb|reset_cmd|clk                    ;
; 0.500  ; 0.500        ; 0.000          ; High Pulse Width ; PS2_CLK ; Rise       ; kb|shift_reg[1]|clk                 ;
; 0.500  ; 0.500        ; 0.000          ; Low Pulse Width  ; PS2_CLK ; Rise       ; kb|shift_reg[1]|clk                 ;
; 0.500  ; 0.500        ; 0.000          ; High Pulse Width ; PS2_CLK ; Rise       ; kb|shift_reg[2]|clk                 ;
; 0.500  ; 0.500        ; 0.000          ; Low Pulse Width  ; PS2_CLK ; Rise       ; kb|shift_reg[2]|clk                 ;
; 0.500  ; 0.500        ; 0.000          ; High Pulse Width ; PS2_CLK ; Rise       ; kb|shift_reg[3]|clk                 ;
; 0.500  ; 0.500        ; 0.000          ; Low Pulse Width  ; PS2_CLK ; Rise       ; kb|shift_reg[3]|clk                 ;
; 0.500  ; 0.500        ; 0.000          ; High Pulse Width ; PS2_CLK ; Rise       ; kb|shift_reg[4]|clk                 ;
; 0.500  ; 0.500        ; 0.000          ; Low Pulse Width  ; PS2_CLK ; Rise       ; kb|shift_reg[4]|clk                 ;
; 0.500  ; 0.500        ; 0.000          ; High Pulse Width ; PS2_CLK ; Rise       ; kb|shift_reg[5]|clk                 ;
; 0.500  ; 0.500        ; 0.000          ; Low Pulse Width  ; PS2_CLK ; Rise       ; kb|shift_reg[5]|clk                 ;
; 0.500  ; 0.500        ; 0.000          ; High Pulse Width ; PS2_CLK ; Rise       ; kb|shift_reg[6]|clk                 ;
; 0.500  ; 0.500        ; 0.000          ; Low Pulse Width  ; PS2_CLK ; Rise       ; kb|shift_reg[6]|clk                 ;
; 0.500  ; 0.500        ; 0.000          ; High Pulse Width ; PS2_CLK ; Rise       ; kb|shift_reg[7]|clk                 ;
; 0.500  ; 0.500        ; 0.000          ; Low Pulse Width  ; PS2_CLK ; Rise       ; kb|shift_reg[7]|clk                 ;
; 0.500  ; 0.500        ; 0.000          ; High Pulse Width ; PS2_CLK ; Rise       ; kb|shift_reg[8]|clk                 ;
; 0.500  ; 0.500        ; 0.000          ; Low Pulse Width  ; PS2_CLK ; Rise       ; kb|shift_reg[8]|clk                 ;
+--------+--------------+----------------+------------------+---------+------------+-------------------------------------+


+----------------------------------------------------------------------------------------------------------------------------------------------------+
; Fast Model Minimum Pulse Width: 'Game_Clock:clk_gen|game_tick'                                                                                     ;
+--------+--------------+----------------+------------------+------------------------------+------------+--------------------------------------------+
; Slack  ; Actual Width ; Required Width ; Type             ; Clock                        ; Clock Edge ; Target                                     ;
+--------+--------------+----------------+------------------+------------------------------+------------+--------------------------------------------+
; -0.500 ; 0.500        ; 1.000          ; High Pulse Width ; Game_Clock:clk_gen|game_tick ; Rise       ; Game_Logic:logic_core|apple_x[1]           ;
; -0.500 ; 0.500        ; 1.000          ; Low Pulse Width  ; Game_Clock:clk_gen|game_tick ; Rise       ; Game_Logic:logic_core|apple_x[1]           ;
; -0.500 ; 0.500        ; 1.000          ; High Pulse Width ; Game_Clock:clk_gen|game_tick ; Rise       ; Game_Logic:logic_core|apple_x[2]           ;
; -0.500 ; 0.500        ; 1.000          ; Low Pulse Width  ; Game_Clock:clk_gen|game_tick ; Rise       ; Game_Logic:logic_core|apple_x[2]           ;
; -0.500 ; 0.500        ; 1.000          ; High Pulse Width ; Game_Clock:clk_gen|game_tick ; Rise       ; Game_Logic:logic_core|apple_x[3]           ;
; -0.500 ; 0.500        ; 1.000          ; Low Pulse Width  ; Game_Clock:clk_gen|game_tick ; Rise       ; Game_Logic:logic_core|apple_x[3]           ;
; -0.500 ; 0.500        ; 1.000          ; High Pulse Width ; Game_Clock:clk_gen|game_tick ; Rise       ; Game_Logic:logic_core|apple_x[4]           ;
; -0.500 ; 0.500        ; 1.000          ; Low Pulse Width  ; Game_Clock:clk_gen|game_tick ; Rise       ; Game_Logic:logic_core|apple_x[4]           ;
; -0.500 ; 0.500        ; 1.000          ; High Pulse Width ; Game_Clock:clk_gen|game_tick ; Rise       ; Game_Logic:logic_core|apple_x[5]           ;
; -0.500 ; 0.500        ; 1.000          ; Low Pulse Width  ; Game_Clock:clk_gen|game_tick ; Rise       ; Game_Logic:logic_core|apple_x[5]           ;
; -0.500 ; 0.500        ; 1.000          ; High Pulse Width ; Game_Clock:clk_gen|game_tick ; Rise       ; Game_Logic:logic_core|apple_x[6]           ;
; -0.500 ; 0.500        ; 1.000          ; Low Pulse Width  ; Game_Clock:clk_gen|game_tick ; Rise       ; Game_Logic:logic_core|apple_x[6]           ;
; -0.500 ; 0.500        ; 1.000          ; High Pulse Width ; Game_Clock:clk_gen|game_tick ; Rise       ; Game_Logic:logic_core|apple_x[7]           ;
; -0.500 ; 0.500        ; 1.000          ; Low Pulse Width  ; Game_Clock:clk_gen|game_tick ; Rise       ; Game_Logic:logic_core|apple_x[7]           ;
; -0.500 ; 0.500        ; 1.000          ; High Pulse Width ; Game_Clock:clk_gen|game_tick ; Rise       ; Game_Logic:logic_core|apple_x[8]           ;
; -0.500 ; 0.500        ; 1.000          ; Low Pulse Width  ; Game_Clock:clk_gen|game_tick ; Rise       ; Game_Logic:logic_core|apple_x[8]           ;
; -0.500 ; 0.500        ; 1.000          ; High Pulse Width ; Game_Clock:clk_gen|game_tick ; Rise       ; Game_Logic:logic_core|apple_x[9]           ;
; -0.500 ; 0.500        ; 1.000          ; Low Pulse Width  ; Game_Clock:clk_gen|game_tick ; Rise       ; Game_Logic:logic_core|apple_x[9]           ;
; -0.500 ; 0.500        ; 1.000          ; High Pulse Width ; Game_Clock:clk_gen|game_tick ; Rise       ; Game_Logic:logic_core|apple_y[1]           ;
; -0.500 ; 0.500        ; 1.000          ; Low Pulse Width  ; Game_Clock:clk_gen|game_tick ; Rise       ; Game_Logic:logic_core|apple_y[1]           ;
; -0.500 ; 0.500        ; 1.000          ; High Pulse Width ; Game_Clock:clk_gen|game_tick ; Rise       ; Game_Logic:logic_core|apple_y[2]           ;
; -0.500 ; 0.500        ; 1.000          ; Low Pulse Width  ; Game_Clock:clk_gen|game_tick ; Rise       ; Game_Logic:logic_core|apple_y[2]           ;
; -0.500 ; 0.500        ; 1.000          ; High Pulse Width ; Game_Clock:clk_gen|game_tick ; Rise       ; Game_Logic:logic_core|apple_y[3]           ;
; -0.500 ; 0.500        ; 1.000          ; Low Pulse Width  ; Game_Clock:clk_gen|game_tick ; Rise       ; Game_Logic:logic_core|apple_y[3]           ;
; -0.500 ; 0.500        ; 1.000          ; High Pulse Width ; Game_Clock:clk_gen|game_tick ; Rise       ; Game_Logic:logic_core|apple_y[4]           ;
; -0.500 ; 0.500        ; 1.000          ; Low Pulse Width  ; Game_Clock:clk_gen|game_tick ; Rise       ; Game_Logic:logic_core|apple_y[4]           ;
; -0.500 ; 0.500        ; 1.000          ; High Pulse Width ; Game_Clock:clk_gen|game_tick ; Rise       ; Game_Logic:logic_core|apple_y[5]           ;
; -0.500 ; 0.500        ; 1.000          ; Low Pulse Width  ; Game_Clock:clk_gen|game_tick ; Rise       ; Game_Logic:logic_core|apple_y[5]           ;
; -0.500 ; 0.500        ; 1.000          ; High Pulse Width ; Game_Clock:clk_gen|game_tick ; Rise       ; Game_Logic:logic_core|apple_y[6]           ;
; -0.500 ; 0.500        ; 1.000          ; Low Pulse Width  ; Game_Clock:clk_gen|game_tick ; Rise       ; Game_Logic:logic_core|apple_y[6]           ;
; -0.500 ; 0.500        ; 1.000          ; High Pulse Width ; Game_Clock:clk_gen|game_tick ; Rise       ; Game_Logic:logic_core|apple_y[7]           ;
; -0.500 ; 0.500        ; 1.000          ; Low Pulse Width  ; Game_Clock:clk_gen|game_tick ; Rise       ; Game_Logic:logic_core|apple_y[7]           ;
; -0.500 ; 0.500        ; 1.000          ; High Pulse Width ; Game_Clock:clk_gen|game_tick ; Rise       ; Game_Logic:logic_core|apple_y[8]           ;
; -0.500 ; 0.500        ; 1.000          ; Low Pulse Width  ; Game_Clock:clk_gen|game_tick ; Rise       ; Game_Logic:logic_core|apple_y[8]           ;
; -0.500 ; 0.500        ; 1.000          ; High Pulse Width ; Game_Clock:clk_gen|game_tick ; Rise       ; Game_Logic:logic_core|cur_dir[1]           ;
; -0.500 ; 0.500        ; 1.000          ; Low Pulse Width  ; Game_Clock:clk_gen|game_tick ; Rise       ; Game_Logic:logic_core|cur_dir[1]           ;
; -0.500 ; 0.500        ; 1.000          ; High Pulse Width ; Game_Clock:clk_gen|game_tick ; Rise       ; Game_Logic:logic_core|cur_dir[2]           ;
; -0.500 ; 0.500        ; 1.000          ; Low Pulse Width  ; Game_Clock:clk_gen|game_tick ; Rise       ; Game_Logic:logic_core|cur_dir[2]           ;
; -0.500 ; 0.500        ; 1.000          ; High Pulse Width ; Game_Clock:clk_gen|game_tick ; Rise       ; Game_Logic:logic_core|cur_dir[3]           ;
; -0.500 ; 0.500        ; 1.000          ; Low Pulse Width  ; Game_Clock:clk_gen|game_tick ; Rise       ; Game_Logic:logic_core|cur_dir[3]           ;
; -0.500 ; 0.500        ; 1.000          ; High Pulse Width ; Game_Clock:clk_gen|game_tick ; Rise       ; Game_Logic:logic_core|cur_dir[4]           ;
; -0.500 ; 0.500        ; 1.000          ; Low Pulse Width  ; Game_Clock:clk_gen|game_tick ; Rise       ; Game_Logic:logic_core|cur_dir[4]           ;
; -0.500 ; 0.500        ; 1.000          ; High Pulse Width ; Game_Clock:clk_gen|game_tick ; Rise       ; Game_Logic:logic_core|current_state.S_INIT ;
; -0.500 ; 0.500        ; 1.000          ; Low Pulse Width  ; Game_Clock:clk_gen|game_tick ; Rise       ; Game_Logic:logic_core|current_state.S_INIT ;
; -0.500 ; 0.500        ; 1.000          ; High Pulse Width ; Game_Clock:clk_gen|game_tick ; Rise       ; Game_Logic:logic_core|current_state.S_PLAY ;
; -0.500 ; 0.500        ; 1.000          ; Low Pulse Width  ; Game_Clock:clk_gen|game_tick ; Rise       ; Game_Logic:logic_core|current_state.S_PLAY ;
; -0.500 ; 0.500        ; 1.000          ; High Pulse Width ; Game_Clock:clk_gen|game_tick ; Rise       ; Game_Logic:logic_core|game_over            ;
; -0.500 ; 0.500        ; 1.000          ; Low Pulse Width  ; Game_Clock:clk_gen|game_tick ; Rise       ; Game_Logic:logic_core|game_over            ;
; -0.500 ; 0.500        ; 1.000          ; High Pulse Width ; Game_Clock:clk_gen|game_tick ; Rise       ; Game_Logic:logic_core|score[0]             ;
; -0.500 ; 0.500        ; 1.000          ; Low Pulse Width  ; Game_Clock:clk_gen|game_tick ; Rise       ; Game_Logic:logic_core|score[0]             ;
; -0.500 ; 0.500        ; 1.000          ; High Pulse Width ; Game_Clock:clk_gen|game_tick ; Rise       ; Game_Logic:logic_core|score[1]             ;
; -0.500 ; 0.500        ; 1.000          ; Low Pulse Width  ; Game_Clock:clk_gen|game_tick ; Rise       ; Game_Logic:logic_core|score[1]             ;
; -0.500 ; 0.500        ; 1.000          ; High Pulse Width ; Game_Clock:clk_gen|game_tick ; Rise       ; Game_Logic:logic_core|score[2]             ;
; -0.500 ; 0.500        ; 1.000          ; Low Pulse Width  ; Game_Clock:clk_gen|game_tick ; Rise       ; Game_Logic:logic_core|score[2]             ;
; -0.500 ; 0.500        ; 1.000          ; High Pulse Width ; Game_Clock:clk_gen|game_tick ; Rise       ; Game_Logic:logic_core|score[3]             ;
; -0.500 ; 0.500        ; 1.000          ; Low Pulse Width  ; Game_Clock:clk_gen|game_tick ; Rise       ; Game_Logic:logic_core|score[3]             ;
; -0.500 ; 0.500        ; 1.000          ; High Pulse Width ; Game_Clock:clk_gen|game_tick ; Rise       ; Game_Logic:logic_core|score[4]             ;
; -0.500 ; 0.500        ; 1.000          ; Low Pulse Width  ; Game_Clock:clk_gen|game_tick ; Rise       ; Game_Logic:logic_core|score[4]             ;
; -0.500 ; 0.500        ; 1.000          ; High Pulse Width ; Game_Clock:clk_gen|game_tick ; Rise       ; Game_Logic:logic_core|score[5]             ;
; -0.500 ; 0.500        ; 1.000          ; Low Pulse Width  ; Game_Clock:clk_gen|game_tick ; Rise       ; Game_Logic:logic_core|score[5]             ;
; -0.500 ; 0.500        ; 1.000          ; High Pulse Width ; Game_Clock:clk_gen|game_tick ; Rise       ; Game_Logic:logic_core|score[6]             ;
; -0.500 ; 0.500        ; 1.000          ; Low Pulse Width  ; Game_Clock:clk_gen|game_tick ; Rise       ; Game_Logic:logic_core|score[6]             ;
; -0.500 ; 0.500        ; 1.000          ; High Pulse Width ; Game_Clock:clk_gen|game_tick ; Rise       ; Game_Logic:logic_core|score[7]             ;
; -0.500 ; 0.500        ; 1.000          ; Low Pulse Width  ; Game_Clock:clk_gen|game_tick ; Rise       ; Game_Logic:logic_core|score[7]             ;
; -0.500 ; 0.500        ; 1.000          ; High Pulse Width ; Game_Clock:clk_gen|game_tick ; Rise       ; Game_Logic:logic_core|snake_len[0]         ;
; -0.500 ; 0.500        ; 1.000          ; Low Pulse Width  ; Game_Clock:clk_gen|game_tick ; Rise       ; Game_Logic:logic_core|snake_len[0]         ;
; -0.500 ; 0.500        ; 1.000          ; High Pulse Width ; Game_Clock:clk_gen|game_tick ; Rise       ; Game_Logic:logic_core|snake_len[1]         ;
; -0.500 ; 0.500        ; 1.000          ; Low Pulse Width  ; Game_Clock:clk_gen|game_tick ; Rise       ; Game_Logic:logic_core|snake_len[1]         ;
; -0.500 ; 0.500        ; 1.000          ; High Pulse Width ; Game_Clock:clk_gen|game_tick ; Rise       ; Game_Logic:logic_core|snake_len[2]         ;
; -0.500 ; 0.500        ; 1.000          ; Low Pulse Width  ; Game_Clock:clk_gen|game_tick ; Rise       ; Game_Logic:logic_core|snake_len[2]         ;
; -0.500 ; 0.500        ; 1.000          ; High Pulse Width ; Game_Clock:clk_gen|game_tick ; Rise       ; Game_Logic:logic_core|snake_len[3]         ;
; -0.500 ; 0.500        ; 1.000          ; Low Pulse Width  ; Game_Clock:clk_gen|game_tick ; Rise       ; Game_Logic:logic_core|snake_len[3]         ;
; -0.500 ; 0.500        ; 1.000          ; High Pulse Width ; Game_Clock:clk_gen|game_tick ; Rise       ; Game_Logic:logic_core|snake_len[4]         ;
; -0.500 ; 0.500        ; 1.000          ; Low Pulse Width  ; Game_Clock:clk_gen|game_tick ; Rise       ; Game_Logic:logic_core|snake_len[4]         ;
; -0.500 ; 0.500        ; 1.000          ; High Pulse Width ; Game_Clock:clk_gen|game_tick ; Rise       ; Game_Logic:logic_core|snake_len[5]         ;
; -0.500 ; 0.500        ; 1.000          ; Low Pulse Width  ; Game_Clock:clk_gen|game_tick ; Rise       ; Game_Logic:logic_core|snake_len[5]         ;
; -0.500 ; 0.500        ; 1.000          ; High Pulse Width ; Game_Clock:clk_gen|game_tick ; Rise       ; Game_Logic:logic_core|snake_len[6]         ;
; -0.500 ; 0.500        ; 1.000          ; Low Pulse Width  ; Game_Clock:clk_gen|game_tick ; Rise       ; Game_Logic:logic_core|snake_len[6]         ;
; -0.500 ; 0.500        ; 1.000          ; High Pulse Width ; Game_Clock:clk_gen|game_tick ; Rise       ; Game_Logic:logic_core|snake_x[0][10]       ;
; -0.500 ; 0.500        ; 1.000          ; Low Pulse Width  ; Game_Clock:clk_gen|game_tick ; Rise       ; Game_Logic:logic_core|snake_x[0][10]       ;
; -0.500 ; 0.500        ; 1.000          ; High Pulse Width ; Game_Clock:clk_gen|game_tick ; Rise       ; Game_Logic:logic_core|snake_x[0][1]        ;
; -0.500 ; 0.500        ; 1.000          ; Low Pulse Width  ; Game_Clock:clk_gen|game_tick ; Rise       ; Game_Logic:logic_core|snake_x[0][1]        ;
; -0.500 ; 0.500        ; 1.000          ; High Pulse Width ; Game_Clock:clk_gen|game_tick ; Rise       ; Game_Logic:logic_core|snake_x[0][2]        ;
; -0.500 ; 0.500        ; 1.000          ; Low Pulse Width  ; Game_Clock:clk_gen|game_tick ; Rise       ; Game_Logic:logic_core|snake_x[0][2]        ;
; -0.500 ; 0.500        ; 1.000          ; High Pulse Width ; Game_Clock:clk_gen|game_tick ; Rise       ; Game_Logic:logic_core|snake_x[0][3]        ;
; -0.500 ; 0.500        ; 1.000          ; Low Pulse Width  ; Game_Clock:clk_gen|game_tick ; Rise       ; Game_Logic:logic_core|snake_x[0][3]        ;
; -0.500 ; 0.500        ; 1.000          ; High Pulse Width ; Game_Clock:clk_gen|game_tick ; Rise       ; Game_Logic:logic_core|snake_x[0][4]        ;
; -0.500 ; 0.500        ; 1.000          ; Low Pulse Width  ; Game_Clock:clk_gen|game_tick ; Rise       ; Game_Logic:logic_core|snake_x[0][4]        ;
; -0.500 ; 0.500        ; 1.000          ; High Pulse Width ; Game_Clock:clk_gen|game_tick ; Rise       ; Game_Logic:logic_core|snake_x[0][5]        ;
; -0.500 ; 0.500        ; 1.000          ; Low Pulse Width  ; Game_Clock:clk_gen|game_tick ; Rise       ; Game_Logic:logic_core|snake_x[0][5]        ;
; -0.500 ; 0.500        ; 1.000          ; High Pulse Width ; Game_Clock:clk_gen|game_tick ; Rise       ; Game_Logic:logic_core|snake_x[0][6]        ;
; -0.500 ; 0.500        ; 1.000          ; Low Pulse Width  ; Game_Clock:clk_gen|game_tick ; Rise       ; Game_Logic:logic_core|snake_x[0][6]        ;
; -0.500 ; 0.500        ; 1.000          ; High Pulse Width ; Game_Clock:clk_gen|game_tick ; Rise       ; Game_Logic:logic_core|snake_x[0][7]        ;
; -0.500 ; 0.500        ; 1.000          ; Low Pulse Width  ; Game_Clock:clk_gen|game_tick ; Rise       ; Game_Logic:logic_core|snake_x[0][7]        ;
; -0.500 ; 0.500        ; 1.000          ; High Pulse Width ; Game_Clock:clk_gen|game_tick ; Rise       ; Game_Logic:logic_core|snake_x[0][8]        ;
; -0.500 ; 0.500        ; 1.000          ; Low Pulse Width  ; Game_Clock:clk_gen|game_tick ; Rise       ; Game_Logic:logic_core|snake_x[0][8]        ;
; -0.500 ; 0.500        ; 1.000          ; High Pulse Width ; Game_Clock:clk_gen|game_tick ; Rise       ; Game_Logic:logic_core|snake_x[0][9]        ;
; -0.500 ; 0.500        ; 1.000          ; Low Pulse Width  ; Game_Clock:clk_gen|game_tick ; Rise       ; Game_Logic:logic_core|snake_x[0][9]        ;
; -0.500 ; 0.500        ; 1.000          ; High Pulse Width ; Game_Clock:clk_gen|game_tick ; Rise       ; Game_Logic:logic_core|snake_x[100][10]     ;
; -0.500 ; 0.500        ; 1.000          ; Low Pulse Width  ; Game_Clock:clk_gen|game_tick ; Rise       ; Game_Logic:logic_core|snake_x[100][10]     ;
+--------+--------------+----------------+------------------+------------------------------+------------+--------------------------------------------+


+--------------------------------------------------------------------------------------------------------+
; Setup Times                                                                                            ;
+-----------+------------------------------+--------+--------+------------+------------------------------+
; Data Port ; Clock Port                   ; Rise   ; Fall   ; Clock Edge ; Clock Reference              ;
+-----------+------------------------------+--------+--------+------------+------------------------------+
; SW0_RESET ; Game_Clock:clk_gen|game_tick ; -0.168 ; -0.168 ; Rise       ; Game_Clock:clk_gen|game_tick ;
; PS2_DAT   ; PS2_CLK                      ; 2.257  ; 2.257  ; Fall       ; PS2_CLK                      ;
+-----------+------------------------------+--------+--------+------------+------------------------------+


+--------------------------------------------------------------------------------------------------------+
; Hold Times                                                                                             ;
+-----------+------------------------------+--------+--------+------------+------------------------------+
; Data Port ; Clock Port                   ; Rise   ; Fall   ; Clock Edge ; Clock Reference              ;
+-----------+------------------------------+--------+--------+------------+------------------------------+
; SW0_RESET ; Game_Clock:clk_gen|game_tick ; 0.455  ; 0.455  ; Rise       ; Game_Clock:clk_gen|game_tick ;
; PS2_DAT   ; PS2_CLK                      ; -2.008 ; -2.008 ; Fall       ; PS2_CLK                      ;
+-----------+------------------------------+--------+--------+------------+------------------------------+


+----------------------------------------------------------------------------------------------------------+
; Clock to Output Times                                                                                    ;
+-------------+------------------------------+--------+--------+------------+------------------------------+
; Data Port   ; Clock Port                   ; Rise   ; Fall   ; Clock Edge ; Clock Reference              ;
+-------------+------------------------------+--------+--------+------------+------------------------------+
; VGA_B[*]    ; CLOCK_50                     ; 4.025  ; 4.025  ; Rise       ; CLOCK_50                     ;
;  VGA_B[0]   ; CLOCK_50                     ; 4.025  ; 4.025  ; Rise       ; CLOCK_50                     ;
;  VGA_B[1]   ; CLOCK_50                     ; 4.019  ; 4.019  ; Rise       ; CLOCK_50                     ;
;  VGA_B[2]   ; CLOCK_50                     ; 3.995  ; 3.995  ; Rise       ; CLOCK_50                     ;
;  VGA_B[3]   ; CLOCK_50                     ; 4.010  ; 4.010  ; Rise       ; CLOCK_50                     ;
;  VGA_B[4]   ; CLOCK_50                     ; 3.947  ; 3.947  ; Rise       ; CLOCK_50                     ;
;  VGA_B[5]   ; CLOCK_50                     ; 3.941  ; 3.941  ; Rise       ; CLOCK_50                     ;
;  VGA_B[6]   ; CLOCK_50                     ; 3.949  ; 3.949  ; Rise       ; CLOCK_50                     ;
;  VGA_B[7]   ; CLOCK_50                     ; 3.934  ; 3.934  ; Rise       ; CLOCK_50                     ;
;  VGA_B[8]   ; CLOCK_50                     ; 3.947  ; 3.947  ; Rise       ; CLOCK_50                     ;
;  VGA_B[9]   ; CLOCK_50                     ; 3.908  ; 3.908  ; Rise       ; CLOCK_50                     ;
; VGA_BLANK_N ; CLOCK_50                     ; 4.300  ; 4.300  ; Rise       ; CLOCK_50                     ;
; VGA_CLK     ; CLOCK_50                     ; 3.014  ; 3.014  ; Rise       ; CLOCK_50                     ;
; VGA_G[*]    ; CLOCK_50                     ; 4.174  ; 4.174  ; Rise       ; CLOCK_50                     ;
;  VGA_G[0]   ; CLOCK_50                     ; 4.056  ; 4.056  ; Rise       ; CLOCK_50                     ;
;  VGA_G[1]   ; CLOCK_50                     ; 4.070  ; 4.070  ; Rise       ; CLOCK_50                     ;
;  VGA_G[2]   ; CLOCK_50                     ; 4.121  ; 4.121  ; Rise       ; CLOCK_50                     ;
;  VGA_G[3]   ; CLOCK_50                     ; 4.043  ; 4.043  ; Rise       ; CLOCK_50                     ;
;  VGA_G[4]   ; CLOCK_50                     ; 4.163  ; 4.163  ; Rise       ; CLOCK_50                     ;
;  VGA_G[5]   ; CLOCK_50                     ; 4.174  ; 4.174  ; Rise       ; CLOCK_50                     ;
;  VGA_G[6]   ; CLOCK_50                     ; 4.010  ; 4.010  ; Rise       ; CLOCK_50                     ;
;  VGA_G[7]   ; CLOCK_50                     ; 4.033  ; 4.033  ; Rise       ; CLOCK_50                     ;
;  VGA_G[8]   ; CLOCK_50                     ; 4.059  ; 4.059  ; Rise       ; CLOCK_50                     ;
;  VGA_G[9]   ; CLOCK_50                     ; 4.052  ; 4.052  ; Rise       ; CLOCK_50                     ;
; VGA_HS      ; CLOCK_50                     ; 4.462  ; 4.462  ; Rise       ; CLOCK_50                     ;
; VGA_R[*]    ; CLOCK_50                     ; 4.277  ; 4.277  ; Rise       ; CLOCK_50                     ;
;  VGA_R[0]   ; CLOCK_50                     ; 4.277  ; 4.277  ; Rise       ; CLOCK_50                     ;
;  VGA_R[1]   ; CLOCK_50                     ; 4.181  ; 4.181  ; Rise       ; CLOCK_50                     ;
;  VGA_R[2]   ; CLOCK_50                     ; 4.222  ; 4.222  ; Rise       ; CLOCK_50                     ;
;  VGA_R[3]   ; CLOCK_50                     ; 4.146  ; 4.146  ; Rise       ; CLOCK_50                     ;
;  VGA_R[4]   ; CLOCK_50                     ; 4.176  ; 4.176  ; Rise       ; CLOCK_50                     ;
;  VGA_R[5]   ; CLOCK_50                     ; 4.159  ; 4.159  ; Rise       ; CLOCK_50                     ;
;  VGA_R[6]   ; CLOCK_50                     ; 4.145  ; 4.145  ; Rise       ; CLOCK_50                     ;
;  VGA_R[7]   ; CLOCK_50                     ; 4.153  ; 4.153  ; Rise       ; CLOCK_50                     ;
;  VGA_R[8]   ; CLOCK_50                     ; 4.049  ; 4.049  ; Rise       ; CLOCK_50                     ;
;  VGA_R[9]   ; CLOCK_50                     ; 4.070  ; 4.070  ; Rise       ; CLOCK_50                     ;
; VGA_VS      ; CLOCK_50                     ; 4.136  ; 4.136  ; Rise       ; CLOCK_50                     ;
; VGA_CLK     ; CLOCK_50                     ; 3.014  ; 3.014  ; Fall       ; CLOCK_50                     ;
; HEX0[*]     ; Game_Clock:clk_gen|game_tick ; 10.594 ; 10.594 ; Rise       ; Game_Clock:clk_gen|game_tick ;
;  HEX0[0]    ; Game_Clock:clk_gen|game_tick ; 10.594 ; 10.594 ; Rise       ; Game_Clock:clk_gen|game_tick ;
;  HEX0[1]    ; Game_Clock:clk_gen|game_tick ; 10.569 ; 10.569 ; Rise       ; Game_Clock:clk_gen|game_tick ;
;  HEX0[2]    ; Game_Clock:clk_gen|game_tick ; 10.576 ; 10.576 ; Rise       ; Game_Clock:clk_gen|game_tick ;
;  HEX0[3]    ; Game_Clock:clk_gen|game_tick ; 10.477 ; 10.477 ; Rise       ; Game_Clock:clk_gen|game_tick ;
;  HEX0[4]    ; Game_Clock:clk_gen|game_tick ; 10.487 ; 10.487 ; Rise       ; Game_Clock:clk_gen|game_tick ;
;  HEX0[5]    ; Game_Clock:clk_gen|game_tick ; 10.465 ; 10.465 ; Rise       ; Game_Clock:clk_gen|game_tick ;
;  HEX0[6]    ; Game_Clock:clk_gen|game_tick ; 10.458 ; 10.458 ; Rise       ; Game_Clock:clk_gen|game_tick ;
; HEX1[*]     ; Game_Clock:clk_gen|game_tick ; 10.720 ; 10.720 ; Rise       ; Game_Clock:clk_gen|game_tick ;
;  HEX1[0]    ; Game_Clock:clk_gen|game_tick ; 10.720 ; 10.720 ; Rise       ; Game_Clock:clk_gen|game_tick ;
;  HEX1[1]    ; Game_Clock:clk_gen|game_tick ; 10.713 ; 10.713 ; Rise       ; Game_Clock:clk_gen|game_tick ;
;  HEX1[2]    ; Game_Clock:clk_gen|game_tick ; 10.609 ; 10.609 ; Rise       ; Game_Clock:clk_gen|game_tick ;
;  HEX1[3]    ; Game_Clock:clk_gen|game_tick ; 10.595 ; 10.595 ; Rise       ; Game_Clock:clk_gen|game_tick ;
;  HEX1[4]    ; Game_Clock:clk_gen|game_tick ; 10.601 ; 10.601 ; Rise       ; Game_Clock:clk_gen|game_tick ;
;  HEX1[5]    ; Game_Clock:clk_gen|game_tick ; 10.585 ; 10.585 ; Rise       ; Game_Clock:clk_gen|game_tick ;
;  HEX1[6]    ; Game_Clock:clk_gen|game_tick ; 10.602 ; 10.602 ; Rise       ; Game_Clock:clk_gen|game_tick ;
; LEDR[*]     ; Game_Clock:clk_gen|game_tick ; 4.882  ; 4.882  ; Rise       ; Game_Clock:clk_gen|game_tick ;
;  LEDR[1]    ; Game_Clock:clk_gen|game_tick ; 4.882  ; 4.882  ; Rise       ; Game_Clock:clk_gen|game_tick ;
;  LEDR[2]    ; Game_Clock:clk_gen|game_tick ; 4.773  ; 4.773  ; Rise       ; Game_Clock:clk_gen|game_tick ;
;  LEDR[3]    ; Game_Clock:clk_gen|game_tick ; 4.810  ; 4.810  ; Rise       ; Game_Clock:clk_gen|game_tick ;
;  LEDR[4]    ; Game_Clock:clk_gen|game_tick ; 4.781  ; 4.781  ; Rise       ; Game_Clock:clk_gen|game_tick ;
+-------------+------------------------------+--------+--------+------------+------------------------------+


+--------------------------------------------------------------------------------------------------------+
; Minimum Clock to Output Times                                                                          ;
+-------------+------------------------------+-------+-------+------------+------------------------------+
; Data Port   ; Clock Port                   ; Rise  ; Fall  ; Clock Edge ; Clock Reference              ;
+-------------+------------------------------+-------+-------+------------+------------------------------+
; VGA_B[*]    ; CLOCK_50                     ; 3.908 ; 3.908 ; Rise       ; CLOCK_50                     ;
;  VGA_B[0]   ; CLOCK_50                     ; 4.025 ; 4.025 ; Rise       ; CLOCK_50                     ;
;  VGA_B[1]   ; CLOCK_50                     ; 4.019 ; 4.019 ; Rise       ; CLOCK_50                     ;
;  VGA_B[2]   ; CLOCK_50                     ; 3.995 ; 3.995 ; Rise       ; CLOCK_50                     ;
;  VGA_B[3]   ; CLOCK_50                     ; 4.010 ; 4.010 ; Rise       ; CLOCK_50                     ;
;  VGA_B[4]   ; CLOCK_50                     ; 3.947 ; 3.947 ; Rise       ; CLOCK_50                     ;
;  VGA_B[5]   ; CLOCK_50                     ; 3.941 ; 3.941 ; Rise       ; CLOCK_50                     ;
;  VGA_B[6]   ; CLOCK_50                     ; 3.949 ; 3.949 ; Rise       ; CLOCK_50                     ;
;  VGA_B[7]   ; CLOCK_50                     ; 3.934 ; 3.934 ; Rise       ; CLOCK_50                     ;
;  VGA_B[8]   ; CLOCK_50                     ; 3.947 ; 3.947 ; Rise       ; CLOCK_50                     ;
;  VGA_B[9]   ; CLOCK_50                     ; 3.908 ; 3.908 ; Rise       ; CLOCK_50                     ;
; VGA_BLANK_N ; CLOCK_50                     ; 4.300 ; 4.300 ; Rise       ; CLOCK_50                     ;
; VGA_CLK     ; CLOCK_50                     ; 3.014 ; 3.014 ; Rise       ; CLOCK_50                     ;
; VGA_G[*]    ; CLOCK_50                     ; 4.010 ; 4.010 ; Rise       ; CLOCK_50                     ;
;  VGA_G[0]   ; CLOCK_50                     ; 4.056 ; 4.056 ; Rise       ; CLOCK_50                     ;
;  VGA_G[1]   ; CLOCK_50                     ; 4.070 ; 4.070 ; Rise       ; CLOCK_50                     ;
;  VGA_G[2]   ; CLOCK_50                     ; 4.121 ; 4.121 ; Rise       ; CLOCK_50                     ;
;  VGA_G[3]   ; CLOCK_50                     ; 4.043 ; 4.043 ; Rise       ; CLOCK_50                     ;
;  VGA_G[4]   ; CLOCK_50                     ; 4.163 ; 4.163 ; Rise       ; CLOCK_50                     ;
;  VGA_G[5]   ; CLOCK_50                     ; 4.174 ; 4.174 ; Rise       ; CLOCK_50                     ;
;  VGA_G[6]   ; CLOCK_50                     ; 4.010 ; 4.010 ; Rise       ; CLOCK_50                     ;
;  VGA_G[7]   ; CLOCK_50                     ; 4.033 ; 4.033 ; Rise       ; CLOCK_50                     ;
;  VGA_G[8]   ; CLOCK_50                     ; 4.059 ; 4.059 ; Rise       ; CLOCK_50                     ;
;  VGA_G[9]   ; CLOCK_50                     ; 4.052 ; 4.052 ; Rise       ; CLOCK_50                     ;
; VGA_HS      ; CLOCK_50                     ; 4.462 ; 4.462 ; Rise       ; CLOCK_50                     ;
; VGA_R[*]    ; CLOCK_50                     ; 4.049 ; 4.049 ; Rise       ; CLOCK_50                     ;
;  VGA_R[0]   ; CLOCK_50                     ; 4.277 ; 4.277 ; Rise       ; CLOCK_50                     ;
;  VGA_R[1]   ; CLOCK_50                     ; 4.181 ; 4.181 ; Rise       ; CLOCK_50                     ;
;  VGA_R[2]   ; CLOCK_50                     ; 4.222 ; 4.222 ; Rise       ; CLOCK_50                     ;
;  VGA_R[3]   ; CLOCK_50                     ; 4.146 ; 4.146 ; Rise       ; CLOCK_50                     ;
;  VGA_R[4]   ; CLOCK_50                     ; 4.176 ; 4.176 ; Rise       ; CLOCK_50                     ;
;  VGA_R[5]   ; CLOCK_50                     ; 4.159 ; 4.159 ; Rise       ; CLOCK_50                     ;
;  VGA_R[6]   ; CLOCK_50                     ; 4.145 ; 4.145 ; Rise       ; CLOCK_50                     ;
;  VGA_R[7]   ; CLOCK_50                     ; 4.153 ; 4.153 ; Rise       ; CLOCK_50                     ;
;  VGA_R[8]   ; CLOCK_50                     ; 4.049 ; 4.049 ; Rise       ; CLOCK_50                     ;
;  VGA_R[9]   ; CLOCK_50                     ; 4.070 ; 4.070 ; Rise       ; CLOCK_50                     ;
; VGA_VS      ; CLOCK_50                     ; 4.136 ; 4.136 ; Rise       ; CLOCK_50                     ;
; VGA_CLK     ; CLOCK_50                     ; 3.014 ; 3.014 ; Fall       ; CLOCK_50                     ;
; HEX0[*]     ; Game_Clock:clk_gen|game_tick ; 5.064 ; 5.064 ; Rise       ; Game_Clock:clk_gen|game_tick ;
;  HEX0[0]    ; Game_Clock:clk_gen|game_tick ; 5.200 ; 5.200 ; Rise       ; Game_Clock:clk_gen|game_tick ;
;  HEX0[1]    ; Game_Clock:clk_gen|game_tick ; 5.174 ; 5.174 ; Rise       ; Game_Clock:clk_gen|game_tick ;
;  HEX0[2]    ; Game_Clock:clk_gen|game_tick ; 5.182 ; 5.182 ; Rise       ; Game_Clock:clk_gen|game_tick ;
;  HEX0[3]    ; Game_Clock:clk_gen|game_tick ; 5.083 ; 5.083 ; Rise       ; Game_Clock:clk_gen|game_tick ;
;  HEX0[4]    ; Game_Clock:clk_gen|game_tick ; 5.093 ; 5.093 ; Rise       ; Game_Clock:clk_gen|game_tick ;
;  HEX0[5]    ; Game_Clock:clk_gen|game_tick ; 5.071 ; 5.071 ; Rise       ; Game_Clock:clk_gen|game_tick ;
;  HEX0[6]    ; Game_Clock:clk_gen|game_tick ; 5.064 ; 5.064 ; Rise       ; Game_Clock:clk_gen|game_tick ;
; HEX1[*]     ; Game_Clock:clk_gen|game_tick ; 6.584 ; 6.584 ; Rise       ; Game_Clock:clk_gen|game_tick ;
;  HEX1[0]    ; Game_Clock:clk_gen|game_tick ; 6.719 ; 6.719 ; Rise       ; Game_Clock:clk_gen|game_tick ;
;  HEX1[1]    ; Game_Clock:clk_gen|game_tick ; 6.712 ; 6.712 ; Rise       ; Game_Clock:clk_gen|game_tick ;
;  HEX1[2]    ; Game_Clock:clk_gen|game_tick ; 6.608 ; 6.608 ; Rise       ; Game_Clock:clk_gen|game_tick ;
;  HEX1[3]    ; Game_Clock:clk_gen|game_tick ; 6.594 ; 6.594 ; Rise       ; Game_Clock:clk_gen|game_tick ;
;  HEX1[4]    ; Game_Clock:clk_gen|game_tick ; 6.600 ; 6.600 ; Rise       ; Game_Clock:clk_gen|game_tick ;
;  HEX1[5]    ; Game_Clock:clk_gen|game_tick ; 6.584 ; 6.584 ; Rise       ; Game_Clock:clk_gen|game_tick ;
;  HEX1[6]    ; Game_Clock:clk_gen|game_tick ; 6.601 ; 6.601 ; Rise       ; Game_Clock:clk_gen|game_tick ;
; LEDR[*]     ; Game_Clock:clk_gen|game_tick ; 4.773 ; 4.773 ; Rise       ; Game_Clock:clk_gen|game_tick ;
;  LEDR[1]    ; Game_Clock:clk_gen|game_tick ; 4.882 ; 4.882 ; Rise       ; Game_Clock:clk_gen|game_tick ;
;  LEDR[2]    ; Game_Clock:clk_gen|game_tick ; 4.773 ; 4.773 ; Rise       ; Game_Clock:clk_gen|game_tick ;
;  LEDR[3]    ; Game_Clock:clk_gen|game_tick ; 4.810 ; 4.810 ; Rise       ; Game_Clock:clk_gen|game_tick ;
;  LEDR[4]    ; Game_Clock:clk_gen|game_tick ; 4.781 ; 4.781 ; Rise       ; Game_Clock:clk_gen|game_tick ;
+-------------+------------------------------+-------+-------+------------+------------------------------+


+-----------------------------------------------------------------------------------------------+
; Multicorner Timing Analysis Summary                                                           ;
+-------------------------------+-----------+--------+----------+---------+---------------------+
; Clock                         ; Setup     ; Hold   ; Recovery ; Removal ; Minimum Pulse Width ;
+-------------------------------+-----------+--------+----------+---------+---------------------+
; Worst-case Slack              ; -19.459   ; -2.530 ; N/A      ; N/A     ; -1.380              ;
;  CLOCK_50                     ; -19.459   ; -2.530 ; N/A      ; N/A     ; -1.380              ;
;  Game_Clock:clk_gen|game_tick ; -8.048    ; 0.145  ; N/A      ; N/A     ; -0.500              ;
;  PS2_CLK                      ; -2.033    ; 0.215  ; N/A      ; N/A     ; -1.222              ;
; Design-wide TNS               ; -5400.867 ; -2.53  ; 0.0      ; 0.0     ; -2584.602           ;
;  CLOCK_50                     ; -836.108  ; -2.530 ; N/A      ; N/A     ; -113.380            ;
;  Game_Clock:clk_gen|game_tick ; -4547.069 ; 0.000  ; N/A      ; N/A     ; -2452.000           ;
;  PS2_CLK                      ; -17.690   ; 0.000  ; N/A      ; N/A     ; -19.222             ;
+-------------------------------+-----------+--------+----------+---------+---------------------+


+------------------------------------------------------------------------------------------------------+
; Setup Times                                                                                          ;
+-----------+------------------------------+-------+-------+------------+------------------------------+
; Data Port ; Clock Port                   ; Rise  ; Fall  ; Clock Edge ; Clock Reference              ;
+-----------+------------------------------+-------+-------+------------+------------------------------+
; SW0_RESET ; Game_Clock:clk_gen|game_tick ; 0.301 ; 0.301 ; Rise       ; Game_Clock:clk_gen|game_tick ;
; PS2_DAT   ; PS2_CLK                      ; 3.774 ; 3.774 ; Fall       ; PS2_CLK                      ;
+-----------+------------------------------+-------+-------+------------+------------------------------+


+--------------------------------------------------------------------------------------------------------+
; Hold Times                                                                                             ;
+-----------+------------------------------+--------+--------+------------+------------------------------+
; Data Port ; Clock Port                   ; Rise   ; Fall   ; Clock Edge ; Clock Reference              ;
+-----------+------------------------------+--------+--------+------------+------------------------------+
; SW0_RESET ; Game_Clock:clk_gen|game_tick ; 0.455  ; 0.455  ; Rise       ; Game_Clock:clk_gen|game_tick ;
; PS2_DAT   ; PS2_CLK                      ; -2.008 ; -2.008 ; Fall       ; PS2_CLK                      ;
+-----------+------------------------------+--------+--------+------------+------------------------------+


+----------------------------------------------------------------------------------------------------------+
; Clock to Output Times                                                                                    ;
+-------------+------------------------------+--------+--------+------------+------------------------------+
; Data Port   ; Clock Port                   ; Rise   ; Fall   ; Clock Edge ; Clock Reference              ;
+-------------+------------------------------+--------+--------+------------+------------------------------+
; VGA_B[*]    ; CLOCK_50                     ; 7.182  ; 7.182  ; Rise       ; CLOCK_50                     ;
;  VGA_B[0]   ; CLOCK_50                     ; 7.182  ; 7.182  ; Rise       ; CLOCK_50                     ;
;  VGA_B[1]   ; CLOCK_50                     ; 7.175  ; 7.175  ; Rise       ; CLOCK_50                     ;
;  VGA_B[2]   ; CLOCK_50                     ; 7.148  ; 7.148  ; Rise       ; CLOCK_50                     ;
;  VGA_B[3]   ; CLOCK_50                     ; 7.170  ; 7.170  ; Rise       ; CLOCK_50                     ;
;  VGA_B[4]   ; CLOCK_50                     ; 6.973  ; 6.973  ; Rise       ; CLOCK_50                     ;
;  VGA_B[5]   ; CLOCK_50                     ; 6.973  ; 6.973  ; Rise       ; CLOCK_50                     ;
;  VGA_B[6]   ; CLOCK_50                     ; 7.003  ; 7.003  ; Rise       ; CLOCK_50                     ;
;  VGA_B[7]   ; CLOCK_50                     ; 6.956  ; 6.956  ; Rise       ; CLOCK_50                     ;
;  VGA_B[8]   ; CLOCK_50                     ; 7.010  ; 7.010  ; Rise       ; CLOCK_50                     ;
;  VGA_B[9]   ; CLOCK_50                     ; 6.932  ; 6.932  ; Rise       ; CLOCK_50                     ;
; VGA_BLANK_N ; CLOCK_50                     ; 7.683  ; 7.683  ; Rise       ; CLOCK_50                     ;
; VGA_CLK     ; CLOCK_50                     ; 5.541  ; 5.541  ; Rise       ; CLOCK_50                     ;
; VGA_G[*]    ; CLOCK_50                     ; 7.476  ; 7.476  ; Rise       ; CLOCK_50                     ;
;  VGA_G[0]   ; CLOCK_50                     ; 7.226  ; 7.226  ; Rise       ; CLOCK_50                     ;
;  VGA_G[1]   ; CLOCK_50                     ; 7.248  ; 7.248  ; Rise       ; CLOCK_50                     ;
;  VGA_G[2]   ; CLOCK_50                     ; 7.386  ; 7.386  ; Rise       ; CLOCK_50                     ;
;  VGA_G[3]   ; CLOCK_50                     ; 7.200  ; 7.200  ; Rise       ; CLOCK_50                     ;
;  VGA_G[4]   ; CLOCK_50                     ; 7.454  ; 7.454  ; Rise       ; CLOCK_50                     ;
;  VGA_G[5]   ; CLOCK_50                     ; 7.476  ; 7.476  ; Rise       ; CLOCK_50                     ;
;  VGA_G[6]   ; CLOCK_50                     ; 7.169  ; 7.169  ; Rise       ; CLOCK_50                     ;
;  VGA_G[7]   ; CLOCK_50                     ; 7.192  ; 7.192  ; Rise       ; CLOCK_50                     ;
;  VGA_G[8]   ; CLOCK_50                     ; 7.228  ; 7.228  ; Rise       ; CLOCK_50                     ;
;  VGA_G[9]   ; CLOCK_50                     ; 7.219  ; 7.219  ; Rise       ; CLOCK_50                     ;
; VGA_HS      ; CLOCK_50                     ; 8.053  ; 8.053  ; Rise       ; CLOCK_50                     ;
; VGA_R[*]    ; CLOCK_50                     ; 7.715  ; 7.715  ; Rise       ; CLOCK_50                     ;
;  VGA_R[0]   ; CLOCK_50                     ; 7.715  ; 7.715  ; Rise       ; CLOCK_50                     ;
;  VGA_R[1]   ; CLOCK_50                     ; 7.507  ; 7.507  ; Rise       ; CLOCK_50                     ;
;  VGA_R[2]   ; CLOCK_50                     ; 7.548  ; 7.548  ; Rise       ; CLOCK_50                     ;
;  VGA_R[3]   ; CLOCK_50                     ; 7.445  ; 7.445  ; Rise       ; CLOCK_50                     ;
;  VGA_R[4]   ; CLOCK_50                     ; 7.494  ; 7.494  ; Rise       ; CLOCK_50                     ;
;  VGA_R[5]   ; CLOCK_50                     ; 7.458  ; 7.458  ; Rise       ; CLOCK_50                     ;
;  VGA_R[6]   ; CLOCK_50                     ; 7.435  ; 7.435  ; Rise       ; CLOCK_50                     ;
;  VGA_R[7]   ; CLOCK_50                     ; 7.457  ; 7.457  ; Rise       ; CLOCK_50                     ;
;  VGA_R[8]   ; CLOCK_50                     ; 7.235  ; 7.235  ; Rise       ; CLOCK_50                     ;
;  VGA_R[9]   ; CLOCK_50                     ; 7.276  ; 7.276  ; Rise       ; CLOCK_50                     ;
; VGA_VS      ; CLOCK_50                     ; 7.410  ; 7.410  ; Rise       ; CLOCK_50                     ;
; VGA_CLK     ; CLOCK_50                     ; 5.541  ; 5.541  ; Fall       ; CLOCK_50                     ;
; HEX0[*]     ; Game_Clock:clk_gen|game_tick ; 22.181 ; 22.181 ; Rise       ; Game_Clock:clk_gen|game_tick ;
;  HEX0[0]    ; Game_Clock:clk_gen|game_tick ; 22.181 ; 22.181 ; Rise       ; Game_Clock:clk_gen|game_tick ;
;  HEX0[1]    ; Game_Clock:clk_gen|game_tick ; 22.157 ; 22.157 ; Rise       ; Game_Clock:clk_gen|game_tick ;
;  HEX0[2]    ; Game_Clock:clk_gen|game_tick ; 22.158 ; 22.158 ; Rise       ; Game_Clock:clk_gen|game_tick ;
;  HEX0[3]    ; Game_Clock:clk_gen|game_tick ; 21.930 ; 21.930 ; Rise       ; Game_Clock:clk_gen|game_tick ;
;  HEX0[4]    ; Game_Clock:clk_gen|game_tick ; 21.948 ; 21.948 ; Rise       ; Game_Clock:clk_gen|game_tick ;
;  HEX0[5]    ; Game_Clock:clk_gen|game_tick ; 21.915 ; 21.915 ; Rise       ; Game_Clock:clk_gen|game_tick ;
;  HEX0[6]    ; Game_Clock:clk_gen|game_tick ; 21.908 ; 21.908 ; Rise       ; Game_Clock:clk_gen|game_tick ;
; HEX1[*]     ; Game_Clock:clk_gen|game_tick ; 22.474 ; 22.474 ; Rise       ; Game_Clock:clk_gen|game_tick ;
;  HEX1[0]    ; Game_Clock:clk_gen|game_tick ; 22.474 ; 22.474 ; Rise       ; Game_Clock:clk_gen|game_tick ;
;  HEX1[1]    ; Game_Clock:clk_gen|game_tick ; 22.468 ; 22.468 ; Rise       ; Game_Clock:clk_gen|game_tick ;
;  HEX1[2]    ; Game_Clock:clk_gen|game_tick ; 22.334 ; 22.334 ; Rise       ; Game_Clock:clk_gen|game_tick ;
;  HEX1[3]    ; Game_Clock:clk_gen|game_tick ; 22.317 ; 22.317 ; Rise       ; Game_Clock:clk_gen|game_tick ;
;  HEX1[4]    ; Game_Clock:clk_gen|game_tick ; 22.318 ; 22.318 ; Rise       ; Game_Clock:clk_gen|game_tick ;
;  HEX1[5]    ; Game_Clock:clk_gen|game_tick ; 22.298 ; 22.298 ; Rise       ; Game_Clock:clk_gen|game_tick ;
;  HEX1[6]    ; Game_Clock:clk_gen|game_tick ; 22.318 ; 22.318 ; Rise       ; Game_Clock:clk_gen|game_tick ;
; LEDR[*]     ; Game_Clock:clk_gen|game_tick ; 8.977  ; 8.977  ; Rise       ; Game_Clock:clk_gen|game_tick ;
;  LEDR[1]    ; Game_Clock:clk_gen|game_tick ; 8.977  ; 8.977  ; Rise       ; Game_Clock:clk_gen|game_tick ;
;  LEDR[2]    ; Game_Clock:clk_gen|game_tick ; 8.803  ; 8.803  ; Rise       ; Game_Clock:clk_gen|game_tick ;
;  LEDR[3]    ; Game_Clock:clk_gen|game_tick ; 8.879  ; 8.879  ; Rise       ; Game_Clock:clk_gen|game_tick ;
;  LEDR[4]    ; Game_Clock:clk_gen|game_tick ; 8.796  ; 8.796  ; Rise       ; Game_Clock:clk_gen|game_tick ;
+-------------+------------------------------+--------+--------+------------+------------------------------+


+--------------------------------------------------------------------------------------------------------+
; Minimum Clock to Output Times                                                                          ;
+-------------+------------------------------+-------+-------+------------+------------------------------+
; Data Port   ; Clock Port                   ; Rise  ; Fall  ; Clock Edge ; Clock Reference              ;
+-------------+------------------------------+-------+-------+------------+------------------------------+
; VGA_B[*]    ; CLOCK_50                     ; 3.908 ; 3.908 ; Rise       ; CLOCK_50                     ;
;  VGA_B[0]   ; CLOCK_50                     ; 4.025 ; 4.025 ; Rise       ; CLOCK_50                     ;
;  VGA_B[1]   ; CLOCK_50                     ; 4.019 ; 4.019 ; Rise       ; CLOCK_50                     ;
;  VGA_B[2]   ; CLOCK_50                     ; 3.995 ; 3.995 ; Rise       ; CLOCK_50                     ;
;  VGA_B[3]   ; CLOCK_50                     ; 4.010 ; 4.010 ; Rise       ; CLOCK_50                     ;
;  VGA_B[4]   ; CLOCK_50                     ; 3.947 ; 3.947 ; Rise       ; CLOCK_50                     ;
;  VGA_B[5]   ; CLOCK_50                     ; 3.941 ; 3.941 ; Rise       ; CLOCK_50                     ;
;  VGA_B[6]   ; CLOCK_50                     ; 3.949 ; 3.949 ; Rise       ; CLOCK_50                     ;
;  VGA_B[7]   ; CLOCK_50                     ; 3.934 ; 3.934 ; Rise       ; CLOCK_50                     ;
;  VGA_B[8]   ; CLOCK_50                     ; 3.947 ; 3.947 ; Rise       ; CLOCK_50                     ;
;  VGA_B[9]   ; CLOCK_50                     ; 3.908 ; 3.908 ; Rise       ; CLOCK_50                     ;
; VGA_BLANK_N ; CLOCK_50                     ; 4.300 ; 4.300 ; Rise       ; CLOCK_50                     ;
; VGA_CLK     ; CLOCK_50                     ; 3.014 ; 3.014 ; Rise       ; CLOCK_50                     ;
; VGA_G[*]    ; CLOCK_50                     ; 4.010 ; 4.010 ; Rise       ; CLOCK_50                     ;
;  VGA_G[0]   ; CLOCK_50                     ; 4.056 ; 4.056 ; Rise       ; CLOCK_50                     ;
;  VGA_G[1]   ; CLOCK_50                     ; 4.070 ; 4.070 ; Rise       ; CLOCK_50                     ;
;  VGA_G[2]   ; CLOCK_50                     ; 4.121 ; 4.121 ; Rise       ; CLOCK_50                     ;
;  VGA_G[3]   ; CLOCK_50                     ; 4.043 ; 4.043 ; Rise       ; CLOCK_50                     ;
;  VGA_G[4]   ; CLOCK_50                     ; 4.163 ; 4.163 ; Rise       ; CLOCK_50                     ;
;  VGA_G[5]   ; CLOCK_50                     ; 4.174 ; 4.174 ; Rise       ; CLOCK_50                     ;
;  VGA_G[6]   ; CLOCK_50                     ; 4.010 ; 4.010 ; Rise       ; CLOCK_50                     ;
;  VGA_G[7]   ; CLOCK_50                     ; 4.033 ; 4.033 ; Rise       ; CLOCK_50                     ;
;  VGA_G[8]   ; CLOCK_50                     ; 4.059 ; 4.059 ; Rise       ; CLOCK_50                     ;
;  VGA_G[9]   ; CLOCK_50                     ; 4.052 ; 4.052 ; Rise       ; CLOCK_50                     ;
; VGA_HS      ; CLOCK_50                     ; 4.462 ; 4.462 ; Rise       ; CLOCK_50                     ;
; VGA_R[*]    ; CLOCK_50                     ; 4.049 ; 4.049 ; Rise       ; CLOCK_50                     ;
;  VGA_R[0]   ; CLOCK_50                     ; 4.277 ; 4.277 ; Rise       ; CLOCK_50                     ;
;  VGA_R[1]   ; CLOCK_50                     ; 4.181 ; 4.181 ; Rise       ; CLOCK_50                     ;
;  VGA_R[2]   ; CLOCK_50                     ; 4.222 ; 4.222 ; Rise       ; CLOCK_50                     ;
;  VGA_R[3]   ; CLOCK_50                     ; 4.146 ; 4.146 ; Rise       ; CLOCK_50                     ;
;  VGA_R[4]   ; CLOCK_50                     ; 4.176 ; 4.176 ; Rise       ; CLOCK_50                     ;
;  VGA_R[5]   ; CLOCK_50                     ; 4.159 ; 4.159 ; Rise       ; CLOCK_50                     ;
;  VGA_R[6]   ; CLOCK_50                     ; 4.145 ; 4.145 ; Rise       ; CLOCK_50                     ;
;  VGA_R[7]   ; CLOCK_50                     ; 4.153 ; 4.153 ; Rise       ; CLOCK_50                     ;
;  VGA_R[8]   ; CLOCK_50                     ; 4.049 ; 4.049 ; Rise       ; CLOCK_50                     ;
;  VGA_R[9]   ; CLOCK_50                     ; 4.070 ; 4.070 ; Rise       ; CLOCK_50                     ;
; VGA_VS      ; CLOCK_50                     ; 4.136 ; 4.136 ; Rise       ; CLOCK_50                     ;
; VGA_CLK     ; CLOCK_50                     ; 3.014 ; 3.014 ; Fall       ; CLOCK_50                     ;
; HEX0[*]     ; Game_Clock:clk_gen|game_tick ; 5.064 ; 5.064 ; Rise       ; Game_Clock:clk_gen|game_tick ;
;  HEX0[0]    ; Game_Clock:clk_gen|game_tick ; 5.200 ; 5.200 ; Rise       ; Game_Clock:clk_gen|game_tick ;
;  HEX0[1]    ; Game_Clock:clk_gen|game_tick ; 5.174 ; 5.174 ; Rise       ; Game_Clock:clk_gen|game_tick ;
;  HEX0[2]    ; Game_Clock:clk_gen|game_tick ; 5.182 ; 5.182 ; Rise       ; Game_Clock:clk_gen|game_tick ;
;  HEX0[3]    ; Game_Clock:clk_gen|game_tick ; 5.083 ; 5.083 ; Rise       ; Game_Clock:clk_gen|game_tick ;
;  HEX0[4]    ; Game_Clock:clk_gen|game_tick ; 5.093 ; 5.093 ; Rise       ; Game_Clock:clk_gen|game_tick ;
;  HEX0[5]    ; Game_Clock:clk_gen|game_tick ; 5.071 ; 5.071 ; Rise       ; Game_Clock:clk_gen|game_tick ;
;  HEX0[6]    ; Game_Clock:clk_gen|game_tick ; 5.064 ; 5.064 ; Rise       ; Game_Clock:clk_gen|game_tick ;
; HEX1[*]     ; Game_Clock:clk_gen|game_tick ; 6.584 ; 6.584 ; Rise       ; Game_Clock:clk_gen|game_tick ;
;  HEX1[0]    ; Game_Clock:clk_gen|game_tick ; 6.719 ; 6.719 ; Rise       ; Game_Clock:clk_gen|game_tick ;
;  HEX1[1]    ; Game_Clock:clk_gen|game_tick ; 6.712 ; 6.712 ; Rise       ; Game_Clock:clk_gen|game_tick ;
;  HEX1[2]    ; Game_Clock:clk_gen|game_tick ; 6.608 ; 6.608 ; Rise       ; Game_Clock:clk_gen|game_tick ;
;  HEX1[3]    ; Game_Clock:clk_gen|game_tick ; 6.594 ; 6.594 ; Rise       ; Game_Clock:clk_gen|game_tick ;
;  HEX1[4]    ; Game_Clock:clk_gen|game_tick ; 6.600 ; 6.600 ; Rise       ; Game_Clock:clk_gen|game_tick ;
;  HEX1[5]    ; Game_Clock:clk_gen|game_tick ; 6.584 ; 6.584 ; Rise       ; Game_Clock:clk_gen|game_tick ;
;  HEX1[6]    ; Game_Clock:clk_gen|game_tick ; 6.601 ; 6.601 ; Rise       ; Game_Clock:clk_gen|game_tick ;
; LEDR[*]     ; Game_Clock:clk_gen|game_tick ; 4.773 ; 4.773 ; Rise       ; Game_Clock:clk_gen|game_tick ;
;  LEDR[1]    ; Game_Clock:clk_gen|game_tick ; 4.882 ; 4.882 ; Rise       ; Game_Clock:clk_gen|game_tick ;
;  LEDR[2]    ; Game_Clock:clk_gen|game_tick ; 4.773 ; 4.773 ; Rise       ; Game_Clock:clk_gen|game_tick ;
;  LEDR[3]    ; Game_Clock:clk_gen|game_tick ; 4.810 ; 4.810 ; Rise       ; Game_Clock:clk_gen|game_tick ;
;  LEDR[4]    ; Game_Clock:clk_gen|game_tick ; 4.781 ; 4.781 ; Rise       ; Game_Clock:clk_gen|game_tick ;
+-------------+------------------------------+-------+-------+------------+------------------------------+


+-------------------------------------------------------------------------------------------------------------+
; Setup Transfers                                                                                             ;
+------------------------------+------------------------------+--------------+----------+----------+----------+
; From Clock                   ; To Clock                     ; RR Paths     ; FR Paths ; RF Paths ; FF Paths ;
+------------------------------+------------------------------+--------------+----------+----------+----------+
; CLOCK_50                     ; CLOCK_50                     ; > 2147483647 ; 0        ; 0        ; 0        ;
; Game_Clock:clk_gen|game_tick ; CLOCK_50                     ; 13531        ; 1        ; 0        ; 0        ;
; CLOCK_50                     ; Game_Clock:clk_gen|game_tick ; 1119         ; 0        ; 0        ; 0        ;
; Game_Clock:clk_gen|game_tick ; Game_Clock:clk_gen|game_tick ; 15901        ; 0        ; 0        ; 0        ;
; PS2_CLK                      ; Game_Clock:clk_gen|game_tick ; 0            ; 59       ; 0        ; 0        ;
; PS2_CLK                      ; PS2_CLK                      ; 0            ; 0        ; 0        ; 189      ;
+------------------------------+------------------------------+--------------+----------+----------+----------+
Entries labeled "false path" only account for clock-to-clock false paths and not path-based false paths. As a result, actual path counts may be lower than reported.


+-------------------------------------------------------------------------------------------------------------+
; Hold Transfers                                                                                              ;
+------------------------------+------------------------------+--------------+----------+----------+----------+
; From Clock                   ; To Clock                     ; RR Paths     ; FR Paths ; RF Paths ; FF Paths ;
+------------------------------+------------------------------+--------------+----------+----------+----------+
; CLOCK_50                     ; CLOCK_50                     ; > 2147483647 ; 0        ; 0        ; 0        ;
; Game_Clock:clk_gen|game_tick ; CLOCK_50                     ; 13531        ; 1        ; 0        ; 0        ;
; CLOCK_50                     ; Game_Clock:clk_gen|game_tick ; 1119         ; 0        ; 0        ; 0        ;
; Game_Clock:clk_gen|game_tick ; Game_Clock:clk_gen|game_tick ; 15901        ; 0        ; 0        ; 0        ;
; PS2_CLK                      ; Game_Clock:clk_gen|game_tick ; 0            ; 59       ; 0        ; 0        ;
; PS2_CLK                      ; PS2_CLK                      ; 0            ; 0        ; 0        ; 189      ;
+------------------------------+------------------------------+--------------+----------+----------+----------+
Entries labeled "false path" only account for clock-to-clock false paths and not path-based false paths. As a result, actual path counts may be lower than reported.


---------------
; Report TCCS ;
---------------
No dedicated SERDES Transmitter circuitry present in device or used in design


---------------
; Report RSKM ;
---------------
No dedicated SERDES Receiver circuitry present in device or used in design


+------------------------------------------------+
; Unconstrained Paths                            ;
+---------------------------------+-------+------+
; Property                        ; Setup ; Hold ;
+---------------------------------+-------+------+
; Illegal Clocks                  ; 0     ; 0    ;
; Unconstrained Clocks            ; 0     ; 0    ;
; Unconstrained Input Ports       ; 3     ; 3    ;
; Unconstrained Input Port Paths  ; 11    ; 11   ;
; Unconstrained Output Ports      ; 52    ; 52   ;
; Unconstrained Output Port Paths ; 143   ; 143  ;
+---------------------------------+-------+------+


+------------------------------------+
; TimeQuest Timing Analyzer Messages ;
+------------------------------------+
Info: *******************************************************************
Info: Running Quartus II 64-Bit TimeQuest Timing Analyzer
    Info: Version 13.0.1 Build 232 06/12/2013 Service Pack 1 SJ Web Edition
    Info: Processing started: Thu May 28 23:41:08 2026
Info: Command: quartus_sta Snake_Top -c Snake_Top
Info: qsta_default_script.tcl version: #1
Info (11104): Parallel Compilation has detected 12 hyper-threaded processors. However, the extra hyper-threaded processors will not be used by default. Parallel Compilation will use 8 of the 8 physical processors detected instead.
Info (21077): Low junction temperature is 0 degrees C
Info (21077): High junction temperature is 85 degrees C
Critical Warning (332012): Synopsys Design Constraints File file not found: 'Snake_Top.sdc'. A Synopsys Design Constraints File is required by the TimeQuest Timing Analyzer to get proper timing constraints. Without it, the Compiler will not properly optimize the design.
Info (332142): No user constrained base clocks found in the design. Calling "derive_clocks -period 1.0"
Info (332105): Deriving Clocks
    Info (332105): create_clock -period 1.000 -name CLOCK_50 CLOCK_50
    Info (332105): create_clock -period 1.000 -name Game_Clock:clk_gen|game_tick Game_Clock:clk_gen|game_tick
    Info (332105): create_clock -period 1.000 -name PS2_CLK PS2_CLK
Info: Found TIMEQUEST_REPORT_SCRIPT_INCLUDE_DEFAULT_ANALYSIS = ON
Info: Analyzing Slow Model
Critical Warning (332148): Timing requirements not met
Info (332146): Worst-case setup slack is -19.459
    Info (332119):     Slack End Point TNS Clock 
    Info (332119): ========= ============= =====================
    Info (332119):   -19.459      -836.108 CLOCK_50 
    Info (332119):    -8.048     -4547.069 Game_Clock:clk_gen|game_tick 
    Info (332119):    -2.033       -17.690 PS2_CLK 
Info (332146): Worst-case hold slack is -2.530
    Info (332119):     Slack End Point TNS Clock 
    Info (332119): ========= ============= =====================
    Info (332119):    -2.530        -2.530 CLOCK_50 
    Info (332119):     0.213         0.000 Game_Clock:clk_gen|game_tick 
    Info (332119):     0.391         0.000 PS2_CLK 
Info (332140): No Recovery paths to report
Info (332140): No Removal paths to report
Info (332146): Worst-case minimum pulse width slack is -1.380
    Info (332119):     Slack End Point TNS Clock 
    Info (332119): ========= ============= =====================
    Info (332119):    -1.380      -113.380 CLOCK_50 
    Info (332119):    -1.222       -19.222 PS2_CLK 
    Info (332119):    -0.500     -2452.000 Game_Clock:clk_gen|game_tick 
Info (332001): The selected device family is not supported by the report_metastability command.
Info: Analyzing Fast Model
Critical Warning (332148): Timing requirements not met
Info (332146): Worst-case setup slack is -7.808
    Info (332119):     Slack End Point TNS Clock 
    Info (332119): ========= ============= =====================
    Info (332119):    -7.808      -310.118 CLOCK_50 
    Info (332119):    -3.090     -1070.080 Game_Clock:clk_gen|game_tick 
    Info (332119):    -0.454        -2.036 PS2_CLK 
Info (332146): Worst-case hold slack is -1.575
    Info (332119):     Slack End Point TNS Clock 
    Info (332119): ========= ============= =====================
    Info (332119):    -1.575        -1.575 CLOCK_50 
    Info (332119):     0.145         0.000 Game_Clock:clk_gen|game_tick 
    Info (332119):     0.215         0.000 PS2_CLK 
Info (332140): No Recovery paths to report
Info (332140): No Removal paths to report
Info (332146): Worst-case minimum pulse width slack is -1.380
    Info (332119):     Slack End Point TNS Clock 
    Info (332119): ========= ============= =====================
    Info (332119):    -1.380      -113.380 CLOCK_50 
    Info (332119):    -1.222       -19.222 PS2_CLK 
    Info (332119):    -0.500     -2452.000 Game_Clock:clk_gen|game_tick 
Info (332001): The selected device family is not supported by the report_metastability command.
Info (332102): Design is not fully constrained for setup requirements
Info (332102): Design is not fully constrained for hold requirements
Info: Quartus II 64-Bit TimeQuest Timing Analyzer was successful. 0 errors, 3 warnings
    Info: Peak virtual memory: 4700 megabytes
    Info: Processing ended: Thu May 28 23:41:10 2026
    Info: Elapsed time: 00:00:02
    Info: Total CPU time (on all processors): 00:00:00


