Fitter report for Snake_Top
Thu May 28 23:41:04 2026
Quartus II 64-Bit Version 13.0.1 Build 232 06/12/2013 Service Pack 1 SJ Web Edition


---------------------
; Table of Contents ;
---------------------
  1. Legal Notice
  2. Fitter Summary
  3. Fitter Settings
  4. Parallel Compilation
  5. Incremental Compilation Preservation Summary
  6. Incremental Compilation Partition Settings
  7. Incremental Compilation Placement Preservation
  8. Pin-Out File
  9. Fitter Resource Usage Summary
 10. Fitter Partition Statistics
 11. Input Pins
 12. Output Pins
 13. I/O Bank Usage
 14. All Package Pins
 15. Output Pin Default Load For Reported TCO
 16. Fitter Resource Utilization by Entity
 17. Delay Chain Summary
 18. Pad To Core Delay Chain Fanout
 19. Control Signals
 20. Global & Other Fast Signals
 21. Non-Global High Fan-Out Signals
 22. Other Routing Usage Summary
 23. LAB Logic Elements
 24. LAB-wide Signals
 25. LAB Signals Sourced
 26. LAB Signals Sourced Out
 27. LAB Distinct Inputs
 28. Fitter Device Options
 29. Operating Settings and Conditions
 30. Fitter Messages
 31. Fitter Suppressed Messages



----------------
; Legal Notice ;
----------------
Copyright (C) 1991-2013 Altera Corporation
Your use of Altera Corporation's design tools, logic functions 
and other software and tools, and its AMPP partner logic 
functions, and any output files from any of the foregoing 
(including device programming or simulation files), and any 
associated documentation or information are expressly subject 
to the terms and conditions of the Altera Program License 
Subscription Agreement, Altera MegaCore Function License 
Agreement, or other applicable license agreement, including, 
without limitation, that your use is for the sole purpose of 
programming logic devices manufactured by Altera and sold by 
Altera or its authorized distributors.  Please refer to the 
applicable agreement for further details.



+--------------------------------------------------------------------------------------+
; Fitter Summary                                                                       ;
+------------------------------------+-------------------------------------------------+
; Fitter Status                      ; Successful - Thu May 28 23:41:04 2026           ;
; Quartus II 64-Bit Version          ; 13.0.1 Build 232 06/12/2013 SP 1 SJ Web Edition ;
; Revision Name                      ; Snake_Top                                       ;
; Top-level Entity Name              ; Snake_Top                                       ;
; Family                             ; Cyclone II                                      ;
; Device                             ; EP2C35F672C6                                    ;
; Timing Models                      ; Final                                           ;
; Total logic elements               ; 7,465 / 33,216 ( 22 % )                         ;
;     Total combinational functions  ; 6,531 / 33,216 ( 20 % )                         ;
;     Dedicated logic registers      ; 2,582 / 33,216 ( 8 % )                          ;
; Total registers                    ; 2582                                            ;
; Total pins                         ; 63 / 475 ( 13 % )                               ;
; Total virtual pins                 ; 0                                               ;
; Total memory bits                  ; 0 / 483,840 ( 0 % )                             ;
; Embedded Multiplier 9-bit elements ; 0 / 70 ( 0 % )                                  ;
; Total PLLs                         ; 0 / 4 ( 0 % )                                   ;
+------------------------------------+-------------------------------------------------+


+----------------------------------------------------------------------------------------------------------------------------------------------+
; Fitter Settings                                                                                                                              ;
+----------------------------------------------------------------------------+--------------------------------+--------------------------------+
; Option                                                                     ; Setting                        ; Default Value                  ;
+----------------------------------------------------------------------------+--------------------------------+--------------------------------+
; Device                                                                     ; EP2C35F672C6                   ;                                ;
; Minimum Core Junction Temperature                                          ; 0                              ;                                ;
; Maximum Core Junction Temperature                                          ; 85                             ;                                ;
; Fit Attempts to Skip                                                       ; 0                              ; 0.0                            ;
; Device I/O Standard                                                        ; 3.3-V LVTTL                    ;                                ;
; Use smart compilation                                                      ; Off                            ; Off                            ;
; Enable parallel Assembler and TimeQuest Timing Analyzer during compilation ; On                             ; On                             ;
; Enable compact report table                                                ; Off                            ; Off                            ;
; Auto Merge PLLs                                                            ; On                             ; On                             ;
; Ignore PLL Mode When Merging PLLs                                          ; Off                            ; Off                            ;
; Router Timing Optimization Level                                           ; Normal                         ; Normal                         ;
; Placement Effort Multiplier                                                ; 1.0                            ; 1.0                            ;
; Router Effort Multiplier                                                   ; 1.0                            ; 1.0                            ;
; Always Enable Input Buffers                                                ; Off                            ; Off                            ;
; Optimize Hold Timing                                                       ; IO Paths and Minimum TPD Paths ; IO Paths and Minimum TPD Paths ;
; Optimize Multi-Corner Timing                                               ; On                             ; On                             ;
; PowerPlay Power Optimization                                               ; Normal compilation             ; Normal compilation             ;
; Optimize Timing                                                            ; Normal compilation             ; Normal compilation             ;
; Optimize Timing for ECOs                                                   ; Off                            ; Off                            ;
; Regenerate full fit report during ECO compiles                             ; Off                            ; Off                            ;
; Optimize IOC Register Placement for Timing                                 ; Normal                         ; Normal                         ;
; Limit to One Fitting Attempt                                               ; Off                            ; Off                            ;
; Final Placement Optimizations                                              ; Automatically                  ; Automatically                  ;
; Fitter Aggressive Routability Optimizations                                ; Automatically                  ; Automatically                  ;
; Fitter Initial Placement Seed                                              ; 1                              ; 1                              ;
; PCI I/O                                                                    ; Off                            ; Off                            ;
; Weak Pull-Up Resistor                                                      ; Off                            ; Off                            ;
; Enable Bus-Hold Circuitry                                                  ; Off                            ; Off                            ;
; Auto Global Memory Control Signals                                         ; Off                            ; Off                            ;
; Auto Packed Registers                                                      ; Auto                           ; Auto                           ;
; Auto Delay Chains                                                          ; On                             ; On                             ;
; Auto Delay Chains for High Fanout Input Pins                               ; Off                            ; Off                            ;
; Perform Physical Synthesis for Combinational Logic for Fitting             ; Off                            ; Off                            ;
; Perform Physical Synthesis for Combinational Logic for Performance         ; Off                            ; Off                            ;
; Perform Register Duplication for Performance                               ; Off                            ; Off                            ;
; Perform Logic to Memory Mapping for Fitting                                ; Off                            ; Off                            ;
; Perform Register Retiming for Performance                                  ; Off                            ; Off                            ;
; Perform Asynchronous Signal Pipelining                                     ; Off                            ; Off                            ;
; Fitter Effort                                                              ; Auto Fit                       ; Auto Fit                       ;
; Physical Synthesis Effort Level                                            ; Normal                         ; Normal                         ;
; Auto Global Clock                                                          ; On                             ; On                             ;
; Auto Global Register Control Signals                                       ; On                             ; On                             ;
; Force Fitter to Avoid Periphery Placement Warnings                         ; Off                            ; Off                            ;
+----------------------------------------------------------------------------+--------------------------------+--------------------------------+


+------------------------------------------+
; Parallel Compilation                     ;
+----------------------------+-------------+
; Processors                 ; Number      ;
+----------------------------+-------------+
; Number detected on machine ; 12          ;
; Maximum allowed            ; 8           ;
;                            ;             ;
; Average used               ; 1.53        ;
; Maximum used               ; 8           ;
;                            ;             ;
; Usage by Processor         ; % Time Used ;
;     Processor 1            ; 100.0%      ;
;     Processors 2-4         ;   9.4%      ;
;     Processors 5-8         ;   6.3%      ;
;     Processors 9-12        ;   0.0%      ;
+----------------------------+-------------+


+----------------------------------------------+
; Incremental Compilation Preservation Summary ;
+---------------------+------------------------+
; Type                ; Value                  ;
+---------------------+------------------------+
; Placement (by node) ;                        ;
;     -- Requested    ; 0 / 9181 ( 0.00 % )    ;
;     -- Achieved     ; 0 / 9181 ( 0.00 % )    ;
;                     ;                        ;
; Routing (by net)    ;                        ;
;     -- Requested    ; 0 / 0 ( 0.00 % )       ;
;     -- Achieved     ; 0 / 0 ( 0.00 % )       ;
+---------------------+------------------------+


+----------------------------------------------------------------------------------------------------------------------------------------------------------------------------------------+
; Incremental Compilation Partition Settings                                                                                                                                             ;
+--------------------------------+----------------+-------------------+-------------------------+------------------------+------------------------------+--------------------------------+
; Partition Name                 ; Partition Type ; Netlist Type Used ; Preservation Level Used ; Netlist Type Requested ; Preservation Level Requested ; Contents                       ;
+--------------------------------+----------------+-------------------+-------------------------+------------------------+------------------------------+--------------------------------+
; Top                            ; User-created   ; Source File       ; N/A                     ; Source File            ; N/A                          ;                                ;
; hard_block:auto_generated_inst ; Auto-generated ; Source File       ; N/A                     ; Source File            ; N/A                          ; hard_block:auto_generated_inst ;
+--------------------------------+----------------+-------------------+-------------------------+------------------------+------------------------------+--------------------------------+


+------------------------------------------------------------------------------------------------------------+
; Incremental Compilation Placement Preservation                                                             ;
+--------------------------------+---------+-------------------+-------------------------+-------------------+
; Partition Name                 ; # Nodes ; # Preserved Nodes ; Preservation Level Used ; Netlist Type Used ;
+--------------------------------+---------+-------------------+-------------------------+-------------------+
; Top                            ; 9178    ; 0                 ; N/A                     ; Source File       ;
; hard_block:auto_generated_inst ; 3       ; 0                 ; N/A                     ; Source File       ;
+--------------------------------+---------+-------------------+-------------------------+-------------------+


+--------------+
; Pin-Out File ;
+--------------+
The pin-out file can be found in C:/Users/Gigabyte/OneDrive - University of Information Technology/Máy tính/Project_Final (1)/Project_Final/output_files/Snake_Top.pin.


+-----------------------------------------------------------------------+
; Fitter Resource Usage Summary                                         ;
+---------------------------------------------+-------------------------+
; Resource                                    ; Usage                   ;
+---------------------------------------------+-------------------------+
; Total logic elements                        ; 7,465 / 33,216 ( 22 % ) ;
;     -- Combinational with no register       ; 4883                    ;
;     -- Register only                        ; 934                     ;
;     -- Combinational with a register        ; 1648                    ;
;                                             ;                         ;
; Logic element usage by number of LUT inputs ;                         ;
;     -- 4 input functions                    ; 2126                    ;
;     -- 3 input functions                    ; 2661                    ;
;     -- <=2 input functions                  ; 1744                    ;
;     -- Register only                        ; 934                     ;
;                                             ;                         ;
; Logic elements by mode                      ;                         ;
;     -- normal mode                          ; 2980                    ;
;     -- arithmetic mode                      ; 3551                    ;
;                                             ;                         ;
; Total registers*                            ; 2,582 / 34,593 ( 7 % )  ;
;     -- Dedicated logic registers            ; 2,582 / 33,216 ( 8 % )  ;
;     -- I/O registers                        ; 0 / 1,377 ( 0 % )       ;
;                                             ;                         ;
; Total LABs:  partially or completely used   ; 584 / 2,076 ( 28 % )    ;
; Virtual pins                                ; 0                       ;
; I/O pins                                    ; 63 / 475 ( 13 % )       ;
;     -- Clock pins                           ; 2 / 8 ( 25 % )          ;
;                                             ;                         ;
; Global signals                              ; 2                       ;
; M4Ks                                        ; 0 / 105 ( 0 % )         ;
; Total block memory bits                     ; 0 / 483,840 ( 0 % )     ;
; Total block memory implementation bits      ; 0 / 483,840 ( 0 % )     ;
; Embedded Multiplier 9-bit elements          ; 0 / 70 ( 0 % )          ;
; PLLs                                        ; 0 / 4 ( 0 % )           ;
; Global clocks                               ; 2 / 16 ( 13 % )         ;
; JTAGs                                       ; 0 / 1 ( 0 % )           ;
; ASMI blocks                                 ; 0 / 1 ( 0 % )           ;
; CRC blocks                                  ; 0 / 1 ( 0 % )           ;
; Average interconnect usage (total/H/V)      ; 11% / 10% / 11%         ;
; Peak interconnect usage (total/H/V)         ; 51% / 48% / 55%         ;
; Maximum fan-out                             ; 2452                    ;
; Highest non-global fan-out                  ; 2400                    ;
; Total fan-out                               ; 28032                   ;
; Average fan-out                             ; 2.86                    ;
+---------------------------------------------+-------------------------+
*  Register count does not include registers inside RAM blocks or DSP blocks.



+------------------------------------------------------------------------------------------------------+
; Fitter Partition Statistics                                                                          ;
+---------------------------------------------+-----------------------+--------------------------------+
; Statistic                                   ; Top                   ; hard_block:auto_generated_inst ;
+---------------------------------------------+-----------------------+--------------------------------+
; Difficulty Clustering Region                ; Low                   ; Low                            ;
;                                             ;                       ;                                ;
; Total logic elements                        ; 7465 / 33216 ( 22 % ) ; 0 / 33216 ( 0 % )              ;
;     -- Combinational with no register       ; 4883                  ; 0                              ;
;     -- Register only                        ; 934                   ; 0                              ;
;     -- Combinational with a register        ; 1648                  ; 0                              ;
;                                             ;                       ;                                ;
; Logic element usage by number of LUT inputs ;                       ;                                ;
;     -- 4 input functions                    ; 2126                  ; 0                              ;
;     -- 3 input functions                    ; 2661                  ; 0                              ;
;     -- <=2 input functions                  ; 1744                  ; 0                              ;
;     -- Register only                        ; 934                   ; 0                              ;
;                                             ;                       ;                                ;
; Logic elements by mode                      ;                       ;                                ;
;     -- normal mode                          ; 2980                  ; 0                              ;
;     -- arithmetic mode                      ; 3551                  ; 0                              ;
;                                             ;                       ;                                ;
; Total registers                             ; 2582                  ; 0                              ;
;     -- Dedicated logic registers            ; 2582 / 33216 ( 8 % )  ; 0 / 33216 ( 0 % )              ;
;                                             ;                       ;                                ;
; Total LABs:  partially or completely used   ; 584 / 2076 ( 28 % )   ; 0 / 2076 ( 0 % )               ;
;                                             ;                       ;                                ;
; Virtual pins                                ; 0                     ; 0                              ;
; I/O pins                                    ; 63                    ; 0                              ;
; Embedded Multiplier 9-bit elements          ; 0 / 70 ( 0 % )        ; 0 / 70 ( 0 % )                 ;
; Total memory bits                           ; 0                     ; 0                              ;
; Total RAM block bits                        ; 0                     ; 0                              ;
; Clock control block                         ; 2 / 20 ( 10 % )       ; 0 / 20 ( 0 % )                 ;
;                                             ;                       ;                                ;
; Connections                                 ;                       ;                                ;
;     -- Input Connections                    ; 0                     ; 0                              ;
;     -- Registered Input Connections         ; 0                     ; 0                              ;
;     -- Output Connections                   ; 0                     ; 0                              ;
;     -- Registered Output Connections        ; 0                     ; 0                              ;
;                                             ;                       ;                                ;
; Internal Connections                        ;                       ;                                ;
;     -- Total Connections                    ; 28032                 ; 0                              ;
;     -- Registered Connections               ; 16112                 ; 0                              ;
;                                             ;                       ;                                ;
; External Connections                        ;                       ;                                ;
;     -- Top                                  ; 0                     ; 0                              ;
;     -- hard_block:auto_generated_inst       ; 0                     ; 0                              ;
;                                             ;                       ;                                ;
; Partition Interface                         ;                       ;                                ;
;     -- Input Ports                          ; 4                     ; 0                              ;
;     -- Output Ports                         ; 59                    ; 0                              ;
;     -- Bidir Ports                          ; 0                     ; 0                              ;
;                                             ;                       ;                                ;
; Registered Ports                            ;                       ;                                ;
;     -- Registered Input Ports               ; 0                     ; 0                              ;
;     -- Registered Output Ports              ; 0                     ; 0                              ;
;                                             ;                       ;                                ;
; Port Connectivity                           ;                       ;                                ;
;     -- Input Ports driven by GND            ; 0                     ; 0                              ;
;     -- Output Ports driven by GND           ; 0                     ; 0                              ;
;     -- Input Ports driven by VCC            ; 0                     ; 0                              ;
;     -- Output Ports driven by VCC           ; 0                     ; 0                              ;
;     -- Input Ports with no Source           ; 0                     ; 0                              ;
;     -- Output Ports with no Source          ; 0                     ; 0                              ;
;     -- Input Ports with no Fanout           ; 0                     ; 0                              ;
;     -- Output Ports with no Fanout          ; 0                     ; 0                              ;
+---------------------------------------------+-----------------------+--------------------------------+


+-----------------------------------------------------------------------------------------------------------------------------------------------------------------------------------------------------------------------------------------------------------------+
; Input Pins                                                                                                                                                                                                                                                      ;
+-----------+-------+----------+--------------+--------------+-------------+-----------------------+--------------------+--------+----------------+---------------+-----------------+----------+--------------+--------------+-------------+----------------------+
; Name      ; Pin # ; I/O Bank ; X coordinate ; Y coordinate ; Cell number ; Combinational Fan-Out ; Registered Fan-Out ; Global ; Input Register ; Power Up High ; PCI I/O Enabled ; Bus Hold ; Weak Pull Up ; I/O Standard ; Termination ; Location assigned by ;
+-----------+-------+----------+--------------+--------------+-------------+-----------------------+--------------------+--------+----------------+---------------+-----------------+----------+--------------+--------------+-------------+----------------------+
; CLOCK_50  ; N2    ; 2        ; 0            ; 18           ; 0           ; 2                     ; 0                  ; yes    ; no             ; no            ; no              ; no       ; Off          ; 3.3-V LVTTL  ; Off         ; User                 ;
; PS2_CLK   ; D26   ; 5        ; 65           ; 31           ; 0           ; 18                    ; 0                  ; no     ; no             ; no            ; no              ; no       ; Off          ; 3.3-V LVTTL  ; Off         ; User                 ;
; PS2_DAT   ; C24   ; 5        ; 65           ; 32           ; 3           ; 8                     ; 0                  ; no     ; no             ; no            ; no              ; no       ; Off          ; 3.3-V LVTTL  ; Off         ; User                 ;
; SW0_RESET ; N25   ; 5        ; 65           ; 19           ; 0           ; 1                     ; 0                  ; no     ; no             ; no            ; no              ; no       ; Off          ; 3.3-V LVTTL  ; Off         ; User                 ;
+-----------+-------+----------+--------------+--------------+-------------+-----------------------+--------------------+--------+----------------+---------------+-----------------+----------+--------------+--------------+-------------+----------------------+


+-------------------------------------------------------------------------------------------------------------------------------------------------------------------------------------------------------------------------------------------------------------------------------------------------------------------------------------------+
; Output Pins                                                                                                                                                                                                                                                                                                                               ;
+-------------+-------+----------+--------------+--------------+-------------+-----------------+------------------------+---------------+-----------------+------------+---------------+----------+--------------+--------------+------------------+-------------+----------------------+------+----------------------+---------------------+
; Name        ; Pin # ; I/O Bank ; X coordinate ; Y coordinate ; Cell number ; Output Register ; Output Enable Register ; Power Up High ; PCI I/O Enabled ; Open Drain ; TRI Primitive ; Bus Hold ; Weak Pull Up ; I/O Standard ; Current Strength ; Termination ; Location assigned by ; Load ; Output Enable Source ; Output Enable Group ;
+-------------+-------+----------+--------------+--------------+-------------+-----------------+------------------------+---------------+-----------------+------------+---------------+----------+--------------+--------------+------------------+-------------+----------------------+------+----------------------+---------------------+
; HEX0[0]     ; AF10  ; 8        ; 24           ; 0            ; 2           ; no              ; no                     ; no            ; no              ; no         ; no            ; no       ; Off          ; 3.3-V LVTTL  ; 24mA             ; Off         ; User                 ; 0 pF ; -                    ; -                   ;
; HEX0[1]     ; AB12  ; 8        ; 24           ; 0            ; 1           ; no              ; no                     ; no            ; no              ; no         ; no            ; no       ; Off          ; 3.3-V LVTTL  ; 24mA             ; Off         ; User                 ; 0 pF ; -                    ; -                   ;
; HEX0[2]     ; AC12  ; 8        ; 24           ; 0            ; 0           ; no              ; no                     ; no            ; no              ; no         ; no            ; no       ; Off          ; 3.3-V LVTTL  ; 24mA             ; Off         ; User                 ; 0 pF ; -                    ; -                   ;
; HEX0[3]     ; AD11  ; 8        ; 27           ; 0            ; 3           ; no              ; no                     ; no            ; no              ; no         ; no            ; no       ; Off          ; 3.3-V LVTTL  ; 24mA             ; Off         ; User                 ; 0 pF ; -                    ; -                   ;
; HEX0[4]     ; AE11  ; 8        ; 27           ; 0            ; 2           ; no              ; no                     ; no            ; no              ; no         ; no            ; no       ; Off          ; 3.3-V LVTTL  ; 24mA             ; Off         ; User                 ; 0 pF ; -                    ; -                   ;
; HEX0[5]     ; V14   ; 8        ; 27           ; 0            ; 1           ; no              ; no                     ; no            ; no              ; no         ; no            ; no       ; Off          ; 3.3-V LVTTL  ; 24mA             ; Off         ; User                 ; 0 pF ; -                    ; -                   ;
; HEX0[6]     ; V13   ; 8        ; 27           ; 0            ; 0           ; no              ; no                     ; no            ; no              ; no         ; no            ; no       ; Off          ; 3.3-V LVTTL  ; 24mA             ; Off         ; User                 ; 0 pF ; -                    ; -                   ;
; HEX1[0]     ; V20   ; 6        ; 65           ; 3            ; 1           ; no              ; no                     ; no            ; no              ; no         ; no            ; no       ; Off          ; 3.3-V LVTTL  ; 24mA             ; Off         ; User                 ; 0 pF ; -                    ; -                   ;
; HEX1[1]     ; V21   ; 6        ; 65           ; 3            ; 0           ; no              ; no                     ; no            ; no              ; no         ; no            ; no       ; Off          ; 3.3-V LVTTL  ; 24mA             ; Off         ; User                 ; 0 pF ; -                    ; -                   ;
; HEX1[2]     ; W21   ; 6        ; 65           ; 4            ; 2           ; no              ; no                     ; no            ; no              ; no         ; no            ; no       ; Off          ; 3.3-V LVTTL  ; 24mA             ; Off         ; User                 ; 0 pF ; -                    ; -                   ;
; HEX1[3]     ; Y22   ; 6        ; 65           ; 4            ; 1           ; no              ; no                     ; no            ; no              ; no         ; no            ; no       ; Off          ; 3.3-V LVTTL  ; 24mA             ; Off         ; User                 ; 0 pF ; -                    ; -                   ;
; HEX1[4]     ; AA24  ; 6        ; 65           ; 4            ; 0           ; no              ; no                     ; no            ; no              ; no         ; no            ; no       ; Off          ; 3.3-V LVTTL  ; 24mA             ; Off         ; User                 ; 0 pF ; -                    ; -                   ;
; HEX1[5]     ; AA23  ; 6        ; 65           ; 5            ; 2           ; no              ; no                     ; no            ; no              ; no         ; no            ; no       ; Off          ; 3.3-V LVTTL  ; 24mA             ; Off         ; User                 ; 0 pF ; -                    ; -                   ;
; HEX1[6]     ; AB24  ; 6        ; 65           ; 5            ; 1           ; no              ; no                     ; no            ; no              ; no         ; no            ; no       ; Off          ; 3.3-V LVTTL  ; 24mA             ; Off         ; User                 ; 0 pF ; -                    ; -                   ;
; LEDR[0]     ; AE23  ; 7        ; 63           ; 0            ; 0           ; no              ; no                     ; no            ; no              ; no         ; no            ; no       ; Off          ; 3.3-V LVTTL  ; 24mA             ; Off         ; User                 ; 0 pF ; -                    ; -                   ;
; LEDR[1]     ; AF23  ; 7        ; 63           ; 0            ; 1           ; no              ; no                     ; no            ; no              ; no         ; no            ; no       ; Off          ; 3.3-V LVTTL  ; 24mA             ; Off         ; User                 ; 0 pF ; -                    ; -                   ;
; LEDR[2]     ; AB21  ; 7        ; 63           ; 0            ; 2           ; no              ; no                     ; no            ; no              ; no         ; no            ; no       ; Off          ; 3.3-V LVTTL  ; 24mA             ; Off         ; User                 ; 0 pF ; -                    ; -                   ;
; LEDR[3]     ; AC22  ; 7        ; 63           ; 0            ; 3           ; no              ; no                     ; no            ; no              ; no         ; no            ; no       ; Off          ; 3.3-V LVTTL  ; 24mA             ; Off         ; User                 ; 0 pF ; -                    ; -                   ;
; LEDR[4]     ; AD22  ; 7        ; 61           ; 0            ; 0           ; no              ; no                     ; no            ; no              ; no         ; no            ; no       ; Off          ; 3.3-V LVTTL  ; 24mA             ; Off         ; User                 ; 0 pF ; -                    ; -                   ;
; LEDR[5]     ; AD23  ; 7        ; 61           ; 0            ; 1           ; no              ; no                     ; no            ; no              ; no         ; no            ; no       ; Off          ; 3.3-V LVTTL  ; 24mA             ; Off         ; User                 ; 0 pF ; -                    ; -                   ;
; LEDR[6]     ; AD21  ; 7        ; 61           ; 0            ; 2           ; no              ; no                     ; no            ; no              ; no         ; no            ; no       ; Off          ; 3.3-V LVTTL  ; 24mA             ; Off         ; User                 ; 0 pF ; -                    ; -                   ;
; LEDR[7]     ; AC21  ; 7        ; 61           ; 0            ; 3           ; no              ; no                     ; no            ; no              ; no         ; no            ; no       ; Off          ; 3.3-V LVTTL  ; 24mA             ; Off         ; User                 ; 0 pF ; -                    ; -                   ;
; LEDR[8]     ; AA14  ; 7        ; 37           ; 0            ; 2           ; no              ; no                     ; no            ; no              ; no         ; no            ; no       ; Off          ; 3.3-V LVTTL  ; 24mA             ; Off         ; User                 ; 0 pF ; -                    ; -                   ;
; LEDR[9]     ; Y13   ; 7        ; 37           ; 0            ; 3           ; no              ; no                     ; no            ; no              ; no         ; no            ; no       ; Off          ; 3.3-V LVTTL  ; 24mA             ; Off         ; User                 ; 0 pF ; -                    ; -                   ;
; VGA_BLANK_N ; D6    ; 3        ; 11           ; 36           ; 2           ; no              ; no                     ; no            ; no              ; no         ; no            ; no       ; Off          ; 3.3-V LVTTL  ; 24mA             ; Off         ; User                 ; 0 pF ; -                    ; -                   ;
; VGA_B[0]    ; J13   ; 3        ; 24           ; 36           ; 1           ; no              ; no                     ; no            ; no              ; no         ; no            ; no       ; Off          ; 3.3-V LVTTL  ; 24mA             ; Off         ; User                 ; 0 pF ; -                    ; -                   ;
; VGA_B[1]    ; J14   ; 3        ; 24           ; 36           ; 0           ; no              ; no                     ; no            ; no              ; no         ; no            ; no       ; Off          ; 3.3-V LVTTL  ; 24mA             ; Off         ; User                 ; 0 pF ; -                    ; -                   ;
; VGA_B[2]    ; F12   ; 3        ; 27           ; 36           ; 3           ; no              ; no                     ; no            ; no              ; no         ; no            ; no       ; Off          ; 3.3-V LVTTL  ; 24mA             ; Off         ; User                 ; 0 pF ; -                    ; -                   ;
; VGA_B[3]    ; G12   ; 3        ; 27           ; 36           ; 2           ; no              ; no                     ; no            ; no              ; no         ; no            ; no       ; Off          ; 3.3-V LVTTL  ; 24mA             ; Off         ; User                 ; 0 pF ; -                    ; -                   ;
; VGA_B[4]    ; J10   ; 3        ; 27           ; 36           ; 1           ; no              ; no                     ; no            ; no              ; no         ; no            ; no       ; Off          ; 3.3-V LVTTL  ; 24mA             ; Off         ; User                 ; 0 pF ; -                    ; -                   ;
; VGA_B[5]    ; J11   ; 3        ; 27           ; 36           ; 0           ; no              ; no                     ; no            ; no              ; no         ; no            ; no       ; Off          ; 3.3-V LVTTL  ; 24mA             ; Off         ; User                 ; 0 pF ; -                    ; -                   ;
; VGA_B[6]    ; C11   ; 3        ; 29           ; 36           ; 3           ; no              ; no                     ; no            ; no              ; no         ; no            ; no       ; Off          ; 3.3-V LVTTL  ; 24mA             ; Off         ; User                 ; 0 pF ; -                    ; -                   ;
; VGA_B[7]    ; B11   ; 3        ; 29           ; 36           ; 2           ; no              ; no                     ; no            ; no              ; no         ; no            ; no       ; Off          ; 3.3-V LVTTL  ; 24mA             ; Off         ; User                 ; 0 pF ; -                    ; -                   ;
; VGA_B[8]    ; C12   ; 3        ; 29           ; 36           ; 1           ; no              ; no                     ; no            ; no              ; no         ; no            ; no       ; Off          ; 3.3-V LVTTL  ; 24mA             ; Off         ; User                 ; 0 pF ; -                    ; -                   ;
; VGA_B[9]    ; B12   ; 3        ; 29           ; 36           ; 0           ; no              ; no                     ; no            ; no              ; no         ; no            ; no       ; Off          ; 3.3-V LVTTL  ; 24mA             ; Off         ; User                 ; 0 pF ; -                    ; -                   ;
; VGA_CLK     ; B8    ; 3        ; 16           ; 36           ; 1           ; no              ; no                     ; no            ; no              ; no         ; no            ; no       ; Off          ; 3.3-V LVTTL  ; 24mA             ; Off         ; User                 ; 0 pF ; -                    ; -                   ;
; VGA_G[0]    ; B9    ; 3        ; 20           ; 36           ; 3           ; no              ; no                     ; no            ; no              ; no         ; no            ; no       ; Off          ; 3.3-V LVTTL  ; 24mA             ; Off         ; User                 ; 0 pF ; -                    ; -                   ;
; VGA_G[1]    ; A9    ; 3        ; 20           ; 36           ; 2           ; no              ; no                     ; no            ; no              ; no         ; no            ; no       ; Off          ; 3.3-V LVTTL  ; 24mA             ; Off         ; User                 ; 0 pF ; -                    ; -                   ;
; VGA_G[2]    ; C10   ; 3        ; 20           ; 36           ; 1           ; no              ; no                     ; no            ; no              ; no         ; no            ; no       ; Off          ; 3.3-V LVTTL  ; 24mA             ; Off         ; User                 ; 0 pF ; -                    ; -                   ;
; VGA_G[3]    ; D10   ; 3        ; 20           ; 36           ; 0           ; no              ; no                     ; no            ; no              ; no         ; no            ; no       ; Off          ; 3.3-V LVTTL  ; 24mA             ; Off         ; User                 ; 0 pF ; -                    ; -                   ;
; VGA_G[4]    ; B10   ; 3        ; 22           ; 36           ; 3           ; no              ; no                     ; no            ; no              ; no         ; no            ; no       ; Off          ; 3.3-V LVTTL  ; 24mA             ; Off         ; User                 ; 0 pF ; -                    ; -                   ;
; VGA_G[5]    ; A10   ; 3        ; 22           ; 36           ; 2           ; no              ; no                     ; no            ; no              ; no         ; no            ; no       ; Off          ; 3.3-V LVTTL  ; 24mA             ; Off         ; User                 ; 0 pF ; -                    ; -                   ;
; VGA_G[6]    ; G11   ; 3        ; 22           ; 36           ; 1           ; no              ; no                     ; no            ; no              ; no         ; no            ; no       ; Off          ; 3.3-V LVTTL  ; 24mA             ; Off         ; User                 ; 0 pF ; -                    ; -                   ;
; VGA_G[7]    ; D11   ; 3        ; 22           ; 36           ; 0           ; no              ; no                     ; no            ; no              ; no         ; no            ; no       ; Off          ; 3.3-V LVTTL  ; 24mA             ; Off         ; User                 ; 0 pF ; -                    ; -                   ;
; VGA_G[8]    ; E12   ; 3        ; 24           ; 36           ; 3           ; no              ; no                     ; no            ; no              ; no         ; no            ; no       ; Off          ; 3.3-V LVTTL  ; 24mA             ; Off         ; User                 ; 0 pF ; -                    ; -                   ;
; VGA_G[9]    ; D12   ; 3        ; 24           ; 36           ; 2           ; no              ; no                     ; no            ; no              ; no         ; no            ; no       ; Off          ; 3.3-V LVTTL  ; 24mA             ; Off         ; User                 ; 0 pF ; -                    ; -                   ;
; VGA_HS      ; A7    ; 3        ; 11           ; 36           ; 0           ; no              ; no                     ; no            ; no              ; no         ; no            ; no       ; Off          ; 3.3-V LVTTL  ; 24mA             ; Off         ; User                 ; 0 pF ; -                    ; -                   ;
; VGA_R[0]    ; C8    ; 3        ; 14           ; 36           ; 2           ; no              ; no                     ; no            ; no              ; no         ; no            ; no       ; Off          ; 3.3-V LVTTL  ; 24mA             ; Off         ; User                 ; 0 pF ; -                    ; -                   ;
; VGA_R[1]    ; F10   ; 3        ; 14           ; 36           ; 1           ; no              ; no                     ; no            ; no              ; no         ; no            ; no       ; Off          ; 3.3-V LVTTL  ; 24mA             ; Off         ; User                 ; 0 pF ; -                    ; -                   ;
; VGA_R[2]    ; G10   ; 3        ; 14           ; 36           ; 0           ; no              ; no                     ; no            ; no              ; no         ; no            ; no       ; Off          ; 3.3-V LVTTL  ; 24mA             ; Off         ; User                 ; 0 pF ; -                    ; -                   ;
; VGA_R[3]    ; D9    ; 3        ; 16           ; 36           ; 3           ; no              ; no                     ; no            ; no              ; no         ; no            ; no       ; Off          ; 3.3-V LVTTL  ; 24mA             ; Off         ; User                 ; 0 pF ; -                    ; -                   ;
; VGA_R[4]    ; C9    ; 3        ; 16           ; 36           ; 2           ; no              ; no                     ; no            ; no              ; no         ; no            ; no       ; Off          ; 3.3-V LVTTL  ; 24mA             ; Off         ; User                 ; 0 pF ; -                    ; -                   ;
; VGA_R[5]    ; A8    ; 3        ; 16           ; 36           ; 0           ; no              ; no                     ; no            ; no              ; no         ; no            ; no       ; Off          ; 3.3-V LVTTL  ; 24mA             ; Off         ; User                 ; 0 pF ; -                    ; -                   ;
; VGA_R[6]    ; H11   ; 3        ; 18           ; 36           ; 3           ; no              ; no                     ; no            ; no              ; no         ; no            ; no       ; Off          ; 3.3-V LVTTL  ; 24mA             ; Off         ; User                 ; 0 pF ; -                    ; -                   ;
; VGA_R[7]    ; H12   ; 3        ; 18           ; 36           ; 2           ; no              ; no                     ; no            ; no              ; no         ; no            ; no       ; Off          ; 3.3-V LVTTL  ; 24mA             ; Off         ; User                 ; 0 pF ; -                    ; -                   ;
; VGA_R[8]    ; F11   ; 3        ; 18           ; 36           ; 1           ; no              ; no                     ; no            ; no              ; no         ; no            ; no       ; Off          ; 3.3-V LVTTL  ; 24mA             ; Off         ; User                 ; 0 pF ; -                    ; -                   ;
; VGA_R[9]    ; E10   ; 3        ; 18           ; 36           ; 0           ; no              ; no                     ; no            ; no              ; no         ; no            ; no       ; Off          ; 3.3-V LVTTL  ; 24mA             ; Off         ; User                 ; 0 pF ; -                    ; -                   ;
; VGA_SYNC_N  ; B7    ; 3        ; 11           ; 36           ; 1           ; no              ; no                     ; no            ; no              ; no         ; no            ; no       ; Off          ; 3.3-V LVTTL  ; 24mA             ; Off         ; User                 ; 0 pF ; -                    ; -                   ;
; VGA_VS      ; D8    ; 3        ; 14           ; 36           ; 3           ; no              ; no                     ; no            ; no              ; no         ; no            ; no       ; Off          ; 3.3-V LVTTL  ; 24mA             ; Off         ; User                 ; 0 pF ; -                    ; -                   ;
+-------------+-------+----------+--------------+--------------+-------------+-----------------+------------------------+---------------+-----------------+------------+---------------+----------+--------------+--------------+------------------+-------------+----------------------+------+----------------------+---------------------+


+------------------------------------------------------------+
; I/O Bank Usage                                             ;
+----------+------------------+---------------+--------------+
; I/O Bank ; Usage            ; VCCIO Voltage ; VREF Voltage ;
+----------+------------------+---------------+--------------+
; 1        ; 0 / 64 ( 0 % )   ; 3.3V          ; --           ;
; 2        ; 3 / 59 ( 5 % )   ; 3.3V          ; --           ;
; 3        ; 35 / 56 ( 63 % ) ; 3.3V          ; --           ;
; 4        ; 0 / 58 ( 0 % )   ; 3.3V          ; --           ;
; 5        ; 3 / 65 ( 5 % )   ; 3.3V          ; --           ;
; 6        ; 8 / 59 ( 14 % )  ; 3.3V          ; --           ;
; 7        ; 10 / 58 ( 17 % ) ; 3.3V          ; --           ;
; 8        ; 7 / 56 ( 13 % )  ; 3.3V          ; --           ;
+----------+------------------+---------------+--------------+


+------------------------------------------------------------------------------------------------------------------------------------------------------------------------+
; All Package Pins                                                                                                                                                       ;
+----------+------------+----------+------------------------------------------+--------+--------------+---------+------------+-----------------+----------+--------------+
; Location ; Pad Number ; I/O Bank ; Pin Name/Usage                           ; Dir.   ; I/O Standard ; Voltage ; I/O Type   ; User Assignment ; Bus Hold ; Weak Pull Up ;
+----------+------------+----------+------------------------------------------+--------+--------------+---------+------------+-----------------+----------+--------------+
; A2       ;            ;          ; GND                                      ; gnd    ;              ;         ; --         ;                 ; --       ; --           ;
; A3       ;            ; 3        ; VCCIO3                                   ; power  ;              ; 3.3V    ; --         ;                 ; --       ; --           ;
; A4       ; 484        ; 3        ; GND*                                     ;        ;              ;         ; Column I/O ;                 ; no       ; Off          ;
; A5       ; 482        ; 3        ; GND*                                     ;        ;              ;         ; Column I/O ;                 ; no       ; Off          ;
; A6       ; 479        ; 3        ; GND*                                     ;        ;              ;         ; Column I/O ;                 ; no       ; Off          ;
; A7       ; 465        ; 3        ; VGA_HS                                   ; output ; 3.3-V LVTTL  ;         ; Column I/O ; Y               ; no       ; Off          ;
; A8       ; 457        ; 3        ; VGA_R[5]                                 ; output ; 3.3-V LVTTL  ;         ; Column I/O ; Y               ; no       ; Off          ;
; A9       ; 451        ; 3        ; VGA_G[1]                                 ; output ; 3.3-V LVTTL  ;         ; Column I/O ; Y               ; no       ; Off          ;
; A10      ; 447        ; 3        ; VGA_G[5]                                 ; output ; 3.3-V LVTTL  ;         ; Column I/O ; Y               ; no       ; Off          ;
; A11      ;            ; 3        ; VCCIO3                                   ; power  ;              ; 3.3V    ; --         ;                 ; --       ; --           ;
; A12      ;            ;          ; GND                                      ; gnd    ;              ;         ; --         ;                 ; --       ; --           ;
; A13      ; 430        ; 4        ; GND+                                     ;        ;              ;         ; Column I/O ;                 ; --       ; --           ;
; A14      ; 427        ; 4        ; GND*                                     ;        ;              ;         ; Column I/O ;                 ; no       ; Off          ;
; A15      ;            ;          ; GND                                      ; gnd    ;              ;         ; --         ;                 ; --       ; --           ;
; A16      ;            ; 4        ; VCCIO4                                   ; power  ;              ; 3.3V    ; --         ;                 ; --       ; --           ;
; A17      ; 412        ; 4        ; GND*                                     ;        ;              ;         ; Column I/O ;                 ; no       ; Off          ;
; A18      ; 406        ; 4        ; GND*                                     ;        ;              ;         ; Column I/O ;                 ; no       ; Off          ;
; A19      ; 394        ; 4        ; GND*                                     ;        ;              ;         ; Column I/O ;                 ; no       ; Off          ;
; A20      ; 390        ; 4        ; GND*                                     ;        ;              ;         ; Column I/O ;                 ; no       ; Off          ;
; A21      ; 382        ; 4        ; GND*                                     ;        ;              ;         ; Column I/O ;                 ; no       ; Off          ;
; A22      ; 379        ; 4        ; GND*                                     ;        ;              ;         ; Column I/O ;                 ; no       ; Off          ;
; A23      ; 378        ; 4        ; GND*                                     ;        ;              ;         ; Column I/O ;                 ; no       ; Off          ;
; A24      ;            ; 4        ; VCCIO4                                   ; power  ;              ; 3.3V    ; --         ;                 ; --       ; --           ;
; A25      ;            ;          ; GND                                      ; gnd    ;              ;         ; --         ;                 ; --       ; --           ;
; AA1      ; 107        ; 1        ; GND*                                     ;        ;              ;         ; Row I/O    ;                 ; no       ; Off          ;
; AA2      ; 106        ; 1        ; GND*                                     ;        ;              ;         ; Row I/O    ;                 ; no       ; Off          ;
; AA3      ; 117        ; 1        ; GND*                                     ;        ;              ;         ; Row I/O    ;                 ; no       ; Off          ;
; AA4      ; 116        ; 1        ; GND*                                     ;        ;              ;         ; Row I/O    ;                 ; no       ; Off          ;
; AA5      ; 120        ; 1        ; GND*                                     ;        ;              ;         ; Row I/O    ;                 ; no       ; Off          ;
; AA6      ; 130        ; 1        ; GND*                                     ;        ;              ;         ; Row I/O    ;                 ; no       ; Off          ;
; AA7      ; 129        ; 1        ; GND*                                     ;        ;              ;         ; Row I/O    ;                 ; no       ; Off          ;
; AA8      ;            ;          ; VCCA_PLL1                                ; power  ;              ; 1.2V    ; --         ;                 ; --       ; --           ;
; AA9      ; 152        ; 8        ; GND*                                     ;        ;              ;         ; Column I/O ;                 ; no       ; Off          ;
; AA10     ; 153        ; 8        ; GND*                                     ;        ;              ;         ; Column I/O ;                 ; no       ; Off          ;
; AA11     ; 155        ; 8        ; GND*                                     ;        ;              ;         ; Column I/O ;                 ; no       ; Off          ;
; AA12     ; 179        ; 8        ; GND*                                     ;        ;              ;         ; Column I/O ;                 ; no       ; Off          ;
; AA13     ; 192        ; 7        ; GND*                                     ;        ;              ;         ; Column I/O ;                 ; no       ; Off          ;
; AA14     ; 194        ; 7        ; LEDR[8]                                  ; output ; 3.3-V LVTTL  ;         ; Column I/O ; Y               ; no       ; Off          ;
; AA15     ; 197        ; 7        ; GND*                                     ;        ;              ;         ; Column I/O ;                 ; no       ; Off          ;
; AA16     ; 209        ; 7        ; GND*                                     ;        ;              ;         ; Column I/O ;                 ; no       ; Off          ;
; AA17     ; 219        ; 7        ; GND*                                     ;        ;              ;         ; Column I/O ;                 ; no       ; Off          ;
; AA18     ; 220        ; 7        ; GND*                                     ;        ;              ;         ; Column I/O ;                 ; no       ; Off          ;
; AA19     ;            ;          ; VCCA_PLL4                                ; power  ;              ; 1.2V    ; --         ;                 ; --       ; --           ;
; AA20     ; 230        ; 7        ; GND*                                     ;        ;              ;         ; Column I/O ;                 ; no       ; Off          ;
; AA21     ;            ;          ; GND_PLL4                                 ; gnd    ;              ;         ; --         ;                 ; --       ; --           ;
; AA22     ;            ; 6        ; VCCIO6                                   ; power  ;              ; 3.3V    ; --         ;                 ; --       ; --           ;
; AA23     ; 256        ; 6        ; HEX1[5]                                  ; output ; 3.3-V LVTTL  ;         ; Row I/O    ; Y               ; no       ; Off          ;
; AA24     ; 255        ; 6        ; HEX1[4]                                  ; output ; 3.3-V LVTTL  ;         ; Row I/O    ; Y               ; no       ; Off          ;
; AA25     ; 266        ; 6        ; GND*                                     ;        ;              ;         ; Row I/O    ;                 ; no       ; Off          ;
; AA26     ; 267        ; 6        ; GND*                                     ;        ;              ;         ; Row I/O    ;                 ; no       ; Off          ;
; AB1      ; 115        ; 1        ; GND*                                     ;        ;              ;         ; Row I/O    ;                 ; no       ; Off          ;
; AB2      ; 114        ; 1        ; GND*                                     ;        ;              ;         ; Row I/O    ;                 ; no       ; Off          ;
; AB3      ; 126        ; 1        ; GND*                                     ;        ;              ;         ; Row I/O    ;                 ; no       ; Off          ;
; AB4      ; 127        ; 1        ; GND*                                     ;        ;              ;         ; Row I/O    ;                 ; no       ; Off          ;
; AB5      ;            ; 1        ; VCCIO1                                   ; power  ;              ; 3.3V    ; --         ;                 ; --       ; --           ;
; AB6      ;            ; 8        ; VCCIO8                                   ; power  ;              ; 3.3V    ; --         ;                 ; --       ; --           ;
; AB7      ;            ;          ; GND                                      ; gnd    ;              ;         ; --         ;                 ; --       ; --           ;
; AB8      ; 147        ; 8        ; GND*                                     ;        ;              ;         ; Column I/O ;                 ; no       ; Off          ;
; AB9      ;            ; 8        ; VCCIO8                                   ; power  ;              ; 3.3V    ; --         ;                 ; --       ; --           ;
; AB10     ; 154        ; 8        ; GND*                                     ;        ;              ;         ; Column I/O ;                 ; no       ; Off          ;
; AB11     ;            ;          ; GND                                      ; gnd    ;              ;         ; --         ;                 ; --       ; --           ;
; AB12     ; 171        ; 8        ; HEX0[1]                                  ; output ; 3.3-V LVTTL  ;         ; Column I/O ; Y               ; no       ; Off          ;
; AB13     ;            ; 8        ; VCCIO8                                   ; power  ;              ; 3.3V    ; --         ;                 ; --       ; --           ;
; AB14     ;            ; 7        ; VCCIO7                                   ; power  ;              ; 3.3V    ; --         ;                 ; --       ; --           ;
; AB15     ; 198        ; 7        ; GND*                                     ;        ;              ;         ; Column I/O ;                 ; no       ; Off          ;
; AB16     ;            ;          ; GND                                      ; gnd    ;              ;         ; --         ;                 ; --       ; --           ;
; AB17     ;            ; 7        ; VCCIO7                                   ; power  ;              ; 3.3V    ; --         ;                 ; --       ; --           ;
; AB18     ; 215        ; 7        ; GND*                                     ;        ;              ;         ; Column I/O ;                 ; no       ; Off          ;
; AB19     ;            ;          ; GND                                      ; gnd    ;              ;         ; --         ;                 ; --       ; --           ;
; AB20     ; 225        ; 7        ; GND*                                     ;        ;              ;         ; Column I/O ;                 ; no       ; Off          ;
; AB21     ; 242        ; 7        ; LEDR[2]                                  ; output ; 3.3-V LVTTL  ;         ; Column I/O ; Y               ; no       ; Off          ;
; AB22     ;            ; 7        ; VCCIO7                                   ; power  ;              ; 3.3V    ; --         ;                 ; --       ; --           ;
; AB23     ; 258        ; 6        ; GND*                                     ;        ;              ;         ; Row I/O    ;                 ; no       ; Off          ;
; AB24     ; 257        ; 6        ; HEX1[6]                                  ; output ; 3.3-V LVTTL  ;         ; Row I/O    ; Y               ; no       ; Off          ;
; AB25     ; 263        ; 6        ; GND*                                     ;        ;              ;         ; Row I/O    ;                 ; no       ; Off          ;
; AB26     ; 262        ; 6        ; GND*                                     ;        ;              ;         ; Row I/O    ;                 ; no       ; Off          ;
; AC1      ; 119        ; 1        ; GND*                                     ;        ;              ;         ; Row I/O    ;                 ; no       ; Off          ;
; AC2      ; 118        ; 1        ; GND*                                     ;        ;              ;         ; Row I/O    ;                 ; no       ; Off          ;
; AC3      ; 128        ; 1        ; GND*                                     ;        ;              ;         ; Row I/O    ;                 ; no       ; Off          ;
; AC4      ;            ;          ; GND                                      ; gnd    ;              ;         ; --         ;                 ; --       ; --           ;
; AC5      ; 133        ; 8        ; GND*                                     ;        ;              ;         ; Column I/O ;                 ; no       ; Off          ;
; AC6      ; 134        ; 8        ; GND*                                     ;        ;              ;         ; Column I/O ;                 ; no       ; Off          ;
; AC7      ; 143        ; 8        ; GND*                                     ;        ;              ;         ; Column I/O ;                 ; --       ; --           ;
; AC8      ; 148        ; 8        ; GND*                                     ;        ;              ;         ; Column I/O ;                 ; no       ; Off          ;
; AC9      ; 163        ; 8        ; GND*                                     ;        ;              ;         ; Column I/O ;                 ; no       ; Off          ;
; AC10     ; 164        ; 8        ; GND*                                     ;        ;              ;         ; Column I/O ;                 ; no       ; Off          ;
; AC11     ; 168        ; 8        ; GND*                                     ;        ;              ;         ; Column I/O ;                 ; no       ; Off          ;
; AC12     ; 172        ; 8        ; HEX0[2]                                  ; output ; 3.3-V LVTTL  ;         ; Column I/O ; Y               ; no       ; Off          ;
; AC13     ; 185        ; 8        ; GND+                                     ;        ;              ;         ; Column I/O ;                 ; --       ; --           ;
; AC14     ; 191        ; 7        ; GND*                                     ;        ;              ;         ; Column I/O ;                 ; no       ; Off          ;
; AC15     ; 199        ; 7        ; GND*                                     ;        ;              ;         ; Column I/O ;                 ; no       ; Off          ;
; AC16     ; 202        ; 7        ; GND*                                     ;        ;              ;         ; Column I/O ;                 ; --       ; --           ;
; AC17     ; 207        ; 7        ; GND*                                     ;        ;              ;         ; Column I/O ;                 ; no       ; Off          ;
; AC18     ; 216        ; 7        ; GND*                                     ;        ;              ;         ; Column I/O ;                 ; no       ; Off          ;
; AC19     ; 222        ; 7        ; GND*                                     ;        ;              ;         ; Column I/O ;                 ; no       ; Off          ;
; AC20     ; 226        ; 7        ; GND*                                     ;        ;              ;         ; Column I/O ;                 ; no       ; Off          ;
; AC21     ; 237        ; 7        ; LEDR[7]                                  ; output ; 3.3-V LVTTL  ;         ; Column I/O ; Y               ; no       ; Off          ;
; AC22     ; 241        ; 7        ; LEDR[3]                                  ; output ; 3.3-V LVTTL  ;         ; Column I/O ; Y               ; no       ; Off          ;
; AC23     ; 245        ; 6        ; GND*                                     ;        ;              ;         ; Row I/O    ;                 ; no       ; Off          ;
; AC24     ;            ;          ; NC                                       ;        ;              ;         ; --         ;                 ; --       ; --           ;
; AC25     ; 260        ; 6        ; GND*                                     ;        ;              ;         ; Row I/O    ;                 ; no       ; Off          ;
; AC26     ; 261        ; 6        ; GND*                                     ;        ;              ;         ; Row I/O    ;                 ; no       ; Off          ;
; AD1      ;            ; 1        ; VCCIO1                                   ; power  ;              ; 3.3V    ; --         ;                 ; --       ; --           ;
; AD2      ; 122        ; 1        ; GND*                                     ;        ;              ;         ; Row I/O    ;                 ; no       ; Off          ;
; AD3      ; 123        ; 1        ; GND*                                     ;        ;              ;         ; Row I/O    ;                 ; no       ; Off          ;
; AD4      ; 135        ; 8        ; GND*                                     ;        ;              ;         ; Column I/O ;                 ; no       ; Off          ;
; AD5      ; 136        ; 8        ; GND*                                     ;        ;              ;         ; Column I/O ;                 ; no       ; Off          ;
; AD6      ; 139        ; 8        ; GND*                                     ;        ;              ;         ; Column I/O ;                 ; no       ; Off          ;
; AD7      ; 140        ; 8        ; GND*                                     ;        ;              ;         ; Column I/O ;                 ; no       ; Off          ;
; AD8      ; 149        ; 8        ; GND*                                     ;        ;              ;         ; Column I/O ;                 ; no       ; Off          ;
; AD9      ;            ;          ; GND                                      ; gnd    ;              ;         ; --         ;                 ; --       ; --           ;
; AD10     ; 167        ; 8        ; GND*                                     ;        ;              ;         ; Column I/O ;                 ; no       ; Off          ;
; AD11     ; 173        ; 8        ; HEX0[3]                                  ; output ; 3.3-V LVTTL  ;         ; Column I/O ; Y               ; no       ; Off          ;
; AD12     ; 181        ; 8        ; GND*                                     ;        ;              ;         ; Column I/O ;                 ; no       ; Off          ;
; AD13     ; 186        ; 8        ; GND+                                     ;        ;              ;         ; Column I/O ;                 ; --       ; --           ;
; AD14     ;            ;          ; GND                                      ; gnd    ;              ;         ; --         ;                 ; --       ; --           ;
; AD15     ; 190        ; 7        ; GND*                                     ;        ;              ;         ; Column I/O ;                 ; no       ; Off          ;
; AD16     ; 201        ; 7        ; GND*                                     ;        ;              ;         ; Column I/O ;                 ; no       ; Off          ;
; AD17     ; 208        ; 7        ; GND*                                     ;        ;              ;         ; Column I/O ;                 ; no       ; Off          ;
; AD18     ;            ;          ; GND                                      ; gnd    ;              ;         ; --         ;                 ; --       ; --           ;
; AD19     ; 221        ; 7        ; GND*                                     ;        ;              ;         ; Column I/O ;                 ; no       ; Off          ;
; AD20     ;            ; 7        ; VCCIO7                                   ; power  ;              ; 3.3V    ; --         ;                 ; --       ; --           ;
; AD21     ; 238        ; 7        ; LEDR[6]                                  ; output ; 3.3-V LVTTL  ;         ; Column I/O ; Y               ; no       ; Off          ;
; AD22     ; 240        ; 7        ; LEDR[4]                                  ; output ; 3.3-V LVTTL  ;         ; Column I/O ; Y               ; no       ; Off          ;
; AD23     ; 239        ; 7        ; LEDR[5]                                  ; output ; 3.3-V LVTTL  ;         ; Column I/O ; Y               ; no       ; Off          ;
; AD24     ; 249        ; 6        ; GND*                                     ;        ;              ;         ; Row I/O    ;                 ; no       ; Off          ;
; AD25     ; 248        ; 6        ; GND*                                     ;        ;              ;         ; Row I/O    ;                 ; no       ; Off          ;
; AD26     ;            ; 6        ; VCCIO6                                   ; power  ;              ; 3.3V    ; --         ;                 ; --       ; --           ;
; AE1      ;            ;          ; GND                                      ; gnd    ;              ;         ; --         ;                 ; --       ; --           ;
; AE2      ; 124        ; 1        ; GND*                                     ;        ;              ;         ; Row I/O    ;                 ; no       ; Off          ;
; AE3      ; 125        ; 1        ; GND*                                     ;        ;              ;         ; Row I/O    ;                 ; no       ; Off          ;
; AE4      ; 131        ; 8        ; GND*                                     ;        ;              ;         ; Column I/O ;                 ; no       ; Off          ;
; AE5      ; 137        ; 8        ; GND*                                     ;        ;              ;         ; Column I/O ;                 ; no       ; Off          ;
; AE6      ; 150        ; 8        ; GND*                                     ;        ;              ;         ; Column I/O ;                 ; no       ; Off          ;
; AE7      ; 157        ; 8        ; GND*                                     ;        ;              ;         ; Column I/O ;                 ; no       ; Off          ;
; AE8      ; 159        ; 8        ; GND*                                     ;        ;              ;         ; Column I/O ;                 ; no       ; Off          ;
; AE9      ; 165        ; 8        ; GND*                                     ;        ;              ;         ; Column I/O ;                 ; no       ; Off          ;
; AE10     ; 169        ; 8        ; GND*                                     ;        ;              ;         ; Column I/O ;                 ; no       ; Off          ;
; AE11     ; 174        ; 8        ; HEX0[4]                                  ; output ; 3.3-V LVTTL  ;         ; Column I/O ; Y               ; no       ; Off          ;
; AE12     ; 182        ; 8        ; GND*                                     ;        ;              ;         ; Column I/O ;                 ; no       ; Off          ;
; AE13     ; 183        ; 8        ; GND*                                     ;        ;              ;         ; Column I/O ;                 ; no       ; Off          ;
; AE14     ; 188        ; 7        ; GND+                                     ;        ;              ;         ; Column I/O ;                 ; --       ; --           ;
; AE15     ; 189        ; 7        ; GND*                                     ;        ;              ;         ; Column I/O ;                 ; no       ; Off          ;
; AE16     ; 200        ; 7        ; GND*                                     ;        ;              ;         ; Column I/O ;                 ; no       ; Off          ;
; AE17     ; 206        ; 7        ; GND*                                     ;        ;              ;         ; Column I/O ;                 ; no       ; Off          ;
; AE18     ; 212        ; 7        ; GND*                                     ;        ;              ;         ; Column I/O ;                 ; no       ; Off          ;
; AE19     ; 214        ; 7        ; GND*                                     ;        ;              ;         ; Column I/O ;                 ; no       ; Off          ;
; AE20     ; 224        ; 7        ; GND*                                     ;        ;              ;         ; Column I/O ;                 ; no       ; Off          ;
; AE21     ; 228        ; 7        ; GND*                                     ;        ;              ;         ; Column I/O ;                 ; no       ; Off          ;
; AE22     ; 236        ; 7        ; GND*                                     ;        ;              ;         ; Column I/O ;                 ; no       ; Off          ;
; AE23     ; 244        ; 7        ; LEDR[0]                                  ; output ; 3.3-V LVTTL  ;         ; Column I/O ; Y               ; no       ; Off          ;
; AE24     ; 247        ; 6        ; ~LVDS150p/nCEO~                          ; output ; 3.3-V LVTTL  ;         ; Row I/O    ; N               ; no       ; Off          ;
; AE25     ; 246        ; 6        ; GND*                                     ;        ;              ;         ; Row I/O    ;                 ; no       ; Off          ;
; AE26     ;            ;          ; GND                                      ; gnd    ;              ;         ; --         ;                 ; --       ; --           ;
; AF2      ;            ;          ; GND                                      ; gnd    ;              ;         ; --         ;                 ; --       ; --           ;
; AF3      ;            ; 8        ; VCCIO8                                   ; power  ;              ; 3.3V    ; --         ;                 ; --       ; --           ;
; AF4      ; 132        ; 8        ; GND*                                     ;        ;              ;         ; Column I/O ;                 ; no       ; Off          ;
; AF5      ; 138        ; 8        ; GND*                                     ;        ;              ;         ; Column I/O ;                 ; no       ; Off          ;
; AF6      ; 151        ; 8        ; GND*                                     ;        ;              ;         ; Column I/O ;                 ; no       ; Off          ;
; AF7      ; 158        ; 8        ; GND*                                     ;        ;              ;         ; Column I/O ;                 ; no       ; Off          ;
; AF8      ; 160        ; 8        ; GND*                                     ;        ;              ;         ; Column I/O ;                 ; no       ; Off          ;
; AF9      ; 166        ; 8        ; GND*                                     ;        ;              ;         ; Column I/O ;                 ; no       ; Off          ;
; AF10     ; 170        ; 8        ; HEX0[0]                                  ; output ; 3.3-V LVTTL  ;         ; Column I/O ; Y               ; no       ; Off          ;
; AF11     ;            ; 8        ; VCCIO8                                   ; power  ;              ; 3.3V    ; --         ;                 ; --       ; --           ;
; AF12     ;            ;          ; GND                                      ; gnd    ;              ;         ; --         ;                 ; --       ; --           ;
; AF13     ; 184        ; 8        ; GND*                                     ;        ;              ;         ; Column I/O ;                 ; no       ; Off          ;
; AF14     ; 187        ; 7        ; GND+                                     ;        ;              ;         ; Column I/O ;                 ; --       ; --           ;
; AF15     ;            ;          ; GND                                      ; gnd    ;              ;         ; --         ;                 ; --       ; --           ;
; AF16     ;            ; 7        ; VCCIO7                                   ; power  ;              ; 3.3V    ; --         ;                 ; --       ; --           ;
; AF17     ; 205        ; 7        ; GND*                                     ;        ;              ;         ; Column I/O ;                 ; no       ; Off          ;
; AF18     ; 211        ; 7        ; GND*                                     ;        ;              ;         ; Column I/O ;                 ; no       ; Off          ;
; AF19     ; 213        ; 7        ; GND*                                     ;        ;              ;         ; Column I/O ;                 ; no       ; Off          ;
; AF20     ; 223        ; 7        ; GND*                                     ;        ;              ;         ; Column I/O ;                 ; no       ; Off          ;
; AF21     ; 227        ; 7        ; GND*                                     ;        ;              ;         ; Column I/O ;                 ; no       ; Off          ;
; AF22     ; 235        ; 7        ; GND*                                     ;        ;              ;         ; Column I/O ;                 ; no       ; Off          ;
; AF23     ; 243        ; 7        ; LEDR[1]                                  ; output ; 3.3-V LVTTL  ;         ; Column I/O ; Y               ; no       ; Off          ;
; AF24     ;            ; 7        ; VCCIO7                                   ; power  ;              ; 3.3V    ; --         ;                 ; --       ; --           ;
; AF25     ;            ;          ; GND                                      ; gnd    ;              ;         ; --         ;                 ; --       ; --           ;
; B1       ;            ;          ; GND                                      ; gnd    ;              ;         ; --         ;                 ; --       ; --           ;
; B2       ; 2          ; 2        ; GND*                                     ;        ;              ;         ; Row I/O    ;                 ; no       ; Off          ;
; B3       ; 3          ; 2        ; GND*                                     ;        ;              ;         ; Row I/O    ;                 ; no       ; Off          ;
; B4       ; 483        ; 3        ; GND*                                     ;        ;              ;         ; Column I/O ;                 ; no       ; Off          ;
; B5       ; 481        ; 3        ; GND*                                     ;        ;              ;         ; Column I/O ;                 ; no       ; Off          ;
; B6       ; 480        ; 3        ; GND*                                     ;        ;              ;         ; Column I/O ;                 ; no       ; Off          ;
; B7       ; 466        ; 3        ; VGA_SYNC_N                               ; output ; 3.3-V LVTTL  ;         ; Column I/O ; Y               ; no       ; Off          ;
; B8       ; 458        ; 3        ; VGA_CLK                                  ; output ; 3.3-V LVTTL  ;         ; Column I/O ; Y               ; no       ; Off          ;
; B9       ; 452        ; 3        ; VGA_G[0]                                 ; output ; 3.3-V LVTTL  ;         ; Column I/O ; Y               ; no       ; Off          ;
; B10      ; 448        ; 3        ; VGA_G[4]                                 ; output ; 3.3-V LVTTL  ;         ; Column I/O ; Y               ; no       ; Off          ;
; B11      ; 435        ; 3        ; VGA_B[7]                                 ; output ; 3.3-V LVTTL  ;         ; Column I/O ; Y               ; no       ; Off          ;
; B12      ; 433        ; 3        ; VGA_B[9]                                 ; output ; 3.3-V LVTTL  ;         ; Column I/O ; Y               ; no       ; Off          ;
; B13      ; 429        ; 4        ; GND+                                     ;        ;              ;         ; Column I/O ;                 ; --       ; --           ;
; B14      ; 428        ; 4        ; GND*                                     ;        ;              ;         ; Column I/O ;                 ; no       ; Off          ;
; B15      ; 420        ; 4        ; GND*                                     ;        ;              ;         ; Column I/O ;                 ; no       ; Off          ;
; B16      ; 419        ; 4        ; GND*                                     ;        ;              ;         ; Column I/O ;                 ; no       ; Off          ;
; B17      ; 411        ; 4        ; GND*                                     ;        ;              ;         ; Column I/O ;                 ; no       ; Off          ;
; B18      ; 405        ; 4        ; GND*                                     ;        ;              ;         ; Column I/O ;                 ; no       ; Off          ;
; B19      ; 393        ; 4        ; GND*                                     ;        ;              ;         ; Column I/O ;                 ; no       ; Off          ;
; B20      ; 389        ; 4        ; GND*                                     ;        ;              ;         ; Column I/O ;                 ; no       ; Off          ;
; B21      ; 381        ; 4        ; GND*                                     ;        ;              ;         ; Column I/O ;                 ; no       ; Off          ;
; B22      ; 380        ; 4        ; GND*                                     ;        ;              ;         ; Column I/O ;                 ; no       ; Off          ;
; B23      ; 377        ; 4        ; GND*                                     ;        ;              ;         ; Column I/O ;                 ; no       ; Off          ;
; B24      ; 363        ; 5        ; GND*                                     ;        ;              ;         ; Row I/O    ;                 ; no       ; Off          ;
; B25      ; 362        ; 5        ; GND*                                     ;        ;              ;         ; Row I/O    ;                 ; no       ; Off          ;
; B26      ;            ;          ; GND                                      ; gnd    ;              ;         ; --         ;                 ; --       ; --           ;
; C1       ;            ; 2        ; VCCIO2                                   ; power  ;              ; 3.3V    ; --         ;                 ; --       ; --           ;
; C2       ; 6          ; 2        ; GND*                                     ;        ;              ;         ; Row I/O    ;                 ; no       ; Off          ;
; C3       ; 7          ; 2        ; GND*                                     ;        ;              ;         ; Row I/O    ;                 ; no       ; Off          ;
; C4       ; 478        ; 3        ; GND*                                     ;        ;              ;         ; Column I/O ;                 ; no       ; Off          ;
; C5       ; 486        ; 3        ; GND*                                     ;        ;              ;         ; Column I/O ;                 ; no       ; Off          ;
; C6       ; 485        ; 3        ; GND*                                     ;        ;              ;         ; Column I/O ;                 ; no       ; Off          ;
; C7       ; 468        ; 3        ; GND*                                     ;        ;              ;         ; Column I/O ;                 ; no       ; Off          ;
; C8       ; 463        ; 3        ; VGA_R[0]                                 ; output ; 3.3-V LVTTL  ;         ; Column I/O ; Y               ; no       ; Off          ;
; C9       ; 459        ; 3        ; VGA_R[4]                                 ; output ; 3.3-V LVTTL  ;         ; Column I/O ; Y               ; no       ; Off          ;
; C10      ; 450        ; 3        ; VGA_G[2]                                 ; output ; 3.3-V LVTTL  ;         ; Column I/O ; Y               ; no       ; Off          ;
; C11      ; 436        ; 3        ; VGA_B[6]                                 ; output ; 3.3-V LVTTL  ;         ; Column I/O ; Y               ; no       ; Off          ;
; C12      ; 434        ; 3        ; VGA_B[8]                                 ; output ; 3.3-V LVTTL  ;         ; Column I/O ; Y               ; no       ; Off          ;
; C13      ; 431        ; 3        ; GND+                                     ;        ;              ;         ; Column I/O ;                 ; --       ; --           ;
; C14      ;            ;          ; GND                                      ; gnd    ;              ;         ; --         ;                 ; --       ; --           ;
; C15      ; 421        ; 4        ; GND*                                     ;        ;              ;         ; Column I/O ;                 ; no       ; Off          ;
; C16      ; 418        ; 4        ; GND*                                     ;        ;              ;         ; Column I/O ;                 ; no       ; Off          ;
; C17      ; 404        ; 4        ; GND*                                     ;        ;              ;         ; Column I/O ;                 ; no       ; Off          ;
; C18      ;            ;          ; GND                                      ; gnd    ;              ;         ; --         ;                 ; --       ; --           ;
; C19      ; 391        ; 4        ; GND*                                     ;        ;              ;         ; Column I/O ;                 ; no       ; Off          ;
; C20      ;            ; 4        ; VCCIO4                                   ; power  ;              ; 3.3V    ; --         ;                 ; --       ; --           ;
; C21      ; 375        ; 4        ; GND*                                     ;        ;              ;         ; Column I/O ;                 ; no       ; Off          ;
; C22      ; 374        ; 4        ; GND*                                     ;        ;              ;         ; Column I/O ;                 ; no       ; Off          ;
; C23      ; 373        ; 4        ; GND*                                     ;        ;              ;         ; Column I/O ;                 ; no       ; Off          ;
; C24      ; 360        ; 5        ; PS2_DAT                                  ; input  ; 3.3-V LVTTL  ;         ; Row I/O    ; Y               ; no       ; Off          ;
; C25      ; 361        ; 5        ; GND*                                     ;        ;              ;         ; Row I/O    ;                 ; no       ; Off          ;
; C26      ;            ; 5        ; VCCIO5                                   ; power  ;              ; 3.3V    ; --         ;                 ; --       ; --           ;
; D1       ; 13         ; 2        ; GND*                                     ;        ;              ;         ; Row I/O    ;                 ; no       ; Off          ;
; D2       ; 12         ; 2        ; GND*                                     ;        ;              ;         ; Row I/O    ;                 ; no       ; Off          ;
; D3       ; 1          ; 2        ; ~nCSO~ / RESERVED_INPUT_WITH_WEAK_PULLUP ; input  ; 3.3-V LVTTL  ;         ; Row I/O    ; N               ; no       ; On           ;
; D4       ;            ;          ; GND                                      ; gnd    ;              ;         ; --         ;                 ; --       ; --           ;
; D5       ; 477        ; 3        ; GND*                                     ;        ;              ;         ; Column I/O ;                 ; no       ; Off          ;
; D6       ; 467        ; 3        ; VGA_BLANK_N                              ; output ; 3.3-V LVTTL  ;         ; Column I/O ; Y               ; no       ; Off          ;
; D7       ; 469        ; 3        ; GND*                                     ;        ;              ;         ; Column I/O ;                 ; no       ; Off          ;
; D8       ; 464        ; 3        ; VGA_VS                                   ; output ; 3.3-V LVTTL  ;         ; Column I/O ; Y               ; no       ; Off          ;
; D9       ; 460        ; 3        ; VGA_R[3]                                 ; output ; 3.3-V LVTTL  ;         ; Column I/O ; Y               ; no       ; Off          ;
; D10      ; 449        ; 3        ; VGA_G[3]                                 ; output ; 3.3-V LVTTL  ;         ; Column I/O ; Y               ; no       ; Off          ;
; D11      ; 445        ; 3        ; VGA_G[7]                                 ; output ; 3.3-V LVTTL  ;         ; Column I/O ; Y               ; no       ; Off          ;
; D12      ; 443        ; 3        ; VGA_G[9]                                 ; output ; 3.3-V LVTTL  ;         ; Column I/O ; Y               ; no       ; Off          ;
; D13      ; 432        ; 3        ; GND+                                     ;        ;              ;         ; Column I/O ;                 ; --       ; --           ;
; D14      ; 426        ; 4        ; GND*                                     ;        ;              ;         ; Column I/O ;                 ; no       ; Off          ;
; D15      ; 417        ; 4        ; GND*                                     ;        ;              ;         ; Column I/O ;                 ; no       ; Off          ;
; D16      ; 415        ; 4        ; GND*                                     ;        ;              ;         ; Column I/O ;                 ; --       ; --           ;
; D17      ; 403        ; 4        ; GND*                                     ;        ;              ;         ; Column I/O ;                 ; no       ; Off          ;
; D18      ; 396        ; 4        ; GND*                                     ;        ;              ;         ; Column I/O ;                 ; no       ; Off          ;
; D19      ; 392        ; 4        ; GND*                                     ;        ;              ;         ; Column I/O ;                 ; no       ; Off          ;
; D20      ; 387        ; 4        ; GND*                                     ;        ;              ;         ; Column I/O ;                 ; no       ; Off          ;
; D21      ; 376        ; 4        ; GND*                                     ;        ;              ;         ; Column I/O ;                 ; no       ; Off          ;
; D22      ;            ; 4        ; VCCIO4                                   ; power  ;              ; 3.3V    ; --         ;                 ; --       ; --           ;
; D23      ; 369        ; 5        ; GND*                                     ;        ;              ;         ; Row I/O    ;                 ; no       ; Off          ;
; D24      ;            ;          ; GND                                      ; gnd    ;              ;         ; --         ;                 ; --       ; --           ;
; D25      ; 358        ; 5        ; GND*                                     ;        ;              ;         ; Row I/O    ;                 ; no       ; Off          ;
; D26      ; 359        ; 5        ; PS2_CLK                                  ; input  ; 3.3-V LVTTL  ;         ; Row I/O    ; Y               ; no       ; Off          ;
; E1       ; 20         ; 2        ; GND*                                     ;        ;              ;         ; Row I/O    ;                 ; no       ; Off          ;
; E2       ; 19         ; 2        ; GND*                                     ;        ;              ;         ; Row I/O    ;                 ; no       ; Off          ;
; E3       ; 0          ; 2        ; ~ASDO~ / RESERVED_INPUT_WITH_WEAK_PULLUP ; input  ; 3.3-V LVTTL  ;         ; Row I/O    ; N               ; no       ; On           ;
; E4       ;            ;          ; GND_PLL3                                 ; gnd    ;              ;         ; --         ;                 ; --       ; --           ;
; E5       ; 4          ; 2        ; GND*                                     ;        ;              ;         ; Row I/O    ;                 ; no       ; Off          ;
; E6       ;            ; 3        ; VCCIO3                                   ; power  ;              ; 3.3V    ; --         ;                 ; --       ; --           ;
; E7       ;            ;          ; GND                                      ; gnd    ;              ;         ; --         ;                 ; --       ; --           ;
; E8       ; 474        ; 3        ; GND*                                     ;        ;              ;         ; Column I/O ;                 ; --       ; --           ;
; E9       ;            ; 3        ; VCCIO3                                   ; power  ;              ; 3.3V    ; --         ;                 ; --       ; --           ;
; E10      ; 453        ; 3        ; VGA_R[9]                                 ; output ; 3.3-V LVTTL  ;         ; Column I/O ; Y               ; no       ; Off          ;
; E11      ;            ;          ; GND                                      ; gnd    ;              ;         ; --         ;                 ; --       ; --           ;
; E12      ; 444        ; 3        ; VGA_G[8]                                 ; output ; 3.3-V LVTTL  ;         ; Column I/O ; Y               ; no       ; Off          ;
; E13      ;            ; 3        ; VCCIO3                                   ; power  ;              ; 3.3V    ; --         ;                 ; --       ; --           ;
; E14      ;            ; 4        ; VCCIO4                                   ; power  ;              ; 3.3V    ; --         ;                 ; --       ; --           ;
; E15      ; 416        ; 4        ; GND*                                     ;        ;              ;         ; Column I/O ;                 ; no       ; Off          ;
; E16      ;            ;          ; GND                                      ; gnd    ;              ;         ; --         ;                 ; --       ; --           ;
; E17      ;            ; 4        ; VCCIO4                                   ; power  ;              ; 3.3V    ; --         ;                 ; --       ; --           ;
; E18      ; 395        ; 4        ; GND*                                     ;        ;              ;         ; Column I/O ;                 ; no       ; Off          ;
; E19      ;            ;          ; GND                                      ; gnd    ;              ;         ; --         ;                 ; --       ; --           ;
; E20      ; 388        ; 4        ; GND*                                     ;        ;              ;         ; Column I/O ;                 ; --       ; --           ;
; E21      ;            ;          ; GND_PLL2                                 ; gnd    ;              ;         ; --         ;                 ; --       ; --           ;
; E22      ; 370        ; 5        ; GND*                                     ;        ;              ;         ; Row I/O    ;                 ; no       ; Off          ;
; E23      ; 365        ; 5        ; GND*                                     ;        ;              ;         ; Row I/O    ;                 ; no       ; Off          ;
; E24      ; 364        ; 5        ; GND*                                     ;        ;              ;         ; Row I/O    ;                 ; no       ; Off          ;
; E25      ; 355        ; 5        ; GND*                                     ;        ;              ;         ; Row I/O    ;                 ; no       ; Off          ;
; E26      ; 356        ; 5        ; GND*                                     ;        ;              ;         ; Row I/O    ;                 ; no       ; Off          ;
; F1       ; 29         ; 2        ; GND*                                     ;        ;              ;         ; Row I/O    ;                 ; no       ; Off          ;
; F2       ; 28         ; 2        ; GND*                                     ;        ;              ;         ; Row I/O    ;                 ; no       ; Off          ;
; F3       ; 10         ; 2        ; GND*                                     ;        ;              ;         ; Row I/O    ;                 ; no       ; Off          ;
; F4       ; 11         ; 2        ; GND*                                     ;        ;              ;         ; Row I/O    ;                 ; no       ; Off          ;
; F5       ;            ; 2        ; VCCIO2                                   ; power  ;              ; 3.3V    ; --         ;                 ; --       ; --           ;
; F6       ; 5          ; 2        ; GND*                                     ;        ;              ;         ; Row I/O    ;                 ; no       ; Off          ;
; F7       ; 14         ; 2        ; GND*                                     ;        ;              ;         ; Row I/O    ;                 ; no       ; Off          ;
; F8       ;            ;          ; GNDA_PLL3                                ; gnd    ;              ;         ; --         ;                 ; --       ; --           ;
; F9       ; 470        ; 3        ; GND*                                     ;        ;              ;         ; Column I/O ;                 ; no       ; Off          ;
; F10      ; 462        ; 3        ; VGA_R[1]                                 ; output ; 3.3-V LVTTL  ;         ; Column I/O ; Y               ; no       ; Off          ;
; F11      ; 454        ; 3        ; VGA_R[8]                                 ; output ; 3.3-V LVTTL  ;         ; Column I/O ; Y               ; no       ; Off          ;
; F12      ; 440        ; 3        ; VGA_B[2]                                 ; output ; 3.3-V LVTTL  ;         ; Column I/O ; Y               ; no       ; Off          ;
; F13      ; 423        ; 4        ; GND*                                     ;        ;              ;         ; Column I/O ;                 ; no       ; Off          ;
; F14      ; 425        ; 4        ; GND*                                     ;        ;              ;         ; Column I/O ;                 ; no       ; Off          ;
; F15      ; 409        ; 4        ; GND*                                     ;        ;              ;         ; Column I/O ;                 ; no       ; Off          ;
; F16      ; 408        ; 4        ; GND*                                     ;        ;              ;         ; Column I/O ;                 ; no       ; Off          ;
; F17      ; 401        ; 4        ; GND*                                     ;        ;              ;         ; Column I/O ;                 ; no       ; Off          ;
; F18      ; 398        ; 4        ; GND*                                     ;        ;              ;         ; Column I/O ;                 ; no       ; Off          ;
; F19      ;            ;          ; GNDA_PLL2                                ; gnd    ;              ;         ; --         ;                 ; --       ; --           ;
; F20      ; 372        ; 5        ; GND*                                     ;        ;              ;         ; Row I/O    ;                 ; no       ; Off          ;
; F21      ; 371        ; 5        ; GND*                                     ;        ;              ;         ; Row I/O    ;                 ; no       ; Off          ;
; F22      ;            ; 5        ; VCCIO5                                   ; power  ;              ; 3.3V    ; --         ;                 ; --       ; --           ;
; F23      ; 353        ; 5        ; GND*                                     ;        ;              ;         ; Row I/O    ;                 ; no       ; Off          ;
; F24      ; 354        ; 5        ; GND*                                     ;        ;              ;         ; Row I/O    ;                 ; no       ; Off          ;
; F25      ; 350        ; 5        ; GND*                                     ;        ;              ;         ; Row I/O    ;                 ; no       ; Off          ;
; F26      ; 349        ; 5        ; GND*                                     ;        ;              ;         ; Row I/O    ;                 ; no       ; Off          ;
; G1       ; 30         ; 2        ; GND*                                     ;        ;              ;         ; Row I/O    ;                 ; no       ; Off          ;
; G2       ; 31         ; 2        ; GND*                                     ;        ;              ;         ; Row I/O    ;                 ; no       ; Off          ;
; G3       ; 24         ; 2        ; GND*                                     ;        ;              ;         ; Row I/O    ;                 ; no       ; Off          ;
; G4       ; 23         ; 2        ; GND*                                     ;        ;              ;         ; Row I/O    ;                 ; no       ; Off          ;
; G5       ; 8          ; 2        ; GND*                                     ;        ;              ;         ; Row I/O    ;                 ; no       ; Off          ;
; G6       ; 9          ; 2        ; GND*                                     ;        ;              ;         ; Row I/O    ;                 ; no       ; Off          ;
; G7       ;            ;          ; GND_PLL3                                 ; gnd    ;              ;         ; --         ;                 ; --       ; --           ;
; G8       ;            ;          ; VCCA_PLL3                                ; power  ;              ; 1.2V    ; --         ;                 ; --       ; --           ;
; G9       ; 471        ; 3        ; GND*                                     ;        ;              ;         ; Column I/O ;                 ; no       ; Off          ;
; G10      ; 461        ; 3        ; VGA_R[2]                                 ; output ; 3.3-V LVTTL  ;         ; Column I/O ; Y               ; no       ; Off          ;
; G11      ; 446        ; 3        ; VGA_G[6]                                 ; output ; 3.3-V LVTTL  ;         ; Column I/O ; Y               ; no       ; Off          ;
; G12      ; 439        ; 3        ; VGA_B[3]                                 ; output ; 3.3-V LVTTL  ;         ; Column I/O ; Y               ; no       ; Off          ;
; G13      ; 422        ; 4        ; GND*                                     ;        ;              ;         ; Column I/O ;                 ; no       ; Off          ;
; G14      ; 424        ; 4        ; GND*                                     ;        ;              ;         ; Column I/O ;                 ; no       ; Off          ;
; G15      ; 410        ; 4        ; GND*                                     ;        ;              ;         ; Column I/O ;                 ; no       ; Off          ;
; G16      ; 407        ; 4        ; GND*                                     ;        ;              ;         ; Column I/O ;                 ; no       ; Off          ;
; G17      ; 402        ; 4        ; GND*                                     ;        ;              ;         ; Column I/O ;                 ; no       ; Off          ;
; G18      ; 397        ; 4        ; GND*                                     ;        ;              ;         ; Column I/O ;                 ; no       ; Off          ;
; G19      ;            ;          ; VCCA_PLL2                                ; power  ;              ; 1.2V    ; --         ;                 ; --       ; --           ;
; G20      ;            ;          ; GND_PLL2                                 ; gnd    ;              ;         ; --         ;                 ; --       ; --           ;
; G21      ; 368        ; 5        ; GND*                                     ;        ;              ;         ; Row I/O    ;                 ; no       ; Off          ;
; G22      ; 367        ; 5        ; GND*                                     ;        ;              ;         ; Row I/O    ;                 ; no       ; Off          ;
; G23      ; 346        ; 5        ; GND*                                     ;        ;              ;         ; Row I/O    ;                 ; no       ; Off          ;
; G24      ; 345        ; 5        ; GND*                                     ;        ;              ;         ; Row I/O    ;                 ; no       ; Off          ;
; G25      ; 343        ; 5        ; GND*                                     ;        ;              ;         ; Row I/O    ;                 ; no       ; Off          ;
; G26      ; 342        ; 5        ; GND*                                     ;        ;              ;         ; Row I/O    ;                 ; no       ; Off          ;
; H1       ; 37         ; 2        ; GND*                                     ;        ;              ;         ; Row I/O    ;                 ; no       ; Off          ;
; H2       ; 36         ; 2        ; GND*                                     ;        ;              ;         ; Row I/O    ;                 ; no       ; Off          ;
; H3       ; 32         ; 2        ; GND*                                     ;        ;              ;         ; Row I/O    ;                 ; no       ; Off          ;
; H4       ; 33         ; 2        ; GND*                                     ;        ;              ;         ; Row I/O    ;                 ; no       ; Off          ;
; H5       ;            ;          ; GND                                      ; gnd    ;              ;         ; --         ;                 ; --       ; --           ;
; H6       ; 18         ; 2        ; GND*                                     ;        ;              ;         ; Row I/O    ;                 ; no       ; Off          ;
; H7       ;            ;          ; VCCD_PLL3                                ; power  ;              ; 1.2V    ; --         ;                 ; --       ; --           ;
; H8       ; 473        ; 3        ; GND*                                     ;        ;              ;         ; Column I/O ;                 ; no       ; Off          ;
; H9       ;            ; 3        ; VCCIO3                                   ; power  ;              ; 3.3V    ; --         ;                 ; --       ; --           ;
; H10      ; 472        ; 3        ; GND*                                     ;        ;              ;         ; Column I/O ;                 ; no       ; Off          ;
; H11      ; 456        ; 3        ; VGA_R[6]                                 ; output ; 3.3-V LVTTL  ;         ; Column I/O ; Y               ; no       ; Off          ;
; H12      ; 455        ; 3        ; VGA_R[7]                                 ; output ; 3.3-V LVTTL  ;         ; Column I/O ; Y               ; no       ; Off          ;
; H13      ;            ;          ; GND                                      ; gnd    ;              ;         ; --         ;                 ; --       ; --           ;
; H14      ;            ;          ; GND                                      ; gnd    ;              ;         ; --         ;                 ; --       ; --           ;
; H15      ; 414        ; 4        ; GND*                                     ;        ;              ;         ; Column I/O ;                 ; no       ; Off          ;
; H16      ; 413        ; 4        ; GND*                                     ;        ;              ;         ; Column I/O ;                 ; no       ; Off          ;
; H17      ; 400        ; 4        ; GND*                                     ;        ;              ;         ; Column I/O ;                 ; no       ; Off          ;
; H18      ;            ; 4        ; VCCIO4                                   ; power  ;              ; 3.3V    ; --         ;                 ; --       ; --           ;
; H19      ; 335        ; 5        ; GND*                                     ;        ;              ;         ; Row I/O    ;                 ; no       ; Off          ;
; H20      ;            ;          ; VCCD_PLL2                                ; power  ;              ; 1.2V    ; --         ;                 ; --       ; --           ;
; H21      ; 366        ; 5        ; GND*                                     ;        ;              ;         ; Row I/O    ;                 ; no       ; Off          ;
; H22      ;            ;          ; GND                                      ; gnd    ;              ;         ; --         ;                 ; --       ; --           ;
; H23      ; 341        ; 5        ; GND*                                     ;        ;              ;         ; Row I/O    ;                 ; no       ; Off          ;
; H24      ; 340        ; 5        ; GND*                                     ;        ;              ;         ; Row I/O    ;                 ; no       ; Off          ;
; H25      ; 337        ; 5        ; GND*                                     ;        ;              ;         ; Row I/O    ;                 ; no       ; Off          ;
; H26      ; 336        ; 5        ; GND*                                     ;        ;              ;         ; Row I/O    ;                 ; no       ; Off          ;
; J1       ; 39         ; 2        ; GND*                                     ;        ;              ;         ; Row I/O    ;                 ; no       ; Off          ;
; J2       ; 38         ; 2        ; GND*                                     ;        ;              ;         ; Row I/O    ;                 ; no       ; Off          ;
; J3       ; 34         ; 2        ; GND*                                     ;        ;              ;         ; Row I/O    ;                 ; no       ; Off          ;
; J4       ; 35         ; 2        ; GND*                                     ;        ;              ;         ; Row I/O    ;                 ; no       ; Off          ;
; J5       ; 15         ; 2        ; GND*                                     ;        ;              ;         ; Row I/O    ;                 ; --       ; --           ;
; J6       ; 25         ; 2        ; GND*                                     ;        ;              ;         ; Row I/O    ;                 ; no       ; Off          ;
; J7       ; 17         ; 2        ; GND*                                     ;        ;              ;         ; Row I/O    ;                 ; no       ; Off          ;
; J8       ; 16         ; 2        ; GND*                                     ;        ;              ;         ; Row I/O    ;                 ; no       ; Off          ;
; J9       ; 475        ; 3        ; GND*                                     ;        ;              ;         ; Column I/O ;                 ; no       ; Off          ;
; J10      ; 438        ; 3        ; VGA_B[4]                                 ; output ; 3.3-V LVTTL  ;         ; Column I/O ; Y               ; no       ; Off          ;
; J11      ; 437        ; 3        ; VGA_B[5]                                 ; output ; 3.3-V LVTTL  ;         ; Column I/O ; Y               ; no       ; Off          ;
; J12      ;            ; 3        ; VCCIO3                                   ; power  ;              ; 3.3V    ; --         ;                 ; --       ; --           ;
; J13      ; 442        ; 3        ; VGA_B[0]                                 ; output ; 3.3-V LVTTL  ;         ; Column I/O ; Y               ; no       ; Off          ;
; J14      ; 441        ; 3        ; VGA_B[1]                                 ; output ; 3.3-V LVTTL  ;         ; Column I/O ; Y               ; no       ; Off          ;
; J15      ;            ; 4        ; VCCIO4                                   ; power  ;              ; 3.3V    ; --         ;                 ; --       ; --           ;
; J16      ; 385        ; 4        ; GND*                                     ;        ;              ;         ; Column I/O ;                 ; no       ; Off          ;
; J17      ; 399        ; 4        ; GND*                                     ;        ;              ;         ; Column I/O ;                 ; no       ; Off          ;
; J18      ; 383        ; 4        ; GND*                                     ;        ;              ;         ; Column I/O ;                 ; no       ; Off          ;
; J19      ;            ; 5        ; VCCIO5                                   ; power  ;              ; 3.3V    ; --         ;                 ; --       ; --           ;
; J20      ; 351        ; 5        ; GND*                                     ;        ;              ;         ; Row I/O    ;                 ; no       ; Off          ;
; J21      ; 352        ; 5        ; GND*                                     ;        ;              ;         ; Row I/O    ;                 ; no       ; Off          ;
; J22      ; 357        ; 5        ; GND*                                     ;        ;              ;         ; Row I/O    ;                 ; --       ; --           ;
; J23      ; 339        ; 5        ; GND*                                     ;        ;              ;         ; Row I/O    ;                 ; no       ; Off          ;
; J24      ; 338        ; 5        ; GND*                                     ;        ;              ;         ; Row I/O    ;                 ; no       ; Off          ;
; J25      ; 327        ; 5        ; GND*                                     ;        ;              ;         ; Row I/O    ;                 ; no       ; Off          ;
; J26      ; 326        ; 5        ; GND*                                     ;        ;              ;         ; Row I/O    ;                 ; no       ; Off          ;
; K1       ; 42         ; 2        ; GND*                                     ;        ;              ;         ; Row I/O    ;                 ; no       ; Off          ;
; K2       ; 43         ; 2        ; GND*                                     ;        ;              ;         ; Row I/O    ;                 ; no       ; Off          ;
; K3       ; 41         ; 2        ; GND*                                     ;        ;              ;         ; Row I/O    ;                 ; no       ; Off          ;
; K4       ; 40         ; 2        ; GND*                                     ;        ;              ;         ; Row I/O    ;                 ; no       ; Off          ;
; K5       ; 22         ; 2        ; GND*                                     ;        ;              ;         ; Row I/O    ;                 ; no       ; Off          ;
; K6       ; 21         ; 2        ; GND*                                     ;        ;              ;         ; Row I/O    ;                 ; no       ; Off          ;
; K7       ; 27         ; 2        ; GND*                                     ;        ;              ;         ; Row I/O    ;                 ; no       ; Off          ;
; K8       ; 26         ; 2        ; GND*                                     ;        ;              ;         ; Row I/O    ;                 ; no       ; Off          ;
; K9       ; 476        ; 3        ; GND*                                     ;        ;              ;         ; Column I/O ;                 ; no       ; Off          ;
; K10      ;            ;          ; VCCINT                                   ; power  ;              ; 1.2V    ; --         ;                 ; --       ; --           ;
; K11      ;            ;          ; VCCINT                                   ; power  ;              ; 1.2V    ; --         ;                 ; --       ; --           ;
; K12      ;            ;          ; VCCINT                                   ; power  ;              ; 1.2V    ; --         ;                 ; --       ; --           ;
; K13      ;            ;          ; VCCINT                                   ; power  ;              ; 1.2V    ; --         ;                 ; --       ; --           ;
; K14      ;            ;          ; VCCINT                                   ; power  ;              ; 1.2V    ; --         ;                 ; --       ; --           ;
; K15      ;            ;          ; VCCINT                                   ; power  ;              ; 1.2V    ; --         ;                 ; --       ; --           ;
; K16      ; 386        ; 4        ; GND*                                     ;        ;              ;         ; Column I/O ;                 ; no       ; Off          ;
; K17      ; 384        ; 4        ; GND*                                     ;        ;              ;         ; Column I/O ;                 ; no       ; Off          ;
; K18      ; 334        ; 5        ; GND*                                     ;        ;              ;         ; Row I/O    ;                 ; no       ; Off          ;
; K19      ; 333        ; 5        ; GND*                                     ;        ;              ;         ; Row I/O    ;                 ; no       ; Off          ;
; K20      ;            ;          ; GND                                      ; gnd    ;              ;         ; --         ;                 ; --       ; --           ;
; K21      ; 332        ; 5        ; GND*                                     ;        ;              ;         ; Row I/O    ;                 ; no       ; Off          ;
; K22      ; 344        ; 5        ; GND*                                     ;        ;              ;         ; Row I/O    ;                 ; no       ; Off          ;
; K23      ; 331        ; 5        ; GND*                                     ;        ;              ;         ; Row I/O    ;                 ; no       ; Off          ;
; K24      ; 330        ; 5        ; GND*                                     ;        ;              ;         ; Row I/O    ;                 ; no       ; Off          ;
; K25      ; 321        ; 5        ; GND*                                     ;        ;              ;         ; Row I/O    ;                 ; no       ; Off          ;
; K26      ; 320        ; 5        ; GND*                                     ;        ;              ;         ; Row I/O    ;                 ; no       ; Off          ;
; L1       ;            ; 2        ; VCCIO2                                   ; power  ;              ; 3.3V    ; --         ;                 ; --       ; --           ;
; L2       ; 50         ; 2        ; GND*                                     ;        ;              ;         ; Row I/O    ;                 ; no       ; Off          ;
; L3       ; 51         ; 2        ; GND*                                     ;        ;              ;         ; Row I/O    ;                 ; no       ; Off          ;
; L4       ; 44         ; 2        ; GND*                                     ;        ;              ;         ; Row I/O    ;                 ; --       ; --           ;
; L5       ;            ;          ; GND                                      ; gnd    ;              ;         ; --         ;                 ; --       ; --           ;
; L6       ; 48         ; 2        ; GND*                                     ;        ;              ;         ; Row I/O    ;                 ; no       ; Off          ;
; L7       ; 47         ; 2        ; GND*                                     ;        ;              ;         ; Row I/O    ;                 ; no       ; Off          ;
; L8       ; 59         ; 2        ; #TMS                                     ; input  ;              ;         ; --         ;                 ; --       ; --           ;
; L9       ; 49         ; 2        ; GND*                                     ;        ;              ;         ; Row I/O    ;                 ; no       ; Off          ;
; L10      ; 52         ; 2        ; GND*                                     ;        ;              ;         ; Row I/O    ;                 ; no       ; Off          ;
; L11      ;            ;          ; VCCINT                                   ; power  ;              ; 1.2V    ; --         ;                 ; --       ; --           ;
; L12      ;            ;          ; GND                                      ; gnd    ;              ;         ; --         ;                 ; --       ; --           ;
; L13      ;            ;          ; GND                                      ; gnd    ;              ;         ; --         ;                 ; --       ; --           ;
; L14      ;            ;          ; GND                                      ; gnd    ;              ;         ; --         ;                 ; --       ; --           ;
; L15      ;            ;          ; GND                                      ; gnd    ;              ;         ; --         ;                 ; --       ; --           ;
; L16      ;            ;          ; VCCINT                                   ; power  ;              ; 1.2V    ; --         ;                 ; --       ; --           ;
; L17      ;            ;          ; VCCINT                                   ; power  ;              ; 1.2V    ; --         ;                 ; --       ; --           ;
; L18      ;            ;          ; VCCINT                                   ; power  ;              ; 1.2V    ; --         ;                 ; --       ; --           ;
; L19      ; 322        ; 5        ; GND*                                     ;        ;              ;         ; Row I/O    ;                 ; no       ; Off          ;
; L20      ; 328        ; 5        ; GND*                                     ;        ;              ;         ; Row I/O    ;                 ; no       ; Off          ;
; L21      ; 329        ; 5        ; GND*                                     ;        ;              ;         ; Row I/O    ;                 ; no       ; Off          ;
; L22      ;            ;          ; GND                                      ; gnd    ;              ;         ; --         ;                 ; --       ; --           ;
; L23      ; 325        ; 5        ; GND*                                     ;        ;              ;         ; Row I/O    ;                 ; --       ; --           ;
; L24      ; 324        ; 5        ; GND*                                     ;        ;              ;         ; Row I/O    ;                 ; no       ; Off          ;
; L25      ; 323        ; 5        ; GND*                                     ;        ;              ;         ; Row I/O    ;                 ; no       ; Off          ;
; L26      ;            ; 5        ; VCCIO5                                   ; power  ;              ; 3.3V    ; --         ;                 ; --       ; --           ;
; M1       ;            ;          ; GND                                      ; gnd    ;              ;         ; --         ;                 ; --       ; --           ;
; M2       ; 56         ; 2        ; GND*                                     ;        ;              ;         ; Row I/O    ;                 ; no       ; Off          ;
; M3       ; 55         ; 2        ; GND*                                     ;        ;              ;         ; Row I/O    ;                 ; no       ; Off          ;
; M4       ; 53         ; 2        ; GND*                                     ;        ;              ;         ; Row I/O    ;                 ; no       ; Off          ;
; M5       ; 54         ; 2        ; GND*                                     ;        ;              ;         ; Row I/O    ;                 ; no       ; Off          ;
; M6       ; 58         ; 2        ; #TCK                                     ; input  ;              ;         ; --         ;                 ; --       ; --           ;
; M7       ; 60         ; 2        ; #TDO                                     ; output ;              ;         ; --         ;                 ; --       ; --           ;
; M8       ; 57         ; 2        ; #TDI                                     ; input  ;              ;         ; --         ;                 ; --       ; --           ;
; M9       ;            ; 2        ; VCCIO2                                   ; power  ;              ; 3.3V    ; --         ;                 ; --       ; --           ;
; M10      ;            ;          ; VCCINT                                   ; power  ;              ; 1.2V    ; --         ;                 ; --       ; --           ;
; M11      ;            ;          ; VCCINT                                   ; power  ;              ; 1.2V    ; --         ;                 ; --       ; --           ;
; M12      ;            ;          ; GND                                      ; gnd    ;              ;         ; --         ;                 ; --       ; --           ;
; M13      ;            ;          ; GND                                      ; gnd    ;              ;         ; --         ;                 ; --       ; --           ;
; M14      ;            ;          ; GND                                      ; gnd    ;              ;         ; --         ;                 ; --       ; --           ;
; M15      ;            ;          ; GND                                      ; gnd    ;              ;         ; --         ;                 ; --       ; --           ;
; M16      ;            ;          ; VCCINT                                   ; power  ;              ; 1.2V    ; --         ;                 ; --       ; --           ;
; M17      ;            ;          ; VCCINT                                   ; power  ;              ; 1.2V    ; --         ;                 ; --       ; --           ;
; M18      ;            ; 5        ; VCCIO5                                   ; power  ;              ; 3.3V    ; --         ;                 ; --       ; --           ;
; M19      ; 317        ; 5        ; GND*                                     ;        ;              ;         ; Row I/O    ;                 ; no       ; Off          ;
; M20      ; 316        ; 5        ; GND*                                     ;        ;              ;         ; Row I/O    ;                 ; no       ; Off          ;
; M21      ; 314        ; 5        ; GND*                                     ;        ;              ;         ; Row I/O    ;                 ; no       ; Off          ;
; M22      ; 319        ; 5        ; GND*                                     ;        ;              ;         ; Row I/O    ;                 ; no       ; Off          ;
; M23      ; 318        ; 5        ; GND*                                     ;        ;              ;         ; Row I/O    ;                 ; no       ; Off          ;
; M24      ; 313        ; 5        ; GND*                                     ;        ;              ;         ; Row I/O    ;                 ; no       ; Off          ;
; M25      ; 312        ; 5        ; GND*                                     ;        ;              ;         ; Row I/O    ;                 ; no       ; Off          ;
; M26      ;            ;          ; GND                                      ; gnd    ;              ;         ; --         ;                 ; --       ; --           ;
; N1       ; 65         ; 2        ; GND+                                     ;        ;              ;         ; Row I/O    ;                 ; --       ; --           ;
; N2       ; 64         ; 2        ; CLOCK_50                                 ; input  ; 3.3-V LVTTL  ;         ; Row I/O    ; Y               ; no       ; Off          ;
; N3       ; 62         ; 2        ; ^DATA0                                   ; input  ;              ;         ; --         ;                 ; --       ; --           ;
; N4       ; 63         ; 2        ; ^nCE                                     ;        ;              ;         ; --         ;                 ; --       ; --           ;
; N5       ;            ; 2        ; VCCIO2                                   ; power  ;              ; 3.3V    ; --         ;                 ; --       ; --           ;
; N6       ; 61         ; 2        ; ^DCLK                                    ;        ;              ;         ; --         ;                 ; --       ; --           ;
; N7       ; 66         ; 2        ; ^nCONFIG                                 ;        ;              ;         ; --         ;                 ; --       ; --           ;
; N8       ;            ;          ; GND                                      ; gnd    ;              ;         ; --         ;                 ; --       ; --           ;
; N9       ; 45         ; 2        ; GND*                                     ;        ;              ;         ; Row I/O    ;                 ; no       ; Off          ;
; N10      ;            ;          ; VCCINT                                   ; power  ;              ; 1.2V    ; --         ;                 ; --       ; --           ;
; N11      ;            ;          ; GND                                      ; gnd    ;              ;         ; --         ;                 ; --       ; --           ;
; N12      ;            ;          ; GND                                      ; gnd    ;              ;         ; --         ;                 ; --       ; --           ;
; N13      ;            ;          ; GND                                      ; gnd    ;              ;         ; --         ;                 ; --       ; --           ;
; N14      ;            ;          ; GND                                      ; gnd    ;              ;         ; --         ;                 ; --       ; --           ;
; N15      ;            ;          ; GND                                      ; gnd    ;              ;         ; --         ;                 ; --       ; --           ;
; N16      ;            ;          ; GND                                      ; gnd    ;              ;         ; --         ;                 ; --       ; --           ;
; N17      ;            ;          ; VCCINT                                   ; power  ;              ; 1.2V    ; --         ;                 ; --       ; --           ;
; N18      ; 348        ; 5        ; GND*                                     ;        ;              ;         ; Row I/O    ;                 ; no       ; Off          ;
; N19      ;            ;          ; GND                                      ; gnd    ;              ;         ; --         ;                 ; --       ; --           ;
; N20      ; 315        ; 5        ; GND*                                     ;        ;              ;         ; Row I/O    ;                 ; no       ; Off          ;
; N21      ;            ;          ; NC                                       ;        ;              ;         ; --         ;                 ; --       ; --           ;
; N22      ;            ; 5        ; VCCIO5                                   ; power  ;              ; 3.3V    ; --         ;                 ; --       ; --           ;
; N23      ; 311        ; 5        ; GND*                                     ;        ;              ;         ; Row I/O    ;                 ; no       ; Off          ;
; N24      ; 310        ; 5        ; GND*                                     ;        ;              ;         ; Row I/O    ;                 ; no       ; Off          ;
; N25      ; 309        ; 5        ; SW0_RESET                                ; input  ; 3.3-V LVTTL  ;         ; Row I/O    ; Y               ; no       ; Off          ;
; N26      ; 308        ; 5        ; GND+                                     ;        ;              ;         ; Row I/O    ;                 ; --       ; --           ;
; P1       ; 68         ; 1        ; GND+                                     ;        ;              ;         ; Row I/O    ;                 ; --       ; --           ;
; P2       ; 67         ; 1        ; GND+                                     ;        ;              ;         ; Row I/O    ;                 ; --       ; --           ;
; P3       ; 69         ; 1        ; GND*                                     ;        ;              ;         ; Row I/O    ;                 ; no       ; Off          ;
; P4       ; 70         ; 1        ; GND*                                     ;        ;              ;         ; Row I/O    ;                 ; no       ; Off          ;
; P5       ;            ; 1        ; VCCIO1                                   ; power  ;              ; 3.3V    ; --         ;                 ; --       ; --           ;
; P6       ; 78         ; 1        ; GND*                                     ;        ;              ;         ; Row I/O    ;                 ; no       ; Off          ;
; P7       ; 77         ; 1        ; GND*                                     ;        ;              ;         ; Row I/O    ;                 ; no       ; Off          ;
; P8       ;            ;          ; GND                                      ; gnd    ;              ;         ; --         ;                 ; --       ; --           ;
; P9       ; 46         ; 2        ; GND*                                     ;        ;              ;         ; Row I/O    ;                 ; no       ; Off          ;
; P10      ;            ;          ; VCCINT                                   ; power  ;              ; 1.2V    ; --         ;                 ; --       ; --           ;
; P11      ;            ;          ; GND                                      ; gnd    ;              ;         ; --         ;                 ; --       ; --           ;
; P12      ;            ;          ; GND                                      ; gnd    ;              ;         ; --         ;                 ; --       ; --           ;
; P13      ;            ;          ; GND                                      ; gnd    ;              ;         ; --         ;                 ; --       ; --           ;
; P14      ;            ;          ; GND                                      ; gnd    ;              ;         ; --         ;                 ; --       ; --           ;
; P15      ;            ;          ; GND                                      ; gnd    ;              ;         ; --         ;                 ; --       ; --           ;
; P16      ;            ;          ; GND                                      ; gnd    ;              ;         ; --         ;                 ; --       ; --           ;
; P17      ; 293        ; 6        ; GND*                                     ;        ;              ;         ; Row I/O    ;                 ; no       ; Off          ;
; P18      ; 347        ; 5        ; GND*                                     ;        ;              ;         ; Row I/O    ;                 ; no       ; Off          ;
; P19      ;            ;          ; GND                                      ; gnd    ;              ;         ; --         ;                 ; --       ; --           ;
; P20      ; 301        ; 6        ; ^MSEL0                                   ;        ;              ;         ; --         ;                 ; --       ; --           ;
; P21      ; 300        ; 6        ; ^MSEL1                                   ;        ;              ;         ; --         ;                 ; --       ; --           ;
; P22      ;            ; 6        ; VCCIO6                                   ; power  ;              ; 3.3V    ; --         ;                 ; --       ; --           ;
; P23      ; 305        ; 6        ; GND*                                     ;        ;              ;         ; Row I/O    ;                 ; no       ; Off          ;
; P24      ; 304        ; 6        ; GND*                                     ;        ;              ;         ; Row I/O    ;                 ; no       ; Off          ;
; P25      ; 307        ; 6        ; GND+                                     ;        ;              ;         ; Row I/O    ;                 ; --       ; --           ;
; P26      ; 306        ; 6        ; GND+                                     ;        ;              ;         ; Row I/O    ;                 ; --       ; --           ;
; R1       ;            ;          ; GND                                      ; gnd    ;              ;         ; --         ;                 ; --       ; --           ;
; R2       ; 71         ; 1        ; GND*                                     ;        ;              ;         ; Row I/O    ;                 ; no       ; Off          ;
; R3       ; 72         ; 1        ; GND*                                     ;        ;              ;         ; Row I/O    ;                 ; no       ; Off          ;
; R4       ; 73         ; 1        ; GND*                                     ;        ;              ;         ; Row I/O    ;                 ; no       ; Off          ;
; R5       ; 74         ; 1        ; GND*                                     ;        ;              ;         ; Row I/O    ;                 ; no       ; Off          ;
; R6       ; 81         ; 1        ; GND*                                     ;        ;              ;         ; Row I/O    ;                 ; no       ; Off          ;
; R7       ; 82         ; 1        ; GND*                                     ;        ;              ;         ; Row I/O    ;                 ; no       ; Off          ;
; R8       ; 110        ; 1        ; GND*                                     ;        ;              ;         ; Row I/O    ;                 ; no       ; Off          ;
; R9       ;            ; 1        ; VCCIO1                                   ; power  ;              ; 3.3V    ; --         ;                 ; --       ; --           ;
; R10      ;            ;          ; VCCINT                                   ; power  ;              ; 1.2V    ; --         ;                 ; --       ; --           ;
; R11      ;            ;          ; VCCINT                                   ; power  ;              ; 1.2V    ; --         ;                 ; --       ; --           ;
; R12      ;            ;          ; GND                                      ; gnd    ;              ;         ; --         ;                 ; --       ; --           ;
; R13      ;            ;          ; GND                                      ; gnd    ;              ;         ; --         ;                 ; --       ; --           ;
; R14      ;            ;          ; GND                                      ; gnd    ;              ;         ; --         ;                 ; --       ; --           ;
; R15      ;            ;          ; GND                                      ; gnd    ;              ;         ; --         ;                 ; --       ; --           ;
; R16      ;            ;          ; VCCINT                                   ; power  ;              ; 1.2V    ; --         ;                 ; --       ; --           ;
; R17      ; 294        ; 6        ; GND*                                     ;        ;              ;         ; Row I/O    ;                 ; no       ; Off          ;
; R18      ;            ; 6        ; VCCIO6                                   ; power  ;              ; 3.3V    ; --         ;                 ; --       ; --           ;
; R19      ; 282        ; 6        ; GND*                                     ;        ;              ;         ; Row I/O    ;                 ; no       ; Off          ;
; R20      ; 297        ; 6        ; GND*                                     ;        ;              ;         ; Row I/O    ;                 ; no       ; Off          ;
; R21      ;            ;          ; GND                                      ; gnd    ;              ;         ; --         ;                 ; --       ; --           ;
; R22      ; 298        ; 6        ; ^nSTATUS                                 ;        ;              ;         ; --         ;                 ; --       ; --           ;
; R23      ; 299        ; 6        ; ^CONF_DONE                               ;        ;              ;         ; --         ;                 ; --       ; --           ;
; R24      ; 302        ; 6        ; GND*                                     ;        ;              ;         ; Row I/O    ;                 ; no       ; Off          ;
; R25      ; 303        ; 6        ; GND*                                     ;        ;              ;         ; Row I/O    ;                 ; no       ; Off          ;
; R26      ;            ;          ; GND                                      ; gnd    ;              ;         ; --         ;                 ; --       ; --           ;
; T1       ;            ; 1        ; VCCIO1                                   ; power  ;              ; 3.3V    ; --         ;                 ; --       ; --           ;
; T2       ; 79         ; 1        ; GND*                                     ;        ;              ;         ; Row I/O    ;                 ; no       ; Off          ;
; T3       ; 80         ; 1        ; GND*                                     ;        ;              ;         ; Row I/O    ;                 ; no       ; Off          ;
; T4       ; 83         ; 1        ; GND*                                     ;        ;              ;         ; Row I/O    ;                 ; --       ; --           ;
; T5       ;            ;          ; GND                                      ; gnd    ;              ;         ; --         ;                 ; --       ; --           ;
; T6       ; 93         ; 1        ; GND*                                     ;        ;              ;         ; Row I/O    ;                 ; no       ; Off          ;
; T7       ; 92         ; 1        ; GND*                                     ;        ;              ;         ; Row I/O    ;                 ; no       ; Off          ;
; T8       ; 111        ; 1        ; GND*                                     ;        ;              ;         ; Row I/O    ;                 ; no       ; Off          ;
; T9       ; 76         ; 1        ; GND*                                     ;        ;              ;         ; Row I/O    ;                 ; no       ; Off          ;
; T10      ; 75         ; 1        ; GND*                                     ;        ;              ;         ; Row I/O    ;                 ; no       ; Off          ;
; T11      ;            ;          ; VCCINT                                   ; power  ;              ; 1.2V    ; --         ;                 ; --       ; --           ;
; T12      ;            ;          ; GND                                      ; gnd    ;              ;         ; --         ;                 ; --       ; --           ;
; T13      ;            ;          ; GND                                      ; gnd    ;              ;         ; --         ;                 ; --       ; --           ;
; T14      ;            ;          ; GND                                      ; gnd    ;              ;         ; --         ;                 ; --       ; --           ;
; T15      ;            ;          ; GND                                      ; gnd    ;              ;         ; --         ;                 ; --       ; --           ;
; T16      ;            ;          ; VCCINT                                   ; power  ;              ; 1.2V    ; --         ;                 ; --       ; --           ;
; T17      ; 289        ; 6        ; GND*                                     ;        ;              ;         ; Row I/O    ;                 ; no       ; Off          ;
; T18      ; 290        ; 6        ; GND*                                     ;        ;              ;         ; Row I/O    ;                 ; no       ; Off          ;
; T19      ; 281        ; 6        ; GND*                                     ;        ;              ;         ; Row I/O    ;                 ; no       ; Off          ;
; T20      ; 287        ; 6        ; GND*                                     ;        ;              ;         ; Row I/O    ;                 ; no       ; Off          ;
; T21      ; 288        ; 6        ; GND*                                     ;        ;              ;         ; Row I/O    ;                 ; --       ; --           ;
; T22      ; 296        ; 6        ; GND*                                     ;        ;              ;         ; Row I/O    ;                 ; no       ; Off          ;
; T23      ; 295        ; 6        ; GND*                                     ;        ;              ;         ; Row I/O    ;                 ; no       ; Off          ;
; T24      ; 292        ; 6        ; GND*                                     ;        ;              ;         ; Row I/O    ;                 ; no       ; Off          ;
; T25      ; 291        ; 6        ; GND*                                     ;        ;              ;         ; Row I/O    ;                 ; no       ; Off          ;
; T26      ;            ; 6        ; VCCIO6                                   ; power  ;              ; 3.3V    ; --         ;                 ; --       ; --           ;
; U1       ; 85         ; 1        ; GND*                                     ;        ;              ;         ; Row I/O    ;                 ; no       ; Off          ;
; U2       ; 84         ; 1        ; GND*                                     ;        ;              ;         ; Row I/O    ;                 ; no       ; Off          ;
; U3       ; 88         ; 1        ; GND*                                     ;        ;              ;         ; Row I/O    ;                 ; no       ; Off          ;
; U4       ; 89         ; 1        ; GND*                                     ;        ;              ;         ; Row I/O    ;                 ; no       ; Off          ;
; U5       ; 100        ; 1        ; GND*                                     ;        ;              ;         ; Row I/O    ;                 ; no       ; Off          ;
; U6       ; 98         ; 1        ; GND*                                     ;        ;              ;         ; Row I/O    ;                 ; no       ; Off          ;
; U7       ; 99         ; 1        ; GND*                                     ;        ;              ;         ; Row I/O    ;                 ; no       ; Off          ;
; U8       ;            ;          ; GND                                      ; gnd    ;              ;         ; --         ;                 ; --       ; --           ;
; U9       ; 86         ; 1        ; GND*                                     ;        ;              ;         ; Row I/O    ;                 ; no       ; Off          ;
; U10      ; 87         ; 1        ; GND*                                     ;        ;              ;         ; Row I/O    ;                 ; no       ; Off          ;
; U11      ;            ;          ; VCCINT                                   ; power  ;              ; 1.2V    ; --         ;                 ; --       ; --           ;
; U12      ; 178        ; 8        ; GND*                                     ;        ;              ;         ; Column I/O ;                 ; no       ; Off          ;
; U13      ;            ;          ; VCCINT                                   ; power  ;              ; 1.2V    ; --         ;                 ; --       ; --           ;
; U14      ;            ;          ; VCCINT                                   ; power  ;              ; 1.2V    ; --         ;                 ; --       ; --           ;
; U15      ;            ;          ; VCCINT                                   ; power  ;              ; 1.2V    ; --         ;                 ; --       ; --           ;
; U16      ;            ;          ; VCCINT                                   ; power  ;              ; 1.2V    ; --         ;                 ; --       ; --           ;
; U17      ; 231        ; 7        ; GND*                                     ;        ;              ;         ; Column I/O ;                 ; no       ; Off          ;
; U18      ; 232        ; 7        ; GND*                                     ;        ;              ;         ; Column I/O ;                 ; no       ; Off          ;
; U19      ;            ;          ; GND                                      ; gnd    ;              ;         ; --         ;                 ; --       ; --           ;
; U20      ; 280        ; 6        ; GND*                                     ;        ;              ;         ; Row I/O    ;                 ; no       ; Off          ;
; U21      ; 279        ; 6        ; GND*                                     ;        ;              ;         ; Row I/O    ;                 ; no       ; Off          ;
; U22      ; 270        ; 6        ; GND*                                     ;        ;              ;         ; Row I/O    ;                 ; no       ; Off          ;
; U23      ; 284        ; 6        ; GND*                                     ;        ;              ;         ; Row I/O    ;                 ; no       ; Off          ;
; U24      ; 283        ; 6        ; GND*                                     ;        ;              ;         ; Row I/O    ;                 ; no       ; Off          ;
; U25      ; 285        ; 6        ; GND*                                     ;        ;              ;         ; Row I/O    ;                 ; no       ; Off          ;
; U26      ; 286        ; 6        ; GND*                                     ;        ;              ;         ; Row I/O    ;                 ; no       ; Off          ;
; V1       ; 90         ; 1        ; GND*                                     ;        ;              ;         ; Row I/O    ;                 ; no       ; Off          ;
; V2       ; 91         ; 1        ; GND*                                     ;        ;              ;         ; Row I/O    ;                 ; no       ; Off          ;
; V3       ; 95         ; 1        ; GND*                                     ;        ;              ;         ; Row I/O    ;                 ; no       ; Off          ;
; V4       ; 94         ; 1        ; GND*                                     ;        ;              ;         ; Row I/O    ;                 ; no       ; Off          ;
; V5       ; 104        ; 1        ; GND*                                     ;        ;              ;         ; Row I/O    ;                 ; no       ; Off          ;
; V6       ; 105        ; 1        ; GND*                                     ;        ;              ;         ; Row I/O    ;                 ; no       ; Off          ;
; V7       ; 112        ; 1        ; GND*                                     ;        ;              ;         ; Row I/O    ;                 ; no       ; Off          ;
; V8       ;            ; 1        ; VCCIO1                                   ; power  ;              ; 3.3V    ; --         ;                 ; --       ; --           ;
; V9       ; 142        ; 8        ; GND*                                     ;        ;              ;         ; Column I/O ;                 ; no       ; Off          ;
; V10      ; 141        ; 8        ; GND*                                     ;        ;              ;         ; Column I/O ;                 ; no       ; Off          ;
; V11      ; 177        ; 8        ; GND*                                     ;        ;              ;         ; Column I/O ;                 ; no       ; Off          ;
; V12      ;            ; 8        ; VCCIO8                                   ; power  ;              ; 3.3V    ; --         ;                 ; --       ; --           ;
; V13      ; 176        ; 8        ; HEX0[6]                                  ; output ; 3.3-V LVTTL  ;         ; Column I/O ; Y               ; no       ; Off          ;
; V14      ; 175        ; 8        ; HEX0[5]                                  ; output ; 3.3-V LVTTL  ;         ; Column I/O ; Y               ; no       ; Off          ;
; V15      ;            ; 7        ; VCCIO7                                   ; power  ;              ; 3.3V    ; --         ;                 ; --       ; --           ;
; V16      ;            ;          ; VCCINT                                   ; power  ;              ; 1.2V    ; --         ;                 ; --       ; --           ;
; V17      ; 218        ; 7        ; GND*                                     ;        ;              ;         ; Column I/O ;                 ; no       ; Off          ;
; V18      ; 233        ; 7        ; GND*                                     ;        ;              ;         ; Column I/O ;                 ; no       ; Off          ;
; V19      ;            ; 6        ; VCCIO6                                   ; power  ;              ; 3.3V    ; --         ;                 ; --       ; --           ;
; V20      ; 251        ; 6        ; HEX1[0]                                  ; output ; 3.3-V LVTTL  ;         ; Row I/O    ; Y               ; no       ; Off          ;
; V21      ; 252        ; 6        ; HEX1[1]                                  ; output ; 3.3-V LVTTL  ;         ; Row I/O    ; Y               ; no       ; Off          ;
; V22      ; 259        ; 6        ; GND*                                     ;        ;              ;         ; Row I/O    ;                 ; --       ; --           ;
; V23      ; 275        ; 6        ; GND*                                     ;        ;              ;         ; Row I/O    ;                 ; no       ; Off          ;
; V24      ; 276        ; 6        ; GND*                                     ;        ;              ;         ; Row I/O    ;                 ; no       ; Off          ;
; V25      ; 277        ; 6        ; GND*                                     ;        ;              ;         ; Row I/O    ;                 ; no       ; Off          ;
; V26      ; 278        ; 6        ; GND*                                     ;        ;              ;         ; Row I/O    ;                 ; no       ; Off          ;
; W1       ; 97         ; 1        ; GND*                                     ;        ;              ;         ; Row I/O    ;                 ; no       ; Off          ;
; W2       ; 96         ; 1        ; GND*                                     ;        ;              ;         ; Row I/O    ;                 ; no       ; Off          ;
; W3       ; 102        ; 1        ; GND*                                     ;        ;              ;         ; Row I/O    ;                 ; no       ; Off          ;
; W4       ; 101        ; 1        ; GND*                                     ;        ;              ;         ; Row I/O    ;                 ; no       ; Off          ;
; W5       ;            ;          ; GND                                      ; gnd    ;              ;         ; --         ;                 ; --       ; --           ;
; W6       ; 113        ; 1        ; GND*                                     ;        ;              ;         ; Row I/O    ;                 ; --       ; --           ;
; W7       ;            ;          ; GND_PLL1                                 ; gnd    ;              ;         ; --         ;                 ; --       ; --           ;
; W8       ; 144        ; 8        ; GND*                                     ;        ;              ;         ; Column I/O ;                 ; no       ; Off          ;
; W9       ;            ; 8        ; VCCIO8                                   ; power  ;              ; 3.3V    ; --         ;                 ; --       ; --           ;
; W10      ; 145        ; 8        ; GND*                                     ;        ;              ;         ; Column I/O ;                 ; no       ; Off          ;
; W11      ; 161        ; 8        ; GND*                                     ;        ;              ;         ; Column I/O ;                 ; no       ; Off          ;
; W12      ; 162        ; 8        ; GND*                                     ;        ;              ;         ; Column I/O ;                 ; no       ; Off          ;
; W13      ;            ;          ; GND                                      ; gnd    ;              ;         ; --         ;                 ; --       ; --           ;
; W14      ;            ;          ; GND                                      ; gnd    ;              ;         ; --         ;                 ; --       ; --           ;
; W15      ; 203        ; 7        ; GND*                                     ;        ;              ;         ; Column I/O ;                 ; no       ; Off          ;
; W16      ; 204        ; 7        ; GND*                                     ;        ;              ;         ; Column I/O ;                 ; no       ; Off          ;
; W17      ; 217        ; 7        ; GND*                                     ;        ;              ;         ; Column I/O ;                 ; no       ; Off          ;
; W18      ;            ; 7        ; VCCIO7                                   ; power  ;              ; 3.3V    ; --         ;                 ; --       ; --           ;
; W19      ; 234        ; 7        ; GND*                                     ;        ;              ;         ; Column I/O ;                 ; no       ; Off          ;
; W20      ;            ;          ; GND_PLL4                                 ; gnd    ;              ;         ; --         ;                 ; --       ; --           ;
; W21      ; 253        ; 6        ; HEX1[2]                                  ; output ; 3.3-V LVTTL  ;         ; Row I/O    ; Y               ; no       ; Off          ;
; W22      ;            ;          ; GND                                      ; gnd    ;              ;         ; --         ;                 ; --       ; --           ;
; W23      ; 272        ; 6        ; GND*                                     ;        ;              ;         ; Row I/O    ;                 ; no       ; Off          ;
; W24      ; 271        ; 6        ; GND*                                     ;        ;              ;         ; Row I/O    ;                 ; no       ; Off          ;
; W25      ; 273        ; 6        ; GND*                                     ;        ;              ;         ; Row I/O    ;                 ; no       ; Off          ;
; W26      ; 274        ; 6        ; GND*                                     ;        ;              ;         ; Row I/O    ;                 ; no       ; Off          ;
; Y1       ; 103        ; 1        ; GND*                                     ;        ;              ;         ; Row I/O    ;                 ; no       ; Off          ;
; Y2       ;            ;          ; NC                                       ;        ;              ;         ; --         ;                 ; --       ; --           ;
; Y3       ; 108        ; 1        ; GND*                                     ;        ;              ;         ; Row I/O    ;                 ; no       ; Off          ;
; Y4       ; 109        ; 1        ; GND*                                     ;        ;              ;         ; Row I/O    ;                 ; no       ; Off          ;
; Y5       ; 121        ; 1        ; GND*                                     ;        ;              ;         ; Row I/O    ;                 ; no       ; Off          ;
; Y6       ;            ;          ; GND_PLL1                                 ; gnd    ;              ;         ; --         ;                 ; --       ; --           ;
; Y7       ;            ;          ; VCCD_PLL1                                ; power  ;              ; 1.2V    ; --         ;                 ; --       ; --           ;
; Y8       ;            ;          ; GNDA_PLL1                                ; gnd    ;              ;         ; --         ;                 ; --       ; --           ;
; Y9       ;            ;          ; GND                                      ; gnd    ;              ;         ; --         ;                 ; --       ; --           ;
; Y10      ; 146        ; 8        ; GND*                                     ;        ;              ;         ; Column I/O ;                 ; no       ; Off          ;
; Y11      ; 156        ; 8        ; GND*                                     ;        ;              ;         ; Column I/O ;                 ; no       ; Off          ;
; Y12      ; 180        ; 8        ; GND*                                     ;        ;              ;         ; Column I/O ;                 ; no       ; Off          ;
; Y13      ; 193        ; 7        ; LEDR[9]                                  ; output ; 3.3-V LVTTL  ;         ; Column I/O ; Y               ; no       ; Off          ;
; Y14      ; 195        ; 7        ; GND*                                     ;        ;              ;         ; Column I/O ;                 ; no       ; Off          ;
; Y15      ; 196        ; 7        ; GND*                                     ;        ;              ;         ; Column I/O ;                 ; no       ; Off          ;
; Y16      ; 210        ; 7        ; GND*                                     ;        ;              ;         ; Column I/O ;                 ; no       ; Off          ;
; Y17      ;            ;          ; GND                                      ; gnd    ;              ;         ; --         ;                 ; --       ; --           ;
; Y18      ; 229        ; 7        ; GND*                                     ;        ;              ;         ; Column I/O ;                 ; --       ; --           ;
; Y19      ;            ;          ; GNDA_PLL4                                ; gnd    ;              ;         ; --         ;                 ; --       ; --           ;
; Y20      ;            ;          ; VCCD_PLL4                                ; power  ;              ; 1.2V    ; --         ;                 ; --       ; --           ;
; Y21      ; 250        ; 6        ; GND*                                     ;        ;              ;         ; Row I/O    ;                 ; no       ; Off          ;
; Y22      ; 254        ; 6        ; HEX1[3]                                  ; output ; 3.3-V LVTTL  ;         ; Row I/O    ; Y               ; no       ; Off          ;
; Y23      ; 265        ; 6        ; GND*                                     ;        ;              ;         ; Row I/O    ;                 ; no       ; Off          ;
; Y24      ; 264        ; 6        ; GND*                                     ;        ;              ;         ; Row I/O    ;                 ; no       ; Off          ;
; Y25      ; 269        ; 6        ; GND*                                     ;        ;              ;         ; Row I/O    ;                 ; no       ; Off          ;
; Y26      ; 268        ; 6        ; GND*                                     ;        ;              ;         ; Row I/O    ;                 ; no       ; Off          ;
+----------+------------+----------+------------------------------------------+--------+--------------+---------+------------+-----------------+----------+--------------+
Note: Pin directions (input, output or bidir) are based on device operating in user mode.


+-------------------------------------------------------------------------------+
; Output Pin Default Load For Reported TCO                                      ;
+----------------------------------+-------+------------------------------------+
; I/O Standard                     ; Load  ; Termination Resistance             ;
+----------------------------------+-------+------------------------------------+
; 3.3-V LVTTL                      ; 0 pF  ; Not Available                      ;
; 3.3-V LVCMOS                     ; 0 pF  ; Not Available                      ;
; 2.5 V                            ; 0 pF  ; Not Available                      ;
; 1.8 V                            ; 0 pF  ; Not Available                      ;
; 1.5 V                            ; 0 pF  ; Not Available                      ;
; 3.3-V PCI                        ; 10 pF ; 25 Ohm (Parallel)                  ;
; 3.3-V PCI-X                      ; 10 pF ; 25 Ohm (Parallel)                  ;
; SSTL-2 Class I                   ; 0 pF  ; 50 Ohm (Parallel), 25 Ohm (Serial) ;
; SSTL-2 Class II                  ; 0 pF  ; 25 Ohm (Parallel), 25 Ohm (Serial) ;
; SSTL-18 Class I                  ; 0 pF  ; 50 Ohm (Parallel), 25 Ohm (Serial) ;
; SSTL-18 Class II                 ; 0 pF  ; 25 Ohm (Parallel), 25 Ohm (Serial) ;
; 1.5-V HSTL Class I               ; 0 pF  ; 50 Ohm (Parallel)                  ;
; 1.5-V HSTL Class II              ; 0 pF  ; 25 Ohm (Parallel)                  ;
; 1.8-V HSTL Class I               ; 0 pF  ; 50 Ohm (Parallel)                  ;
; 1.8-V HSTL Class II              ; 0 pF  ; 25 Ohm (Parallel)                  ;
; Differential SSTL-2              ; 0 pF  ; (See SSTL-2)                       ;
; Differential 2.5-V SSTL Class II ; 0 pF  ; (See SSTL-2 Class II)              ;
; Differential 1.8-V SSTL Class I  ; 0 pF  ; (See 1.8-V SSTL Class I)           ;
; Differential 1.8-V SSTL Class II ; 0 pF  ; (See 1.8-V SSTL Class II)          ;
; Differential 1.5-V HSTL Class I  ; 0 pF  ; (See 1.5-V HSTL Class I)           ;
; Differential 1.5-V HSTL Class II ; 0 pF  ; (See 1.5-V HSTL Class II)          ;
; Differential 1.8-V HSTL Class I  ; 0 pF  ; (See 1.8-V HSTL Class I)           ;
; Differential 1.8-V HSTL Class II ; 0 pF  ; (See 1.8-V HSTL Class II)          ;
; LVDS                             ; 0 pF  ; 100 Ohm (Differential)             ;
; mini-LVDS                        ; 0 pF  ; 100 Ohm (Differential)             ;
; RSDS                             ; 0 pF  ; 100 Ohm (Differential)             ;
; Simple RSDS                      ; 0 pF  ; Not Available                      ;
; Differential LVPECL              ; 0 pF  ; 100 Ohm (Differential)             ;
+----------------------------------+-------+------------------------------------+
Note: User assignments will override these defaults. The user specified values are listed in the Output Pins and Bidir Pins tables.


+--------------------------------------------------------------------------------------------------------------------------------------------------------------------------------------------------------------------------------------------------------------------------------------------------------------------------------------------------------------------+
; Fitter Resource Utilization by Entity                                                                                                                                                                                                                                                                                                                              ;
+----------------------------------------+-------------+---------------------------+---------------+-------------+------+--------------+---------+-----------+------+--------------+--------------+-------------------+------------------+------------------------------------------------------------------------------------------------------------+--------------+
; Compilation Hierarchy Node             ; Logic Cells ; Dedicated Logic Registers ; I/O Registers ; Memory Bits ; M4Ks ; DSP Elements ; DSP 9x9 ; DSP 18x18 ; Pins ; Virtual Pins ; LUT-Only LCs ; Register-Only LCs ; LUT/Register LCs ; Full Hierarchy Name                                                                                        ; Library Name ;
+----------------------------------------+-------------+---------------------------+---------------+-------------+------+--------------+---------+-----------+------+--------------+--------------+-------------------+------------------+------------------------------------------------------------------------------------------------------------+--------------+
; |Snake_Top                             ; 7465 (67)   ; 2582 (30)                 ; 0 (0)         ; 0           ; 0    ; 0            ; 0       ; 0         ; 63   ; 0            ; 4883 (37)    ; 934 (4)           ; 1648 (26)        ; |Snake_Top                                                                                                 ; work         ;
;    |GameOver_Display:text_gen|         ; 106 (106)   ; 0 (0)                     ; 0 (0)         ; 0           ; 0    ; 0            ; 0       ; 0         ; 0    ; 0            ; 105 (105)    ; 0 (0)             ; 1 (1)            ; |Snake_Top|GameOver_Display:text_gen                                                                       ; work         ;
;    |Game_Clock:clk_gen|                ; 60 (60)     ; 25 (25)                   ; 0 (0)         ; 0           ; 0    ; 0            ; 0       ; 0         ; 0    ; 0            ; 35 (35)      ; 0 (0)             ; 25 (25)          ; |Snake_Top|Game_Clock:clk_gen                                                                              ; work         ;
;    |Game_Logic:logic_core|             ; 6754 (6754) ; 2457 (2457)               ; 0 (0)         ; 0           ; 0    ; 0            ; 0       ; 0         ; 0    ; 0            ; 4290 (4290)  ; 926 (926)         ; 1538 (1538)      ; |Snake_Top|Game_Logic:logic_core                                                                           ; work         ;
;    |Hex_Decoder:h0|                    ; 7 (7)       ; 0 (0)                     ; 0 (0)         ; 0           ; 0    ; 0            ; 0       ; 0         ; 0    ; 0            ; 7 (7)        ; 0 (0)             ; 0 (0)            ; |Snake_Top|Hex_Decoder:h0                                                                                  ; work         ;
;    |Hex_Decoder:h1|                    ; 7 (7)       ; 0 (0)                     ; 0 (0)         ; 0           ; 0    ; 0            ; 0       ; 0         ; 0    ; 0            ; 7 (7)        ; 0 (0)             ; 0 (0)            ; |Snake_Top|Hex_Decoder:h1                                                                                  ; work         ;
;    |Keyboard_Controller:kb|            ; 41 (41)     ; 18 (18)                   ; 0 (0)         ; 0           ; 0    ; 0            ; 0       ; 0         ; 0    ; 0            ; 23 (23)      ; 1 (1)             ; 17 (17)          ; |Snake_Top|Keyboard_Controller:kb                                                                          ; work         ;
;    |Random_Generator:rng|              ; 63 (63)     ; 28 (28)                   ; 0 (0)         ; 0           ; 0    ; 0            ; 0       ; 0         ; 0    ; 0            ; 35 (35)      ; 0 (0)             ; 28 (28)          ; |Snake_Top|Random_Generator:rng                                                                            ; work         ;
;    |VGA_Controller:vga|                ; 63 (63)     ; 24 (24)                   ; 0 (0)         ; 0           ; 0    ; 0            ; 0       ; 0         ; 0    ; 0            ; 38 (38)      ; 3 (3)             ; 22 (22)          ; |Snake_Top|VGA_Controller:vga                                                                              ; work         ;
;    |lpm_divide:Div0|                   ; 56 (0)      ; 0 (0)                     ; 0 (0)         ; 0           ; 0    ; 0            ; 0       ; 0         ; 0    ; 0            ; 56 (0)       ; 0 (0)             ; 0 (0)            ; |Snake_Top|lpm_divide:Div0                                                                                 ; work         ;
;       |lpm_divide_1dm:auto_generated|  ; 56 (0)      ; 0 (0)                     ; 0 (0)         ; 0           ; 0    ; 0            ; 0       ; 0         ; 0    ; 0            ; 56 (0)       ; 0 (0)             ; 0 (0)            ; |Snake_Top|lpm_divide:Div0|lpm_divide_1dm:auto_generated                                                   ; work         ;
;          |sign_div_unsign_bkh:divider| ; 56 (0)      ; 0 (0)                     ; 0 (0)         ; 0           ; 0    ; 0            ; 0       ; 0         ; 0    ; 0            ; 56 (0)       ; 0 (0)             ; 0 (0)            ; |Snake_Top|lpm_divide:Div0|lpm_divide_1dm:auto_generated|sign_div_unsign_bkh:divider                       ; work         ;
;             |alt_u_div_ove:divider|    ; 56 (56)     ; 0 (0)                     ; 0 (0)         ; 0           ; 0    ; 0            ; 0       ; 0         ; 0    ; 0            ; 56 (56)      ; 0 (0)             ; 0 (0)            ; |Snake_Top|lpm_divide:Div0|lpm_divide_1dm:auto_generated|sign_div_unsign_bkh:divider|alt_u_div_ove:divider ; work         ;
;    |lpm_divide:Mod0|                   ; 59 (0)      ; 0 (0)                     ; 0 (0)         ; 0           ; 0    ; 0            ; 0       ; 0         ; 0    ; 0            ; 59 (0)       ; 0 (0)             ; 0 (0)            ; |Snake_Top|lpm_divide:Mod0                                                                                 ; work         ;
;       |lpm_divide_45m:auto_generated|  ; 59 (0)      ; 0 (0)                     ; 0 (0)         ; 0           ; 0    ; 0            ; 0       ; 0         ; 0    ; 0            ; 59 (0)       ; 0 (0)             ; 0 (0)            ; |Snake_Top|lpm_divide:Mod0|lpm_divide_45m:auto_generated                                                   ; work         ;
;          |sign_div_unsign_bkh:divider| ; 59 (0)      ; 0 (0)                     ; 0 (0)         ; 0           ; 0    ; 0            ; 0       ; 0         ; 0    ; 0            ; 59 (0)       ; 0 (0)             ; 0 (0)            ; |Snake_Top|lpm_divide:Mod0|lpm_divide_45m:auto_generated|sign_div_unsign_bkh:divider                       ; work         ;
;             |alt_u_div_ove:divider|    ; 59 (59)     ; 0 (0)                     ; 0 (0)         ; 0           ; 0    ; 0            ; 0       ; 0         ; 0    ; 0            ; 59 (59)      ; 0 (0)             ; 0 (0)            ; |Snake_Top|lpm_divide:Mod0|lpm_divide_45m:auto_generated|sign_div_unsign_bkh:divider|alt_u_div_ove:divider ; work         ;
;    |lpm_divide:Mod1|                   ; 21 (0)      ; 0 (0)                     ; 0 (0)         ; 0           ; 0    ; 0            ; 0       ; 0         ; 0    ; 0            ; 21 (0)       ; 0 (0)             ; 0 (0)            ; |Snake_Top|lpm_divide:Mod1                                                                                 ; work         ;
;       |lpm_divide_45m:auto_generated|  ; 21 (0)      ; 0 (0)                     ; 0 (0)         ; 0           ; 0    ; 0            ; 0       ; 0         ; 0    ; 0            ; 21 (0)       ; 0 (0)             ; 0 (0)            ; |Snake_Top|lpm_divide:Mod1|lpm_divide_45m:auto_generated                                                   ; work         ;
;          |sign_div_unsign_bkh:divider| ; 21 (0)      ; 0 (0)                     ; 0 (0)         ; 0           ; 0    ; 0            ; 0       ; 0         ; 0    ; 0            ; 21 (0)       ; 0 (0)             ; 0 (0)            ; |Snake_Top|lpm_divide:Mod1|lpm_divide_45m:auto_generated|sign_div_unsign_bkh:divider                       ; work         ;
;             |alt_u_div_ove:divider|    ; 21 (21)     ; 0 (0)                     ; 0 (0)         ; 0           ; 0    ; 0            ; 0       ; 0         ; 0    ; 0            ; 21 (21)      ; 0 (0)             ; 0 (0)            ; |Snake_Top|lpm_divide:Mod1|lpm_divide_45m:auto_generated|sign_div_unsign_bkh:divider|alt_u_div_ove:divider ; work         ;
;    |lpm_divide:Mod2|                   ; 95 (0)      ; 0 (0)                     ; 0 (0)         ; 0           ; 0    ; 0            ; 0       ; 0         ; 0    ; 0            ; 92 (0)       ; 0 (0)             ; 3 (0)            ; |Snake_Top|lpm_divide:Mod2                                                                                 ; work         ;
;       |lpm_divide_e6m:auto_generated|  ; 95 (0)      ; 0 (0)                     ; 0 (0)         ; 0           ; 0    ; 0            ; 0       ; 0         ; 0    ; 0            ; 92 (0)       ; 0 (0)             ; 3 (0)            ; |Snake_Top|lpm_divide:Mod2|lpm_divide_e6m:auto_generated                                                   ; work         ;
;          |sign_div_unsign_llh:divider| ; 95 (0)      ; 0 (0)                     ; 0 (0)         ; 0           ; 0    ; 0            ; 0       ; 0         ; 0    ; 0            ; 92 (0)       ; 0 (0)             ; 3 (0)            ; |Snake_Top|lpm_divide:Mod2|lpm_divide_e6m:auto_generated|sign_div_unsign_llh:divider                       ; work         ;
;             |alt_u_div_c2f:divider|    ; 95 (95)     ; 0 (0)                     ; 0 (0)         ; 0           ; 0    ; 0            ; 0       ; 0         ; 0    ; 0            ; 92 (92)      ; 0 (0)             ; 3 (3)            ; |Snake_Top|lpm_divide:Mod2|lpm_divide_e6m:auto_generated|sign_div_unsign_llh:divider|alt_u_div_c2f:divider ; work         ;
;    |lpm_divide:Mod3|                   ; 82 (0)      ; 0 (0)                     ; 0 (0)         ; 0           ; 0    ; 0            ; 0       ; 0         ; 0    ; 0            ; 78 (0)       ; 0 (0)             ; 4 (0)            ; |Snake_Top|lpm_divide:Mod3                                                                                 ; work         ;
;       |lpm_divide_d6m:auto_generated|  ; 82 (0)      ; 0 (0)                     ; 0 (0)         ; 0           ; 0    ; 0            ; 0       ; 0         ; 0    ; 0            ; 78 (0)       ; 0 (0)             ; 4 (0)            ; |Snake_Top|lpm_divide:Mod3|lpm_divide_d6m:auto_generated                                                   ; work         ;
;          |sign_div_unsign_klh:divider| ; 82 (0)      ; 0 (0)                     ; 0 (0)         ; 0           ; 0    ; 0            ; 0       ; 0         ; 0    ; 0            ; 78 (0)       ; 0 (0)             ; 4 (0)            ; |Snake_Top|lpm_divide:Mod3|lpm_divide_d6m:auto_generated|sign_div_unsign_klh:divider                       ; work         ;
;             |alt_u_div_a2f:divider|    ; 82 (82)     ; 0 (0)                     ; 0 (0)         ; 0           ; 0    ; 0            ; 0       ; 0         ; 0    ; 0            ; 78 (78)      ; 0 (0)             ; 4 (4)            ; |Snake_Top|lpm_divide:Mod3|lpm_divide_d6m:auto_generated|sign_div_unsign_klh:divider|alt_u_div_a2f:divider ; work         ;
+----------------------------------------+-------------+---------------------------+---------------+-------------+------+--------------+---------+-----------+------+--------------+--------------+-------------------+------------------+------------------------------------------------------------------------------------------------------------+--------------+
Note: For table entries with two numbers listed, the numbers in parentheses indicate the number of resources of the given type used by the specific entity alone. The numbers listed outside of parentheses indicate the total resources of the given type used by the specific entity and all of its sub-entities in the hierarchy.


+--------------------------------------------------------------------------------------+
; Delay Chain Summary                                                                  ;
+-------------+----------+---------------+---------------+-----------------------+-----+
; Name        ; Pin Type ; Pad to Core 0 ; Pad to Core 1 ; Pad to Input Register ; TCO ;
+-------------+----------+---------------+---------------+-----------------------+-----+
; VGA_R[0]    ; Output   ; --            ; --            ; --                    ; --  ;
; VGA_R[1]    ; Output   ; --            ; --            ; --                    ; --  ;
; VGA_R[2]    ; Output   ; --            ; --            ; --                    ; --  ;
; VGA_R[3]    ; Output   ; --            ; --            ; --                    ; --  ;
; VGA_R[4]    ; Output   ; --            ; --            ; --                    ; --  ;
; VGA_R[5]    ; Output   ; --            ; --            ; --                    ; --  ;
; VGA_R[6]    ; Output   ; --            ; --            ; --                    ; --  ;
; VGA_R[7]    ; Output   ; --            ; --            ; --                    ; --  ;
; VGA_R[8]    ; Output   ; --            ; --            ; --                    ; --  ;
; VGA_R[9]    ; Output   ; --            ; --            ; --                    ; --  ;
; VGA_G[0]    ; Output   ; --            ; --            ; --                    ; --  ;
; VGA_G[1]    ; Output   ; --            ; --            ; --                    ; --  ;
; VGA_G[2]    ; Output   ; --            ; --            ; --                    ; --  ;
; VGA_G[3]    ; Output   ; --            ; --            ; --                    ; --  ;
; VGA_G[4]    ; Output   ; --            ; --            ; --                    ; --  ;
; VGA_G[5]    ; Output   ; --            ; --            ; --                    ; --  ;
; VGA_G[6]    ; Output   ; --            ; --            ; --                    ; --  ;
; VGA_G[7]    ; Output   ; --            ; --            ; --                    ; --  ;
; VGA_G[8]    ; Output   ; --            ; --            ; --                    ; --  ;
; VGA_G[9]    ; Output   ; --            ; --            ; --                    ; --  ;
; VGA_B[0]    ; Output   ; --            ; --            ; --                    ; --  ;
; VGA_B[1]    ; Output   ; --            ; --            ; --                    ; --  ;
; VGA_B[2]    ; Output   ; --            ; --            ; --                    ; --  ;
; VGA_B[3]    ; Output   ; --            ; --            ; --                    ; --  ;
; VGA_B[4]    ; Output   ; --            ; --            ; --                    ; --  ;
; VGA_B[5]    ; Output   ; --            ; --            ; --                    ; --  ;
; VGA_B[6]    ; Output   ; --            ; --            ; --                    ; --  ;
; VGA_B[7]    ; Output   ; --            ; --            ; --                    ; --  ;
; VGA_B[8]    ; Output   ; --            ; --            ; --                    ; --  ;
; VGA_B[9]    ; Output   ; --            ; --            ; --                    ; --  ;
; VGA_HS      ; Output   ; --            ; --            ; --                    ; --  ;
; VGA_VS      ; Output   ; --            ; --            ; --                    ; --  ;
; VGA_BLANK_N ; Output   ; --            ; --            ; --                    ; --  ;
; VGA_SYNC_N  ; Output   ; --            ; --            ; --                    ; --  ;
; VGA_CLK     ; Output   ; --            ; --            ; --                    ; --  ;
; LEDR[0]     ; Output   ; --            ; --            ; --                    ; --  ;
; LEDR[1]     ; Output   ; --            ; --            ; --                    ; --  ;
; LEDR[2]     ; Output   ; --            ; --            ; --                    ; --  ;
; LEDR[3]     ; Output   ; --            ; --            ; --                    ; --  ;
; LEDR[4]     ; Output   ; --            ; --            ; --                    ; --  ;
; LEDR[5]     ; Output   ; --            ; --            ; --                    ; --  ;
; LEDR[6]     ; Output   ; --            ; --            ; --                    ; --  ;
; LEDR[7]     ; Output   ; --            ; --            ; --                    ; --  ;
; LEDR[8]     ; Output   ; --            ; --            ; --                    ; --  ;
; LEDR[9]     ; Output   ; --            ; --            ; --                    ; --  ;
; HEX0[0]     ; Output   ; --            ; --            ; --                    ; --  ;
; HEX0[1]     ; Output   ; --            ; --            ; --                    ; --  ;
; HEX0[2]     ; Output   ; --            ; --            ; --                    ; --  ;
; HEX0[3]     ; Output   ; --            ; --            ; --                    ; --  ;
; HEX0[4]     ; Output   ; --            ; --            ; --                    ; --  ;
; HEX0[5]     ; Output   ; --            ; --            ; --                    ; --  ;
; HEX0[6]     ; Output   ; --            ; --            ; --                    ; --  ;
; HEX1[0]     ; Output   ; --            ; --            ; --                    ; --  ;
; HEX1[1]     ; Output   ; --            ; --            ; --                    ; --  ;
; HEX1[2]     ; Output   ; --            ; --            ; --                    ; --  ;
; HEX1[3]     ; Output   ; --            ; --            ; --                    ; --  ;
; HEX1[4]     ; Output   ; --            ; --            ; --                    ; --  ;
; HEX1[5]     ; Output   ; --            ; --            ; --                    ; --  ;
; HEX1[6]     ; Output   ; --            ; --            ; --                    ; --  ;
; CLOCK_50    ; Input    ; (0) 171 ps    ; (0) 171 ps    ; --                    ; --  ;
; PS2_CLK     ; Input    ; (0) 171 ps    ; (0) 171 ps    ; --                    ; --  ;
; SW0_RESET   ; Input    ; (0) 171 ps    ; (0) 171 ps    ; --                    ; --  ;
; PS2_DAT     ; Input    ; (6) 2523 ps   ; (6) 2523 ps   ; --                    ; --  ;
+-------------+----------+---------------+---------------+-----------------------+-----+


+----------------------------------------------------------------------------+
; Pad To Core Delay Chain Fanout                                             ;
+----------------------------------------------+-------------------+---------+
; Source Pin / Fanout                          ; Pad To Core Index ; Setting ;
+----------------------------------------------+-------------------+---------+
; CLOCK_50                                     ;                   ;         ;
; PS2_CLK                                      ;                   ;         ;
;      - Keyboard_Controller:kb|direction[1]   ; 0                 ; 0       ;
;      - Keyboard_Controller:kb|direction[2]   ; 0                 ; 0       ;
;      - Keyboard_Controller:kb|direction[3]   ; 0                 ; 0       ;
;      - Keyboard_Controller:kb|direction[4]   ; 0                 ; 0       ;
;      - Keyboard_Controller:kb|shift_reg[1]   ; 0                 ; 0       ;
;      - Keyboard_Controller:kb|shift_reg[2]   ; 0                 ; 0       ;
;      - Keyboard_Controller:kb|shift_reg[6]   ; 0                 ; 0       ;
;      - Keyboard_Controller:kb|bit_count[1]   ; 1                 ; 0       ;
;      - Keyboard_Controller:kb|bit_count[3]   ; 1                 ; 0       ;
;      - Keyboard_Controller:kb|bit_count[0]   ; 1                 ; 0       ;
;      - Keyboard_Controller:kb|bit_count[2]   ; 1                 ; 0       ;
;      - Keyboard_Controller:kb|key_break      ; 0                 ; 0       ;
;      - Keyboard_Controller:kb|shift_reg[7]   ; 0                 ; 0       ;
;      - Keyboard_Controller:kb|shift_reg[8]   ; 0                 ; 0       ;
;      - Keyboard_Controller:kb|shift_reg[3]   ; 0                 ; 0       ;
;      - Keyboard_Controller:kb|shift_reg[5]   ; 0                 ; 0       ;
;      - Keyboard_Controller:kb|shift_reg[4]   ; 0                 ; 0       ;
;      - Keyboard_Controller:kb|reset_cmd      ; 0                 ; 0       ;
; SW0_RESET                                    ;                   ;         ;
; PS2_DAT                                      ;                   ;         ;
;      - Keyboard_Controller:kb|shift_reg[1]~0 ; 1                 ; 6       ;
;      - Keyboard_Controller:kb|shift_reg[2]~1 ; 1                 ; 6       ;
;      - Keyboard_Controller:kb|shift_reg[6]~2 ; 1                 ; 6       ;
;      - Keyboard_Controller:kb|shift_reg[7]~3 ; 1                 ; 6       ;
;      - Keyboard_Controller:kb|shift_reg[8]~4 ; 1                 ; 6       ;
;      - Keyboard_Controller:kb|shift_reg[3]~5 ; 1                 ; 6       ;
;      - Keyboard_Controller:kb|shift_reg[5]~6 ; 1                 ; 6       ;
;      - Keyboard_Controller:kb|shift_reg[4]~7 ; 1                 ; 6       ;
+----------------------------------------------+-------------------+---------+


+------------------------------------------------------------------------------------------------------------------------------------------------------------------------------------+
; Control Signals                                                                                                                                                                    ;
+--------------------------------------------+--------------------+---------+-------------------------+--------+----------------------+------------------+---------------------------+
; Name                                       ; Location           ; Fan-Out ; Usage                   ; Global ; Global Resource Used ; Global Line Name ; Enable Signal Source Name ;
+--------------------------------------------+--------------------+---------+-------------------------+--------+----------------------+------------------+---------------------------+
; CLOCK_50                                   ; PIN_N2             ; 112     ; Clock                   ; yes    ; Global Clock         ; GCLK2            ; --                        ;
; Game_Clock:clk_gen|LessThan4~25            ; LCCOMB_X35_Y18_N2  ; 25      ; Sync. clear             ; no     ; --                   ; --               ; --                        ;
; Game_Clock:clk_gen|game_tick               ; LCFF_X35_Y18_N1    ; 2452    ; Clock                   ; yes    ; Global Clock         ; GCLK13           ; --                        ;
; Game_Logic:logic_core|cur_dir[4]~7         ; LCCOMB_X63_Y28_N28 ; 4       ; Clock enable            ; no     ; --                   ; --               ; --                        ;
; Game_Logic:logic_core|current_state.S_INIT ; LCFF_X40_Y21_N27   ; 58      ; Sync. clear, Sync. load ; no     ; --                   ; --               ; --                        ;
; Game_Logic:logic_core|current_state.S_PLAY ; LCFF_X40_Y21_N9    ; 2400    ; Clock enable            ; no     ; --                   ; --               ; --                        ;
; Game_Logic:logic_core|score[0]~12          ; LCCOMB_X54_Y19_N10 ; 25      ; Clock enable            ; no     ; --                   ; --               ; --                        ;
; Game_Logic:logic_core|snake_len[1]~22      ; LCCOMB_X37_Y19_N2  ; 7       ; Clock enable            ; no     ; --                   ; --               ; --                        ;
; Game_Logic:logic_core|snake_x[0][1]~1      ; LCCOMB_X46_Y20_N22 ; 10      ; Clock enable            ; no     ; --                   ; --               ; --                        ;
; Game_Logic:logic_core|snake_y[0][9]~1      ; LCCOMB_X43_Y24_N30 ; 9       ; Clock enable            ; no     ; --                   ; --               ; --                        ;
; Keyboard_Controller:kb|Equal0~0            ; LCCOMB_X64_Y31_N20 ; 4       ; Clock enable            ; no     ; --                   ; --               ; --                        ;
; Keyboard_Controller:kb|direction[2]~4      ; LCCOMB_X64_Y28_N30 ; 3       ; Clock enable            ; no     ; --                   ; --               ; --                        ;
; Keyboard_Controller:kb|direction[4]        ; LCFF_X64_Y28_N9    ; 9       ; Sync. load              ; no     ; --                   ; --               ; --                        ;
; PS2_CLK                                    ; PIN_D26            ; 18      ; Clock                   ; no     ; --                   ; --               ; --                        ;
; VGA_Controller:vga|Equal0~7                ; LCCOMB_X41_Y26_N6  ; 12      ; Clock enable            ; no     ; --                   ; --               ; --                        ;
; VGA_Controller:vga|blank_n                 ; LCFF_X29_Y28_N29   ; 14      ; Sync. clear             ; no     ; --                   ; --               ; --                        ;
+--------------------------------------------+--------------------+---------+-------------------------+--------+----------------------+------------------+---------------------------+


+--------------------------------------------------------------------------------------------------------------------------------+
; Global & Other Fast Signals                                                                                                    ;
+------------------------------+-----------------+---------+----------------------+------------------+---------------------------+
; Name                         ; Location        ; Fan-Out ; Global Resource Used ; Global Line Name ; Enable Signal Source Name ;
+------------------------------+-----------------+---------+----------------------+------------------+---------------------------+
; CLOCK_50                     ; PIN_N2          ; 112     ; Global Clock         ; GCLK2            ; --                        ;
; Game_Clock:clk_gen|game_tick ; LCFF_X35_Y18_N1 ; 2452    ; Global Clock         ; GCLK13           ; --                        ;
+------------------------------+-----------------+---------+----------------------+------------------+---------------------------+


+-------------------------------------------------------------------------------------------------------------------------------------+
; Non-Global High Fan-Out Signals                                                                                                     ;
+---------------------------------------------------------------------------------------------------------------------------+---------+
; Name                                                                                                                      ; Fan-Out ;
+---------------------------------------------------------------------------------------------------------------------------+---------+
; Game_Logic:logic_core|current_state.S_PLAY                                                                                ; 2400    ;
; VGA_Controller:vga|pixel_x[6]                                                                                             ; 164     ;
; VGA_Controller:vga|pixel_x[5]                                                                                             ; 164     ;
; VGA_Controller:vga|pixel_x[7]                                                                                             ; 162     ;
; VGA_Controller:vga|pixel_x[8]                                                                                             ; 161     ;
; VGA_Controller:vga|pixel_x[4]                                                                                             ; 160     ;
; VGA_Controller:vga|pixel_x[3]                                                                                             ; 155     ;
; VGA_Controller:vga|pixel_y[8]                                                                                             ; 152     ;
; VGA_Controller:vga|pixel_y[7]                                                                                             ; 152     ;
; VGA_Controller:vga|pixel_y[6]                                                                                             ; 152     ;
; VGA_Controller:vga|pixel_y[5]                                                                                             ; 152     ;
; VGA_Controller:vga|pixel_x[2]                                                                                             ; 151     ;
; VGA_Controller:vga|pixel_x[1]                                                                                             ; 151     ;
; VGA_Controller:vga|pixel_y[4]                                                                                             ; 150     ;
; VGA_Controller:vga|pixel_x[9]                                                                                             ; 150     ;
; VGA_Controller:vga|pixel_y[3]                                                                                             ; 149     ;
; VGA_Controller:vga|pixel_y[2]                                                                                             ; 148     ;
; VGA_Controller:vga|pixel_y[9]                                                                                             ; 148     ;
; VGA_Controller:vga|pixel_x[10]                                                                                            ; 146     ;
; VGA_Controller:vga|pixel_y[1]                                                                                             ; 144     ;
; Game_Logic:logic_core|snake_x[0][3]                                                                                       ; 137     ;
; Game_Logic:logic_core|snake_x[0][4]                                                                                       ; 137     ;
; Game_Logic:logic_core|snake_x[0][8]                                                                                       ; 137     ;
; Game_Logic:logic_core|snake_y[0][4]                                                                                       ; 136     ;
; Game_Logic:logic_core|snake_y[0][5]                                                                                       ; 136     ;
; Game_Logic:logic_core|snake_y[0][7]                                                                                       ; 136     ;
; Game_Logic:logic_core|snake_x[0][5]                                                                                       ; 136     ;
; Game_Logic:logic_core|snake_x[0][9]                                                                                       ; 136     ;
; Game_Logic:logic_core|snake_y[0][3]                                                                                       ; 135     ;
; Game_Logic:logic_core|snake_y[0][6]                                                                                       ; 135     ;
; Game_Logic:logic_core|snake_x[0][2]                                                                                       ; 135     ;
; Game_Logic:logic_core|snake_x[0][7]                                                                                       ; 135     ;
; Game_Logic:logic_core|snake_y[0][2]                                                                                       ; 134     ;
; Game_Logic:logic_core|snake_y[0][8]                                                                                       ; 134     ;
; Game_Logic:logic_core|snake_x[0][6]                                                                                       ; 134     ;
; Game_Logic:logic_core|snake_y[0][1]                                                                                       ; 133     ;
; Game_Logic:logic_core|snake_y[0][9]                                                                                       ; 132     ;
; Game_Logic:logic_core|snake_x[0][1]                                                                                       ; 131     ;
; Game_Logic:logic_core|snake_x[0][10]                                                                                      ; 130     ;
; Game_Logic:logic_core|snake_len[6]                                                                                        ; 92      ;
; Game_Logic:logic_core|snake_len[5]                                                                                        ; 84      ;
; Game_Logic:logic_core|current_state.S_INIT                                                                                ; 58      ;
; Game_Logic:logic_core|snake_len[4]                                                                                        ; 57      ;
; Game_Logic:logic_core|snake_len[3]                                                                                        ; 38      ;
; Game_Clock:clk_gen|LessThan4~25                                                                                           ; 25      ;
; Game_Logic:logic_core|score[0]~12                                                                                         ; 25      ;
; Game_Logic:logic_core|snake_len[2]                                                                                        ; 24      ;
; PS2_CLK                                                                                                                   ; 18      ;
; always0~8                                                                                                                 ; 18      ;
; Game_Logic:logic_core|snake_len[0]                                                                                        ; 18      ;
; Game_Logic:logic_core|cur_dir[4]                                                                                          ; 17      ;
; Game_Logic:logic_core|score[3]                                                                                            ; 16      ;
; Game_Logic:logic_core|LessThan299~1                                                                                       ; 15      ;
; Game_Logic:logic_core|snake_len[1]                                                                                        ; 15      ;
; Game_Logic:logic_core|game_over                                                                                           ; 15      ;
; Game_Logic:logic_core|score[4]                                                                                            ; 15      ;
; Game_Logic:logic_core|cur_dir[3]                                                                                          ; 15      ;
; always0~0                                                                                                                 ; 14      ;
; VGA_Controller:vga|blank_n                                                                                                ; 14      ;
; Game_Logic:logic_core|score[5]                                                                                            ; 14      ;
; Game_Logic:logic_core|score[6]                                                                                            ; 14      ;
; Keyboard_Controller:kb|bit_count[2]                                                                                       ; 13      ;
; Keyboard_Controller:kb|bit_count[0]                                                                                       ; 13      ;
; Keyboard_Controller:kb|bit_count[1]                                                                                       ; 13      ;
; Game_Logic:logic_core|LessThan308~0                                                                                       ; 13      ;
; Keyboard_Controller:kb|bit_count[3]                                                                                       ; 12      ;
; VGA_Controller:vga|Equal0~7                                                                                               ; 12      ;
; Game_Logic:logic_core|LessThan299~0                                                                                       ; 12      ;
; VGA_Controller:vga|pixel_x[0]                                                                                             ; 12      ;
; Game_Logic:logic_core|is_head                                                                                             ; 12      ;
; Game_Logic:logic_core|is_body                                                                                             ; 12      ;
; lpm_divide:Div0|lpm_divide_1dm:auto_generated|sign_div_unsign_bkh:divider|alt_u_div_ove:divider|add_sub_5_result_int[5]~8 ; 12      ;
; lpm_divide:Div0|lpm_divide_1dm:auto_generated|sign_div_unsign_bkh:divider|alt_u_div_ove:divider|add_sub_4_result_int[5]~8 ; 12      ;
; lpm_divide:Div0|lpm_divide_1dm:auto_generated|sign_div_unsign_bkh:divider|alt_u_div_ove:divider|add_sub_3_result_int[4]~6 ; 12      ;
; Game_Logic:logic_core|score[2]                                                                                            ; 12      ;
; Game_Logic:logic_core|is_apple                                                                                            ; 11      ;
; Game_Logic:logic_core|score[7]                                                                                            ; 11      ;
; Game_Logic:logic_core|snake_x[0][1]~1                                                                                     ; 10      ;
; Game_Logic:logic_core|LessThan299~3                                                                                       ; 10      ;
; lpm_divide:Mod2|lpm_divide_e6m:auto_generated|sign_div_unsign_llh:divider|alt_u_div_c2f:divider|add_sub_8_result_int[5]~8 ; 10      ;
; lpm_divide:Mod2|lpm_divide_e6m:auto_generated|sign_div_unsign_llh:divider|alt_u_div_c2f:divider|add_sub_7_result_int[5]~8 ; 10      ;
; lpm_divide:Mod2|lpm_divide_e6m:auto_generated|sign_div_unsign_llh:divider|alt_u_div_c2f:divider|add_sub_6_result_int[5]~8 ; 10      ;
; lpm_divide:Mod2|lpm_divide_e6m:auto_generated|sign_div_unsign_llh:divider|alt_u_div_c2f:divider|add_sub_5_result_int[5]~8 ; 10      ;
; lpm_divide:Mod2|lpm_divide_e6m:auto_generated|sign_div_unsign_llh:divider|alt_u_div_c2f:divider|add_sub_4_result_int[5]~8 ; 10      ;
; lpm_divide:Mod2|lpm_divide_e6m:auto_generated|sign_div_unsign_llh:divider|alt_u_div_c2f:divider|add_sub_3_result_int[4]~6 ; 10      ;
; lpm_divide:Mod3|lpm_divide_d6m:auto_generated|sign_div_unsign_klh:divider|alt_u_div_a2f:divider|add_sub_7_result_int[5]~8 ; 10      ;
; lpm_divide:Mod3|lpm_divide_d6m:auto_generated|sign_div_unsign_klh:divider|alt_u_div_a2f:divider|add_sub_6_result_int[5]~8 ; 10      ;
; lpm_divide:Mod3|lpm_divide_d6m:auto_generated|sign_div_unsign_klh:divider|alt_u_div_a2f:divider|add_sub_5_result_int[5]~8 ; 10      ;
; lpm_divide:Mod3|lpm_divide_d6m:auto_generated|sign_div_unsign_klh:divider|alt_u_div_a2f:divider|add_sub_4_result_int[5]~8 ; 10      ;
; lpm_divide:Mod3|lpm_divide_d6m:auto_generated|sign_div_unsign_klh:divider|alt_u_div_a2f:divider|add_sub_3_result_int[4]~6 ; 10      ;
; lpm_divide:Div0|lpm_divide_1dm:auto_generated|sign_div_unsign_bkh:divider|alt_u_div_ove:divider|add_sub_6_result_int[5]~8 ; 10      ;
; lpm_divide:Mod0|lpm_divide_45m:auto_generated|sign_div_unsign_bkh:divider|alt_u_div_ove:divider|add_sub_5_result_int[5]~8 ; 10      ;
; lpm_divide:Mod0|lpm_divide_45m:auto_generated|sign_div_unsign_bkh:divider|alt_u_div_ove:divider|add_sub_4_result_int[5]~8 ; 10      ;
; lpm_divide:Mod0|lpm_divide_45m:auto_generated|sign_div_unsign_bkh:divider|alt_u_div_ove:divider|add_sub_3_result_int[4]~6 ; 10      ;
; Game_Logic:logic_core|score[1]                                                                                            ; 10      ;
; Game_Logic:logic_core|score[0]                                                                                            ; 10      ;
; Random_Generator:rng|cnt_x[6]                                                                                             ; 9       ;
; Random_Generator:rng|rnd_x[10]                                                                                            ; 9       ;
; Game_Logic:logic_core|apple_x[7]~8                                                                                        ; 9       ;
; Game_Logic:logic_core|snake_y[0][9]~1                                                                                     ; 9       ;
; Keyboard_Controller:kb|shift_reg[2]                                                                                       ; 9       ;
; Game_Logic:logic_core|LessThan310~0                                                                                       ; 9       ;
; Game_Logic:logic_core|LessThan300~2                                                                                       ; 9       ;
; Keyboard_Controller:kb|direction[4]                                                                                       ; 9       ;
; VGA_G~13                                                                                                                  ; 9       ;
; lpm_divide:Mod2|lpm_divide_e6m:auto_generated|sign_div_unsign_llh:divider|alt_u_div_c2f:divider|add_sub_9_result_int[5]~8 ; 9       ;
; lpm_divide:Mod3|lpm_divide_d6m:auto_generated|sign_div_unsign_klh:divider|alt_u_div_a2f:divider|add_sub_8_result_int[5]~8 ; 9       ;
; PS2_DAT                                                                                                                   ; 8       ;
; ~GND                                                                                                                      ; 8       ;
; Game_Logic:logic_core|apple_y[5]~10                                                                                       ; 8       ;
; Keyboard_Controller:kb|shift_reg[6]                                                                                       ; 8       ;
; Game_Logic:logic_core|LessThan305~2                                                                                       ; 8       ;
; Game_Logic:logic_core|LessThan303~2                                                                                       ; 8       ;
; lpm_divide:Mod1|lpm_divide_45m:auto_generated|sign_div_unsign_bkh:divider|alt_u_div_ove:divider|add_sub_6_result_int[5]~8 ; 8       ;
; lpm_divide:Mod0|lpm_divide_45m:auto_generated|sign_div_unsign_bkh:divider|alt_u_div_ove:divider|add_sub_6_result_int[5]~8 ; 8       ;
; Random_Generator:rng|cnt_y[5]                                                                                             ; 7       ;
; Game_Logic:logic_core|snake_len[1]~22                                                                                     ; 7       ;
; Random_Generator:rng|rnd_x[9]                                                                                             ; 7       ;
; Keyboard_Controller:kb|shift_reg[1]                                                                                       ; 7       ;
; Game_Logic:logic_core|LessThan342~0                                                                                       ; 7       ;
; Game_Logic:logic_core|LessThan304~2                                                                                       ; 7       ;
; VGA_B~3                                                                                                                   ; 7       ;
; lpm_divide:Mod1|lpm_divide_45m:auto_generated|sign_div_unsign_bkh:divider|alt_u_div_ove:divider|StageOut[38]~10           ; 7       ;
; lpm_divide:Mod1|lpm_divide_45m:auto_generated|sign_div_unsign_bkh:divider|alt_u_div_ove:divider|StageOut[37]~9            ; 7       ;
; lpm_divide:Mod1|lpm_divide_45m:auto_generated|sign_div_unsign_bkh:divider|alt_u_div_ove:divider|StageOut[36]~8            ; 7       ;
; lpm_divide:Mod0|lpm_divide_45m:auto_generated|sign_div_unsign_bkh:divider|alt_u_div_ove:divider|StageOut[38]~64           ; 7       ;
; lpm_divide:Mod0|lpm_divide_45m:auto_generated|sign_div_unsign_bkh:divider|alt_u_div_ove:divider|StageOut[37]~63           ; 7       ;
; lpm_divide:Mod0|lpm_divide_45m:auto_generated|sign_div_unsign_bkh:divider|alt_u_div_ove:divider|StageOut[36]~62           ; 7       ;
; lpm_divide:Div0|lpm_divide_1dm:auto_generated|sign_div_unsign_bkh:divider|alt_u_div_ove:divider|add_sub_7_result_int[5]~8 ; 7       ;
; Random_Generator:rng|rnd_y~1                                                                                              ; 6       ;
; Random_Generator:rng|cnt_y[4]                                                                                             ; 6       ;
; Random_Generator:rng|rnd_x[2]~5                                                                                           ; 6       ;
; Keyboard_Controller:kb|shift_reg[3]                                                                                       ; 6       ;
; Keyboard_Controller:kb|direction[3]                                                                                       ; 6       ;
; VGA_G~9                                                                                                                   ; 6       ;
; VGA_Controller:vga|pixel_y[0]                                                                                             ; 6       ;
; VGA_Controller:vga|Equal0~2                                                                                               ; 6       ;
; GameOver_Display:text_gen|LessThan26~0                                                                                    ; 6       ;
; Game_Logic:logic_core|cur_dir[2]                                                                                          ; 6       ;
; Game_Logic:logic_core|cur_dir[1]                                                                                          ; 6       ;
; Random_Generator:rng|cnt_y[2]                                                                                             ; 5       ;
; Random_Generator:rng|cnt_y[3]                                                                                             ; 5       ;
; Random_Generator:rng|rnd_x~3                                                                                              ; 5       ;
; Random_Generator:rng|cnt_x[5]                                                                                             ; 5       ;
; Random_Generator:rng|cnt_x[4]                                                                                             ; 5       ;
; Random_Generator:rng|cnt_x[1]                                                                                             ; 5       ;
; Random_Generator:rng|cnt_x[3]                                                                                             ; 5       ;
; Random_Generator:rng|cnt_x[2]                                                                                             ; 5       ;
; Random_Generator:rng|rnd_y[6]                                                                                             ; 5       ;
; Random_Generator:rng|rnd_y[5]                                                                                             ; 5       ;
; Random_Generator:rng|rnd_y[4]                                                                                             ; 5       ;
; Random_Generator:rng|rnd_y[2]                                                                                             ; 5       ;
; Random_Generator:rng|rnd_y[3]                                                                                             ; 5       ;
; Random_Generator:rng|rnd_y[8]                                                                                             ; 5       ;
; Keyboard_Controller:kb|shift_reg[5]                                                                                       ; 5       ;
; Game_Clock:clk_gen|speed_limit[20]~16                                                                                     ; 5       ;
; VGA_Controller:vga|Equal1~3                                                                                               ; 5       ;
; Game_Logic:logic_core|snake_x[31][1]                                                                                      ; 5       ;
; Game_Logic:logic_core|snake_y[31][1]                                                                                      ; 5       ;
; Game_Logic:logic_core|snake_x[55][1]                                                                                      ; 5       ;
; Game_Logic:logic_core|snake_y[55][1]                                                                                      ; 5       ;
; Game_Logic:logic_core|snake_x[47][1]                                                                                      ; 5       ;
; Game_Logic:logic_core|snake_y[47][1]                                                                                      ; 5       ;
; Game_Logic:logic_core|snake_x[39][1]                                                                                      ; 5       ;
; Game_Logic:logic_core|snake_y[39][1]                                                                                      ; 5       ;
; Game_Logic:logic_core|snake_x[23][1]                                                                                      ; 5       ;
; Game_Logic:logic_core|snake_y[23][1]                                                                                      ; 5       ;
; Game_Logic:logic_core|snake_x[63][1]                                                                                      ; 5       ;
; Game_Logic:logic_core|snake_y[63][1]                                                                                      ; 5       ;
; Game_Logic:logic_core|snake_x[15][1]                                                                                      ; 5       ;
; Game_Logic:logic_core|snake_y[15][1]                                                                                      ; 5       ;
; Game_Logic:logic_core|snake_x[7][1]                                                                                       ; 5       ;
; Game_Logic:logic_core|snake_y[7][1]                                                                                       ; 5       ;
; Game_Logic:logic_core|snake_x[59][1]                                                                                      ; 5       ;
; Game_Logic:logic_core|snake_y[59][1]                                                                                      ; 5       ;
; Game_Logic:logic_core|snake_x[51][1]                                                                                      ; 5       ;
; Game_Logic:logic_core|snake_y[51][1]                                                                                      ; 5       ;
; Game_Logic:logic_core|snake_x[43][1]                                                                                      ; 5       ;
; Game_Logic:logic_core|snake_y[43][1]                                                                                      ; 5       ;
; Game_Logic:logic_core|snake_x[35][1]                                                                                      ; 5       ;
; Game_Logic:logic_core|snake_y[35][1]                                                                                      ; 5       ;
; Game_Logic:logic_core|snake_x[27][1]                                                                                      ; 5       ;
; Game_Logic:logic_core|snake_y[27][1]                                                                                      ; 5       ;
; Game_Logic:logic_core|snake_x[19][1]                                                                                      ; 5       ;
; Game_Logic:logic_core|snake_y[19][1]                                                                                      ; 5       ;
; Game_Logic:logic_core|snake_x[11][1]                                                                                      ; 5       ;
; Game_Logic:logic_core|snake_y[11][1]                                                                                      ; 5       ;
; Game_Logic:logic_core|snake_x[62][1]                                                                                      ; 5       ;
; Game_Logic:logic_core|snake_y[62][1]                                                                                      ; 5       ;
; Game_Logic:logic_core|snake_x[61][1]                                                                                      ; 5       ;
; Game_Logic:logic_core|snake_y[61][1]                                                                                      ; 5       ;
; Game_Logic:logic_core|snake_x[60][1]                                                                                      ; 5       ;
; Game_Logic:logic_core|snake_y[60][1]                                                                                      ; 5       ;
; Game_Logic:logic_core|snake_x[58][1]                                                                                      ; 5       ;
; Game_Logic:logic_core|snake_y[58][1]                                                                                      ; 5       ;
; Game_Logic:logic_core|snake_x[57][1]                                                                                      ; 5       ;
; Game_Logic:logic_core|snake_y[57][1]                                                                                      ; 5       ;
; Game_Logic:logic_core|snake_x[54][1]                                                                                      ; 5       ;
; Game_Logic:logic_core|snake_y[54][1]                                                                                      ; 5       ;
; Game_Logic:logic_core|snake_x[56][1]                                                                                      ; 5       ;
; Game_Logic:logic_core|snake_y[56][1]                                                                                      ; 5       ;
; Game_Logic:logic_core|snake_x[53][1]                                                                                      ; 5       ;
; Game_Logic:logic_core|snake_y[53][1]                                                                                      ; 5       ;
; Game_Logic:logic_core|snake_x[52][1]                                                                                      ; 5       ;
; Game_Logic:logic_core|snake_y[52][1]                                                                                      ; 5       ;
; Game_Logic:logic_core|snake_x[50][1]                                                                                      ; 5       ;
; Game_Logic:logic_core|snake_y[50][1]                                                                                      ; 5       ;
; Game_Logic:logic_core|snake_x[49][1]                                                                                      ; 5       ;
; Game_Logic:logic_core|snake_y[49][1]                                                                                      ; 5       ;
; Game_Logic:logic_core|snake_x[48][1]                                                                                      ; 5       ;
; Game_Logic:logic_core|snake_y[48][1]                                                                                      ; 5       ;
; Game_Logic:logic_core|snake_x[46][1]                                                                                      ; 5       ;
; Game_Logic:logic_core|snake_y[46][1]                                                                                      ; 5       ;
; Game_Logic:logic_core|snake_x[44][1]                                                                                      ; 5       ;
; Game_Logic:logic_core|snake_y[44][1]                                                                                      ; 5       ;
; Game_Logic:logic_core|snake_x[45][1]                                                                                      ; 5       ;
; Game_Logic:logic_core|snake_y[45][1]                                                                                      ; 5       ;
; Game_Logic:logic_core|snake_x[42][1]                                                                                      ; 5       ;
; Game_Logic:logic_core|snake_y[42][1]                                                                                      ; 5       ;
; Game_Logic:logic_core|snake_x[41][1]                                                                                      ; 5       ;
; Game_Logic:logic_core|snake_y[41][1]                                                                                      ; 5       ;
; Game_Logic:logic_core|snake_x[38][1]                                                                                      ; 5       ;
; Game_Logic:logic_core|snake_y[38][1]                                                                                      ; 5       ;
; Game_Logic:logic_core|snake_x[40][1]                                                                                      ; 5       ;
; Game_Logic:logic_core|snake_y[40][1]                                                                                      ; 5       ;
; Game_Logic:logic_core|snake_x[37][1]                                                                                      ; 5       ;
; Game_Logic:logic_core|snake_y[37][1]                                                                                      ; 5       ;
; Game_Logic:logic_core|snake_x[36][1]                                                                                      ; 5       ;
; Game_Logic:logic_core|snake_y[36][1]                                                                                      ; 5       ;
; Game_Logic:logic_core|snake_x[34][1]                                                                                      ; 5       ;
; Game_Logic:logic_core|snake_y[34][1]                                                                                      ; 5       ;
; Game_Logic:logic_core|snake_x[33][1]                                                                                      ; 5       ;
; Game_Logic:logic_core|snake_y[33][1]                                                                                      ; 5       ;
; Game_Logic:logic_core|snake_x[32][1]                                                                                      ; 5       ;
; Game_Logic:logic_core|snake_y[32][1]                                                                                      ; 5       ;
; Game_Logic:logic_core|snake_x[30][1]                                                                                      ; 5       ;
; Game_Logic:logic_core|snake_y[30][1]                                                                                      ; 5       ;
; Game_Logic:logic_core|snake_x[29][1]                                                                                      ; 5       ;
; Game_Logic:logic_core|snake_y[29][1]                                                                                      ; 5       ;
; Game_Logic:logic_core|snake_x[28][1]                                                                                      ; 5       ;
; Game_Logic:logic_core|snake_y[28][1]                                                                                      ; 5       ;
; Game_Logic:logic_core|snake_x[25][1]                                                                                      ; 5       ;
; Game_Logic:logic_core|snake_y[25][1]                                                                                      ; 5       ;
; Game_Logic:logic_core|snake_x[26][1]                                                                                      ; 5       ;
; Game_Logic:logic_core|snake_y[26][1]                                                                                      ; 5       ;
; Game_Logic:logic_core|snake_x[24][1]                                                                                      ; 5       ;
; Game_Logic:logic_core|snake_y[24][1]                                                                                      ; 5       ;
; Game_Logic:logic_core|snake_x[22][1]                                                                                      ; 5       ;
; Game_Logic:logic_core|snake_y[22][1]                                                                                      ; 5       ;
; Game_Logic:logic_core|snake_x[21][1]                                                                                      ; 5       ;
; Game_Logic:logic_core|snake_y[21][1]                                                                                      ; 5       ;
; Game_Logic:logic_core|snake_x[20][1]                                                                                      ; 5       ;
; Game_Logic:logic_core|snake_y[20][1]                                                                                      ; 5       ;
; Game_Logic:logic_core|LessThan312~0                                                                                       ; 5       ;
; Game_Logic:logic_core|snake_x[17][1]                                                                                      ; 5       ;
; Game_Logic:logic_core|snake_y[17][1]                                                                                      ; 5       ;
; Game_Logic:logic_core|snake_x[18][1]                                                                                      ; 5       ;
; Game_Logic:logic_core|snake_y[18][1]                                                                                      ; 5       ;
; Game_Logic:logic_core|LessThan313~0                                                                                       ; 5       ;
; Game_Logic:logic_core|snake_x[14][1]                                                                                      ; 5       ;
; Game_Logic:logic_core|snake_y[14][1]                                                                                      ; 5       ;
; Game_Logic:logic_core|snake_x[16][1]                                                                                      ; 5       ;
; Game_Logic:logic_core|snake_y[16][1]                                                                                      ; 5       ;
; Game_Logic:logic_core|snake_x[13][1]                                                                                      ; 5       ;
; Game_Logic:logic_core|snake_y[13][1]                                                                                      ; 5       ;
; Game_Logic:logic_core|snake_x[12][1]                                                                                      ; 5       ;
; Game_Logic:logic_core|snake_y[12][1]                                                                                      ; 5       ;
; Game_Logic:logic_core|snake_x[10][1]                                                                                      ; 5       ;
; Game_Logic:logic_core|snake_y[10][1]                                                                                      ; 5       ;
; Game_Logic:logic_core|snake_x[9][1]                                                                                       ; 5       ;
; Game_Logic:logic_core|snake_y[9][1]                                                                                       ; 5       ;
; Game_Logic:logic_core|snake_x[8][1]                                                                                       ; 5       ;
; Game_Logic:logic_core|snake_y[8][1]                                                                                       ; 5       ;
; Game_Logic:logic_core|snake_x[6][1]                                                                                       ; 5       ;
; Game_Logic:logic_core|snake_y[6][1]                                                                                       ; 5       ;
; Game_Logic:logic_core|snake_x[5][1]                                                                                       ; 5       ;
; Game_Logic:logic_core|snake_y[5][1]                                                                                       ; 5       ;
; Game_Logic:logic_core|snake_x[4][1]                                                                                       ; 5       ;
; Game_Logic:logic_core|snake_y[4][1]                                                                                       ; 5       ;
; Game_Logic:logic_core|LessThan361~0                                                                                       ; 5       ;
; Game_Logic:logic_core|LessThan327~4                                                                                       ; 5       ;
; Keyboard_Controller:kb|direction[2]                                                                                       ; 5       ;
; VGA_G[2]~11                                                                                                               ; 5       ;
; Game_Logic:logic_core|is_border                                                                                           ; 5       ;
; Game_Logic:logic_core|is_obstacle                                                                                         ; 5       ;
; GameOver_Display:text_gen|char_R~3                                                                                        ; 5       ;
; GameOver_Display:text_gen|char_R~2                                                                                        ; 5       ;
; Random_Generator:rng|rnd_x~15                                                                                             ; 4       ;
; Game_Logic:logic_core|LessThan327~6                                                                                       ; 4       ;
; Random_Generator:rng|rnd_y[7]                                                                                             ; 4       ;
; Random_Generator:rng|rnd_x[6]                                                                                             ; 4       ;
; Keyboard_Controller:kb|shift_reg[4]                                                                                       ; 4       ;
; Keyboard_Controller:kb|shift_reg[8]                                                                                       ; 4       ;
; Keyboard_Controller:kb|shift_reg[7]                                                                                       ; 4       ;
; Keyboard_Controller:kb|Equal0~0                                                                                           ; 4       ;
; Game_Clock:clk_gen|speed_limit[12]~15                                                                                     ; 4       ;
; Game_Logic:logic_core|snake_x[31][2]                                                                                      ; 4       ;
; Game_Logic:logic_core|snake_x[31][3]                                                                                      ; 4       ;
; Game_Logic:logic_core|snake_x[31][4]                                                                                      ; 4       ;
; Game_Logic:logic_core|snake_x[31][5]                                                                                      ; 4       ;
; Game_Logic:logic_core|snake_x[31][6]                                                                                      ; 4       ;
; Game_Logic:logic_core|snake_x[31][7]                                                                                      ; 4       ;
; Game_Logic:logic_core|snake_x[31][8]                                                                                      ; 4       ;
; Game_Logic:logic_core|snake_x[31][9]                                                                                      ; 4       ;
; Game_Logic:logic_core|snake_x[31][10]                                                                                     ; 4       ;
; Game_Logic:logic_core|snake_y[31][2]                                                                                      ; 4       ;
; Game_Logic:logic_core|snake_y[31][3]                                                                                      ; 4       ;
; Game_Logic:logic_core|snake_y[31][4]                                                                                      ; 4       ;
; Game_Logic:logic_core|snake_y[31][5]                                                                                      ; 4       ;
; Game_Logic:logic_core|snake_y[31][6]                                                                                      ; 4       ;
; Game_Logic:logic_core|snake_y[31][7]                                                                                      ; 4       ;
; Game_Logic:logic_core|snake_y[31][8]                                                                                      ; 4       ;
; Game_Logic:logic_core|snake_y[31][9]                                                                                      ; 4       ;
; Game_Logic:logic_core|snake_x[55][2]                                                                                      ; 4       ;
; Game_Logic:logic_core|snake_x[55][3]                                                                                      ; 4       ;
; Game_Logic:logic_core|snake_x[55][4]                                                                                      ; 4       ;
; Game_Logic:logic_core|snake_x[55][5]                                                                                      ; 4       ;
; Game_Logic:logic_core|snake_x[55][6]                                                                                      ; 4       ;
; Game_Logic:logic_core|snake_x[55][7]                                                                                      ; 4       ;
; Game_Logic:logic_core|snake_x[55][8]                                                                                      ; 4       ;
; Game_Logic:logic_core|snake_x[55][9]                                                                                      ; 4       ;
; Game_Logic:logic_core|snake_x[55][10]                                                                                     ; 4       ;
; Game_Logic:logic_core|snake_y[55][2]                                                                                      ; 4       ;
; Game_Logic:logic_core|snake_y[55][3]                                                                                      ; 4       ;
; Game_Logic:logic_core|snake_y[55][4]                                                                                      ; 4       ;
; Game_Logic:logic_core|snake_y[55][5]                                                                                      ; 4       ;
; Game_Logic:logic_core|snake_y[55][6]                                                                                      ; 4       ;
; Game_Logic:logic_core|snake_y[55][7]                                                                                      ; 4       ;
; Game_Logic:logic_core|snake_y[55][8]                                                                                      ; 4       ;
; Game_Logic:logic_core|snake_y[55][9]                                                                                      ; 4       ;
; Game_Logic:logic_core|snake_x[47][2]                                                                                      ; 4       ;
; Game_Logic:logic_core|snake_x[47][3]                                                                                      ; 4       ;
; Game_Logic:logic_core|snake_x[47][4]                                                                                      ; 4       ;
; Game_Logic:logic_core|snake_x[47][5]                                                                                      ; 4       ;
; Game_Logic:logic_core|snake_x[47][6]                                                                                      ; 4       ;
; Game_Logic:logic_core|snake_x[47][7]                                                                                      ; 4       ;
; Game_Logic:logic_core|snake_x[47][8]                                                                                      ; 4       ;
; Game_Logic:logic_core|snake_x[47][9]                                                                                      ; 4       ;
; Game_Logic:logic_core|snake_x[47][10]                                                                                     ; 4       ;
; Game_Logic:logic_core|snake_y[47][2]                                                                                      ; 4       ;
; Game_Logic:logic_core|snake_y[47][3]                                                                                      ; 4       ;
; Game_Logic:logic_core|snake_y[47][4]                                                                                      ; 4       ;
; Game_Logic:logic_core|snake_y[47][5]                                                                                      ; 4       ;
; Game_Logic:logic_core|snake_y[47][6]                                                                                      ; 4       ;
; Game_Logic:logic_core|snake_y[47][7]                                                                                      ; 4       ;
; Game_Logic:logic_core|snake_y[47][8]                                                                                      ; 4       ;
; Game_Logic:logic_core|snake_y[47][9]                                                                                      ; 4       ;
; Game_Logic:logic_core|snake_x[39][2]                                                                                      ; 4       ;
; Game_Logic:logic_core|snake_x[39][3]                                                                                      ; 4       ;
; Game_Logic:logic_core|snake_x[39][4]                                                                                      ; 4       ;
; Game_Logic:logic_core|snake_x[39][5]                                                                                      ; 4       ;
; Game_Logic:logic_core|snake_x[39][6]                                                                                      ; 4       ;
; Game_Logic:logic_core|snake_x[39][7]                                                                                      ; 4       ;
; Game_Logic:logic_core|snake_x[39][8]                                                                                      ; 4       ;
; Game_Logic:logic_core|snake_x[39][9]                                                                                      ; 4       ;
; Game_Logic:logic_core|snake_x[39][10]                                                                                     ; 4       ;
; Game_Logic:logic_core|snake_y[39][2]                                                                                      ; 4       ;
; Game_Logic:logic_core|snake_y[39][3]                                                                                      ; 4       ;
; Game_Logic:logic_core|snake_y[39][4]                                                                                      ; 4       ;
; Game_Logic:logic_core|snake_y[39][5]                                                                                      ; 4       ;
; Game_Logic:logic_core|snake_y[39][6]                                                                                      ; 4       ;
; Game_Logic:logic_core|snake_y[39][7]                                                                                      ; 4       ;
; Game_Logic:logic_core|snake_y[39][8]                                                                                      ; 4       ;
; Game_Logic:logic_core|snake_y[39][9]                                                                                      ; 4       ;
; Game_Logic:logic_core|snake_x[23][2]                                                                                      ; 4       ;
; Game_Logic:logic_core|snake_x[23][3]                                                                                      ; 4       ;
; Game_Logic:logic_core|snake_x[23][4]                                                                                      ; 4       ;
; Game_Logic:logic_core|snake_x[23][5]                                                                                      ; 4       ;
; Game_Logic:logic_core|snake_x[23][6]                                                                                      ; 4       ;
; Game_Logic:logic_core|snake_x[23][7]                                                                                      ; 4       ;
; Game_Logic:logic_core|snake_x[23][8]                                                                                      ; 4       ;
; Game_Logic:logic_core|snake_x[23][9]                                                                                      ; 4       ;
; Game_Logic:logic_core|snake_x[23][10]                                                                                     ; 4       ;
; Game_Logic:logic_core|snake_y[23][2]                                                                                      ; 4       ;
; Game_Logic:logic_core|snake_y[23][3]                                                                                      ; 4       ;
; Game_Logic:logic_core|snake_y[23][4]                                                                                      ; 4       ;
; Game_Logic:logic_core|snake_y[23][5]                                                                                      ; 4       ;
; Game_Logic:logic_core|snake_y[23][6]                                                                                      ; 4       ;
; Game_Logic:logic_core|snake_y[23][7]                                                                                      ; 4       ;
; Game_Logic:logic_core|snake_y[23][8]                                                                                      ; 4       ;
; Game_Logic:logic_core|snake_y[23][9]                                                                                      ; 4       ;
; Game_Logic:logic_core|snake_x[63][2]                                                                                      ; 4       ;
; Game_Logic:logic_core|snake_x[63][3]                                                                                      ; 4       ;
; Game_Logic:logic_core|snake_x[63][4]                                                                                      ; 4       ;
; Game_Logic:logic_core|snake_x[63][5]                                                                                      ; 4       ;
; Game_Logic:logic_core|snake_x[63][6]                                                                                      ; 4       ;
; Game_Logic:logic_core|snake_x[63][7]                                                                                      ; 4       ;
; Game_Logic:logic_core|snake_x[63][8]                                                                                      ; 4       ;
; Game_Logic:logic_core|snake_x[63][9]                                                                                      ; 4       ;
; Game_Logic:logic_core|snake_x[63][10]                                                                                     ; 4       ;
; Game_Logic:logic_core|snake_y[63][2]                                                                                      ; 4       ;
; Game_Logic:logic_core|snake_y[63][3]                                                                                      ; 4       ;
; Game_Logic:logic_core|snake_y[63][4]                                                                                      ; 4       ;
; Game_Logic:logic_core|snake_y[63][5]                                                                                      ; 4       ;
; Game_Logic:logic_core|snake_y[63][6]                                                                                      ; 4       ;
; Game_Logic:logic_core|snake_y[63][7]                                                                                      ; 4       ;
; Game_Logic:logic_core|snake_y[63][8]                                                                                      ; 4       ;
; Game_Logic:logic_core|snake_y[63][9]                                                                                      ; 4       ;
; Game_Logic:logic_core|snake_x[15][2]                                                                                      ; 4       ;
; Game_Logic:logic_core|snake_x[15][3]                                                                                      ; 4       ;
; Game_Logic:logic_core|snake_x[15][4]                                                                                      ; 4       ;
; Game_Logic:logic_core|snake_x[15][5]                                                                                      ; 4       ;
; Game_Logic:logic_core|snake_x[15][6]                                                                                      ; 4       ;
; Game_Logic:logic_core|snake_x[15][7]                                                                                      ; 4       ;
; Game_Logic:logic_core|snake_x[15][8]                                                                                      ; 4       ;
; Game_Logic:logic_core|snake_x[15][9]                                                                                      ; 4       ;
; Game_Logic:logic_core|snake_x[15][10]                                                                                     ; 4       ;
; Game_Logic:logic_core|snake_y[15][2]                                                                                      ; 4       ;
; Game_Logic:logic_core|snake_y[15][3]                                                                                      ; 4       ;
; Game_Logic:logic_core|snake_y[15][4]                                                                                      ; 4       ;
; Game_Logic:logic_core|snake_y[15][5]                                                                                      ; 4       ;
; Game_Logic:logic_core|snake_y[15][6]                                                                                      ; 4       ;
; Game_Logic:logic_core|snake_y[15][7]                                                                                      ; 4       ;
; Game_Logic:logic_core|snake_y[15][8]                                                                                      ; 4       ;
; Game_Logic:logic_core|snake_y[15][9]                                                                                      ; 4       ;
; Game_Logic:logic_core|snake_x[7][2]                                                                                       ; 4       ;
; Game_Logic:logic_core|snake_x[7][3]                                                                                       ; 4       ;
; Game_Logic:logic_core|snake_x[7][4]                                                                                       ; 4       ;
; Game_Logic:logic_core|snake_x[7][5]                                                                                       ; 4       ;
; Game_Logic:logic_core|snake_x[7][6]                                                                                       ; 4       ;
; Game_Logic:logic_core|snake_x[7][7]                                                                                       ; 4       ;
; Game_Logic:logic_core|snake_x[7][8]                                                                                       ; 4       ;
; Game_Logic:logic_core|snake_x[7][9]                                                                                       ; 4       ;
; Game_Logic:logic_core|snake_x[7][10]                                                                                      ; 4       ;
; Game_Logic:logic_core|snake_y[7][2]                                                                                       ; 4       ;
; Game_Logic:logic_core|snake_y[7][3]                                                                                       ; 4       ;
; Game_Logic:logic_core|snake_y[7][4]                                                                                       ; 4       ;
; Game_Logic:logic_core|snake_y[7][5]                                                                                       ; 4       ;
; Game_Logic:logic_core|snake_y[7][6]                                                                                       ; 4       ;
; Game_Logic:logic_core|snake_y[7][7]                                                                                       ; 4       ;
; Game_Logic:logic_core|snake_y[7][8]                                                                                       ; 4       ;
; Game_Logic:logic_core|snake_y[7][9]                                                                                       ; 4       ;
; Game_Logic:logic_core|snake_x[59][2]                                                                                      ; 4       ;
; Game_Logic:logic_core|snake_x[59][3]                                                                                      ; 4       ;
; Game_Logic:logic_core|snake_x[59][4]                                                                                      ; 4       ;
; Game_Logic:logic_core|snake_x[59][5]                                                                                      ; 4       ;
; Game_Logic:logic_core|snake_x[59][6]                                                                                      ; 4       ;
; Game_Logic:logic_core|snake_x[59][7]                                                                                      ; 4       ;
; Game_Logic:logic_core|snake_x[59][8]                                                                                      ; 4       ;
; Game_Logic:logic_core|snake_x[59][9]                                                                                      ; 4       ;
; Game_Logic:logic_core|snake_x[59][10]                                                                                     ; 4       ;
; Game_Logic:logic_core|snake_y[59][2]                                                                                      ; 4       ;
; Game_Logic:logic_core|snake_y[59][3]                                                                                      ; 4       ;
; Game_Logic:logic_core|snake_y[59][4]                                                                                      ; 4       ;
; Game_Logic:logic_core|snake_y[59][5]                                                                                      ; 4       ;
; Game_Logic:logic_core|snake_y[59][6]                                                                                      ; 4       ;
; Game_Logic:logic_core|snake_y[59][7]                                                                                      ; 4       ;
; Game_Logic:logic_core|snake_y[59][8]                                                                                      ; 4       ;
; Game_Logic:logic_core|snake_y[59][9]                                                                                      ; 4       ;
; Game_Logic:logic_core|snake_x[51][2]                                                                                      ; 4       ;
; Game_Logic:logic_core|snake_x[51][3]                                                                                      ; 4       ;
; Game_Logic:logic_core|snake_x[51][4]                                                                                      ; 4       ;
; Game_Logic:logic_core|snake_x[51][5]                                                                                      ; 4       ;
; Game_Logic:logic_core|snake_x[51][6]                                                                                      ; 4       ;
; Game_Logic:logic_core|snake_x[51][7]                                                                                      ; 4       ;
; Game_Logic:logic_core|snake_x[51][8]                                                                                      ; 4       ;
; Game_Logic:logic_core|snake_x[51][9]                                                                                      ; 4       ;
; Game_Logic:logic_core|snake_x[51][10]                                                                                     ; 4       ;
; Game_Logic:logic_core|snake_y[51][2]                                                                                      ; 4       ;
; Game_Logic:logic_core|snake_y[51][3]                                                                                      ; 4       ;
; Game_Logic:logic_core|snake_y[51][4]                                                                                      ; 4       ;
; Game_Logic:logic_core|snake_y[51][5]                                                                                      ; 4       ;
; Game_Logic:logic_core|snake_y[51][6]                                                                                      ; 4       ;
; Game_Logic:logic_core|snake_y[51][7]                                                                                      ; 4       ;
; Game_Logic:logic_core|snake_y[51][8]                                                                                      ; 4       ;
; Game_Logic:logic_core|snake_y[51][9]                                                                                      ; 4       ;
; Game_Logic:logic_core|snake_x[43][2]                                                                                      ; 4       ;
; Game_Logic:logic_core|snake_x[43][3]                                                                                      ; 4       ;
; Game_Logic:logic_core|snake_x[43][4]                                                                                      ; 4       ;
; Game_Logic:logic_core|snake_x[43][5]                                                                                      ; 4       ;
; Game_Logic:logic_core|snake_x[43][6]                                                                                      ; 4       ;
; Game_Logic:logic_core|snake_x[43][7]                                                                                      ; 4       ;
; Game_Logic:logic_core|snake_x[43][8]                                                                                      ; 4       ;
; Game_Logic:logic_core|snake_x[43][9]                                                                                      ; 4       ;
; Game_Logic:logic_core|snake_x[43][10]                                                                                     ; 4       ;
; Game_Logic:logic_core|snake_y[43][2]                                                                                      ; 4       ;
; Game_Logic:logic_core|snake_y[43][3]                                                                                      ; 4       ;
; Game_Logic:logic_core|snake_y[43][4]                                                                                      ; 4       ;
; Game_Logic:logic_core|snake_y[43][5]                                                                                      ; 4       ;
; Game_Logic:logic_core|snake_y[43][6]                                                                                      ; 4       ;
; Game_Logic:logic_core|snake_y[43][7]                                                                                      ; 4       ;
; Game_Logic:logic_core|snake_y[43][8]                                                                                      ; 4       ;
; Game_Logic:logic_core|snake_y[43][9]                                                                                      ; 4       ;
; Game_Logic:logic_core|snake_x[35][2]                                                                                      ; 4       ;
; Game_Logic:logic_core|snake_x[35][3]                                                                                      ; 4       ;
; Game_Logic:logic_core|snake_x[35][4]                                                                                      ; 4       ;
; Game_Logic:logic_core|snake_x[35][5]                                                                                      ; 4       ;
; Game_Logic:logic_core|snake_x[35][6]                                                                                      ; 4       ;
; Game_Logic:logic_core|snake_x[35][7]                                                                                      ; 4       ;
; Game_Logic:logic_core|snake_x[35][8]                                                                                      ; 4       ;
; Game_Logic:logic_core|snake_x[35][9]                                                                                      ; 4       ;
; Game_Logic:logic_core|snake_x[35][10]                                                                                     ; 4       ;
; Game_Logic:logic_core|snake_y[35][2]                                                                                      ; 4       ;
; Game_Logic:logic_core|snake_y[35][3]                                                                                      ; 4       ;
; Game_Logic:logic_core|snake_y[35][4]                                                                                      ; 4       ;
; Game_Logic:logic_core|snake_y[35][5]                                                                                      ; 4       ;
; Game_Logic:logic_core|snake_y[35][6]                                                                                      ; 4       ;
; Game_Logic:logic_core|snake_y[35][7]                                                                                      ; 4       ;
; Game_Logic:logic_core|snake_y[35][8]                                                                                      ; 4       ;
; Game_Logic:logic_core|snake_y[35][9]                                                                                      ; 4       ;
; Game_Logic:logic_core|snake_x[27][2]                                                                                      ; 4       ;
; Game_Logic:logic_core|snake_x[27][3]                                                                                      ; 4       ;
; Game_Logic:logic_core|snake_x[27][4]                                                                                      ; 4       ;
; Game_Logic:logic_core|snake_x[27][5]                                                                                      ; 4       ;
; Game_Logic:logic_core|snake_x[27][6]                                                                                      ; 4       ;
; Game_Logic:logic_core|snake_x[27][7]                                                                                      ; 4       ;
; Game_Logic:logic_core|snake_x[27][8]                                                                                      ; 4       ;
; Game_Logic:logic_core|snake_x[27][9]                                                                                      ; 4       ;
; Game_Logic:logic_core|snake_x[27][10]                                                                                     ; 4       ;
; Game_Logic:logic_core|snake_y[27][2]                                                                                      ; 4       ;
; Game_Logic:logic_core|snake_y[27][3]                                                                                      ; 4       ;
; Game_Logic:logic_core|snake_y[27][4]                                                                                      ; 4       ;
; Game_Logic:logic_core|snake_y[27][5]                                                                                      ; 4       ;
; Game_Logic:logic_core|snake_y[27][6]                                                                                      ; 4       ;
; Game_Logic:logic_core|snake_y[27][7]                                                                                      ; 4       ;
; Game_Logic:logic_core|snake_y[27][8]                                                                                      ; 4       ;
; Game_Logic:logic_core|snake_y[27][9]                                                                                      ; 4       ;
; Game_Logic:logic_core|snake_x[19][2]                                                                                      ; 4       ;
; Game_Logic:logic_core|snake_x[19][3]                                                                                      ; 4       ;
; Game_Logic:logic_core|snake_x[19][4]                                                                                      ; 4       ;
; Game_Logic:logic_core|snake_x[19][5]                                                                                      ; 4       ;
; Game_Logic:logic_core|snake_x[19][6]                                                                                      ; 4       ;
; Game_Logic:logic_core|snake_x[19][7]                                                                                      ; 4       ;
; Game_Logic:logic_core|snake_x[19][8]                                                                                      ; 4       ;
; Game_Logic:logic_core|snake_x[19][9]                                                                                      ; 4       ;
; Game_Logic:logic_core|snake_x[19][10]                                                                                     ; 4       ;
; Game_Logic:logic_core|snake_y[19][2]                                                                                      ; 4       ;
; Game_Logic:logic_core|snake_y[19][3]                                                                                      ; 4       ;
; Game_Logic:logic_core|snake_y[19][4]                                                                                      ; 4       ;
; Game_Logic:logic_core|snake_y[19][5]                                                                                      ; 4       ;
; Game_Logic:logic_core|snake_y[19][6]                                                                                      ; 4       ;
; Game_Logic:logic_core|snake_y[19][7]                                                                                      ; 4       ;
; Game_Logic:logic_core|snake_y[19][8]                                                                                      ; 4       ;
; Game_Logic:logic_core|snake_y[19][9]                                                                                      ; 4       ;
; Game_Logic:logic_core|snake_y[3][1]                                                                                       ; 4       ;
; Game_Logic:logic_core|snake_x[3][1]                                                                                       ; 4       ;
; Game_Logic:logic_core|snake_x[11][2]                                                                                      ; 4       ;
; Game_Logic:logic_core|snake_x[11][3]                                                                                      ; 4       ;
; Game_Logic:logic_core|snake_x[11][4]                                                                                      ; 4       ;
; Game_Logic:logic_core|snake_x[11][5]                                                                                      ; 4       ;
; Game_Logic:logic_core|snake_x[11][6]                                                                                      ; 4       ;
; Game_Logic:logic_core|snake_x[11][7]                                                                                      ; 4       ;
; Game_Logic:logic_core|snake_x[11][8]                                                                                      ; 4       ;
; Game_Logic:logic_core|snake_x[11][9]                                                                                      ; 4       ;
; Game_Logic:logic_core|snake_x[11][10]                                                                                     ; 4       ;
; Game_Logic:logic_core|snake_y[11][2]                                                                                      ; 4       ;
; Game_Logic:logic_core|snake_y[11][3]                                                                                      ; 4       ;
; Game_Logic:logic_core|snake_y[11][4]                                                                                      ; 4       ;
; Game_Logic:logic_core|snake_y[11][5]                                                                                      ; 4       ;
; Game_Logic:logic_core|snake_y[11][6]                                                                                      ; 4       ;
; Game_Logic:logic_core|snake_y[11][7]                                                                                      ; 4       ;
; Game_Logic:logic_core|snake_y[11][8]                                                                                      ; 4       ;
; Game_Logic:logic_core|snake_y[11][9]                                                                                      ; 4       ;
; Game_Logic:logic_core|snake_x[62][2]                                                                                      ; 4       ;
; Game_Logic:logic_core|snake_x[62][3]                                                                                      ; 4       ;
; Game_Logic:logic_core|snake_x[62][4]                                                                                      ; 4       ;
; Game_Logic:logic_core|snake_x[62][5]                                                                                      ; 4       ;
; Game_Logic:logic_core|snake_x[62][6]                                                                                      ; 4       ;
; Game_Logic:logic_core|snake_x[62][7]                                                                                      ; 4       ;
; Game_Logic:logic_core|snake_x[62][8]                                                                                      ; 4       ;
; Game_Logic:logic_core|snake_x[62][9]                                                                                      ; 4       ;
; Game_Logic:logic_core|snake_x[62][10]                                                                                     ; 4       ;
; Game_Logic:logic_core|snake_y[62][2]                                                                                      ; 4       ;
; Game_Logic:logic_core|snake_y[62][3]                                                                                      ; 4       ;
; Game_Logic:logic_core|snake_y[62][4]                                                                                      ; 4       ;
; Game_Logic:logic_core|snake_y[62][5]                                                                                      ; 4       ;
; Game_Logic:logic_core|snake_y[62][6]                                                                                      ; 4       ;
; Game_Logic:logic_core|snake_y[62][7]                                                                                      ; 4       ;
; Game_Logic:logic_core|snake_y[62][8]                                                                                      ; 4       ;
; Game_Logic:logic_core|snake_y[62][9]                                                                                      ; 4       ;
; Game_Logic:logic_core|snake_x[61][2]                                                                                      ; 4       ;
; Game_Logic:logic_core|snake_x[61][3]                                                                                      ; 4       ;
; Game_Logic:logic_core|snake_x[61][4]                                                                                      ; 4       ;
; Game_Logic:logic_core|snake_x[61][5]                                                                                      ; 4       ;
; Game_Logic:logic_core|snake_x[61][6]                                                                                      ; 4       ;
; Game_Logic:logic_core|snake_x[61][7]                                                                                      ; 4       ;
; Game_Logic:logic_core|snake_x[61][8]                                                                                      ; 4       ;
; Game_Logic:logic_core|snake_x[61][9]                                                                                      ; 4       ;
; Game_Logic:logic_core|snake_x[61][10]                                                                                     ; 4       ;
; Game_Logic:logic_core|snake_y[61][2]                                                                                      ; 4       ;
; Game_Logic:logic_core|snake_y[61][3]                                                                                      ; 4       ;
; Game_Logic:logic_core|snake_y[61][4]                                                                                      ; 4       ;
; Game_Logic:logic_core|snake_y[61][5]                                                                                      ; 4       ;
; Game_Logic:logic_core|snake_y[61][6]                                                                                      ; 4       ;
; Game_Logic:logic_core|snake_y[61][7]                                                                                      ; 4       ;
; Game_Logic:logic_core|snake_y[61][8]                                                                                      ; 4       ;
; Game_Logic:logic_core|snake_y[61][9]                                                                                      ; 4       ;
; Game_Logic:logic_core|snake_x[60][2]                                                                                      ; 4       ;
; Game_Logic:logic_core|snake_x[60][3]                                                                                      ; 4       ;
; Game_Logic:logic_core|snake_x[60][4]                                                                                      ; 4       ;
; Game_Logic:logic_core|snake_x[60][5]                                                                                      ; 4       ;
; Game_Logic:logic_core|snake_x[60][6]                                                                                      ; 4       ;
; Game_Logic:logic_core|snake_x[60][7]                                                                                      ; 4       ;
; Game_Logic:logic_core|snake_x[60][8]                                                                                      ; 4       ;
; Game_Logic:logic_core|snake_x[60][9]                                                                                      ; 4       ;
; Game_Logic:logic_core|snake_x[60][10]                                                                                     ; 4       ;
; Game_Logic:logic_core|snake_y[60][2]                                                                                      ; 4       ;
; Game_Logic:logic_core|snake_y[60][3]                                                                                      ; 4       ;
; Game_Logic:logic_core|snake_y[60][4]                                                                                      ; 4       ;
; Game_Logic:logic_core|snake_y[60][5]                                                                                      ; 4       ;
; Game_Logic:logic_core|snake_y[60][6]                                                                                      ; 4       ;
; Game_Logic:logic_core|snake_y[60][7]                                                                                      ; 4       ;
; Game_Logic:logic_core|snake_y[60][8]                                                                                      ; 4       ;
; Game_Logic:logic_core|snake_y[60][9]                                                                                      ; 4       ;
; Game_Logic:logic_core|snake_x[58][2]                                                                                      ; 4       ;
; Game_Logic:logic_core|snake_x[58][3]                                                                                      ; 4       ;
; Game_Logic:logic_core|snake_x[58][4]                                                                                      ; 4       ;
; Game_Logic:logic_core|snake_x[58][5]                                                                                      ; 4       ;
; Game_Logic:logic_core|snake_x[58][6]                                                                                      ; 4       ;
; Game_Logic:logic_core|snake_x[58][7]                                                                                      ; 4       ;
; Game_Logic:logic_core|snake_x[58][8]                                                                                      ; 4       ;
; Game_Logic:logic_core|snake_x[58][9]                                                                                      ; 4       ;
; Game_Logic:logic_core|snake_x[58][10]                                                                                     ; 4       ;
; Game_Logic:logic_core|snake_y[58][2]                                                                                      ; 4       ;
; Game_Logic:logic_core|snake_y[58][3]                                                                                      ; 4       ;
; Game_Logic:logic_core|snake_y[58][4]                                                                                      ; 4       ;
; Game_Logic:logic_core|snake_y[58][5]                                                                                      ; 4       ;
; Game_Logic:logic_core|snake_y[58][6]                                                                                      ; 4       ;
; Game_Logic:logic_core|snake_y[58][7]                                                                                      ; 4       ;
; Game_Logic:logic_core|snake_y[58][8]                                                                                      ; 4       ;
; Game_Logic:logic_core|snake_y[58][9]                                                                                      ; 4       ;
; Game_Logic:logic_core|snake_x[57][2]                                                                                      ; 4       ;
; Game_Logic:logic_core|snake_x[57][3]                                                                                      ; 4       ;
; Game_Logic:logic_core|snake_x[57][4]                                                                                      ; 4       ;
; Game_Logic:logic_core|snake_x[57][5]                                                                                      ; 4       ;
; Game_Logic:logic_core|snake_x[57][6]                                                                                      ; 4       ;
; Game_Logic:logic_core|snake_x[57][7]                                                                                      ; 4       ;
; Game_Logic:logic_core|snake_x[57][8]                                                                                      ; 4       ;
; Game_Logic:logic_core|snake_x[57][9]                                                                                      ; 4       ;
; Game_Logic:logic_core|snake_x[57][10]                                                                                     ; 4       ;
; Game_Logic:logic_core|snake_y[57][2]                                                                                      ; 4       ;
; Game_Logic:logic_core|snake_y[57][3]                                                                                      ; 4       ;
; Game_Logic:logic_core|snake_y[57][4]                                                                                      ; 4       ;
; Game_Logic:logic_core|snake_y[57][5]                                                                                      ; 4       ;
; Game_Logic:logic_core|snake_y[57][6]                                                                                      ; 4       ;
; Game_Logic:logic_core|snake_y[57][7]                                                                                      ; 4       ;
; Game_Logic:logic_core|snake_y[57][8]                                                                                      ; 4       ;
; Game_Logic:logic_core|snake_y[57][9]                                                                                      ; 4       ;
; Game_Logic:logic_core|snake_x[54][2]                                                                                      ; 4       ;
; Game_Logic:logic_core|snake_x[54][3]                                                                                      ; 4       ;
; Game_Logic:logic_core|snake_x[54][4]                                                                                      ; 4       ;
; Game_Logic:logic_core|snake_x[54][5]                                                                                      ; 4       ;
; Game_Logic:logic_core|snake_x[54][6]                                                                                      ; 4       ;
; Game_Logic:logic_core|snake_x[54][7]                                                                                      ; 4       ;
; Game_Logic:logic_core|snake_x[54][8]                                                                                      ; 4       ;
; Game_Logic:logic_core|snake_x[54][9]                                                                                      ; 4       ;
; Game_Logic:logic_core|snake_x[54][10]                                                                                     ; 4       ;
; Game_Logic:logic_core|snake_y[54][2]                                                                                      ; 4       ;
; Game_Logic:logic_core|snake_y[54][3]                                                                                      ; 4       ;
; Game_Logic:logic_core|snake_y[54][4]                                                                                      ; 4       ;
; Game_Logic:logic_core|snake_y[54][5]                                                                                      ; 4       ;
; Game_Logic:logic_core|snake_y[54][6]                                                                                      ; 4       ;
; Game_Logic:logic_core|snake_y[54][7]                                                                                      ; 4       ;
; Game_Logic:logic_core|snake_y[54][8]                                                                                      ; 4       ;
; Game_Logic:logic_core|snake_y[54][9]                                                                                      ; 4       ;
; Game_Logic:logic_core|snake_x[56][2]                                                                                      ; 4       ;
; Game_Logic:logic_core|snake_x[56][3]                                                                                      ; 4       ;
; Game_Logic:logic_core|snake_x[56][4]                                                                                      ; 4       ;
; Game_Logic:logic_core|snake_x[56][5]                                                                                      ; 4       ;
; Game_Logic:logic_core|snake_x[56][6]                                                                                      ; 4       ;
; Game_Logic:logic_core|snake_x[56][7]                                                                                      ; 4       ;
; Game_Logic:logic_core|snake_x[56][8]                                                                                      ; 4       ;
; Game_Logic:logic_core|snake_x[56][9]                                                                                      ; 4       ;
; Game_Logic:logic_core|snake_x[56][10]                                                                                     ; 4       ;
; Game_Logic:logic_core|snake_y[56][2]                                                                                      ; 4       ;
; Game_Logic:logic_core|snake_y[56][3]                                                                                      ; 4       ;
; Game_Logic:logic_core|snake_y[56][4]                                                                                      ; 4       ;
; Game_Logic:logic_core|snake_y[56][5]                                                                                      ; 4       ;
; Game_Logic:logic_core|snake_y[56][6]                                                                                      ; 4       ;
; Game_Logic:logic_core|snake_y[56][7]                                                                                      ; 4       ;
; Game_Logic:logic_core|snake_y[56][8]                                                                                      ; 4       ;
; Game_Logic:logic_core|snake_y[56][9]                                                                                      ; 4       ;
; Game_Logic:logic_core|snake_x[53][2]                                                                                      ; 4       ;
; Game_Logic:logic_core|snake_x[53][3]                                                                                      ; 4       ;
; Game_Logic:logic_core|snake_x[53][4]                                                                                      ; 4       ;
; Game_Logic:logic_core|snake_x[53][5]                                                                                      ; 4       ;
; Game_Logic:logic_core|snake_x[53][6]                                                                                      ; 4       ;
; Game_Logic:logic_core|snake_x[53][7]                                                                                      ; 4       ;
; Game_Logic:logic_core|snake_x[53][8]                                                                                      ; 4       ;
; Game_Logic:logic_core|snake_x[53][9]                                                                                      ; 4       ;
; Game_Logic:logic_core|snake_x[53][10]                                                                                     ; 4       ;
; Game_Logic:logic_core|snake_y[53][2]                                                                                      ; 4       ;
; Game_Logic:logic_core|snake_y[53][3]                                                                                      ; 4       ;
; Game_Logic:logic_core|snake_y[53][4]                                                                                      ; 4       ;
; Game_Logic:logic_core|snake_y[53][5]                                                                                      ; 4       ;
; Game_Logic:logic_core|snake_y[53][6]                                                                                      ; 4       ;
; Game_Logic:logic_core|snake_y[53][7]                                                                                      ; 4       ;
; Game_Logic:logic_core|snake_y[53][8]                                                                                      ; 4       ;
; Game_Logic:logic_core|snake_y[53][9]                                                                                      ; 4       ;
; Game_Logic:logic_core|snake_x[52][2]                                                                                      ; 4       ;
; Game_Logic:logic_core|snake_x[52][3]                                                                                      ; 4       ;
; Game_Logic:logic_core|snake_x[52][4]                                                                                      ; 4       ;
; Game_Logic:logic_core|snake_x[52][5]                                                                                      ; 4       ;
; Game_Logic:logic_core|snake_x[52][6]                                                                                      ; 4       ;
; Game_Logic:logic_core|snake_x[52][7]                                                                                      ; 4       ;
; Game_Logic:logic_core|snake_x[52][8]                                                                                      ; 4       ;
; Game_Logic:logic_core|snake_x[52][9]                                                                                      ; 4       ;
; Game_Logic:logic_core|snake_x[52][10]                                                                                     ; 4       ;
; Game_Logic:logic_core|snake_y[52][2]                                                                                      ; 4       ;
; Game_Logic:logic_core|snake_y[52][3]                                                                                      ; 4       ;
; Game_Logic:logic_core|snake_y[52][4]                                                                                      ; 4       ;
; Game_Logic:logic_core|snake_y[52][5]                                                                                      ; 4       ;
; Game_Logic:logic_core|snake_y[52][6]                                                                                      ; 4       ;
; Game_Logic:logic_core|snake_y[52][7]                                                                                      ; 4       ;
; Game_Logic:logic_core|snake_y[52][8]                                                                                      ; 4       ;
; Game_Logic:logic_core|snake_y[52][9]                                                                                      ; 4       ;
; Game_Logic:logic_core|snake_x[50][2]                                                                                      ; 4       ;
; Game_Logic:logic_core|snake_x[50][3]                                                                                      ; 4       ;
; Game_Logic:logic_core|snake_x[50][4]                                                                                      ; 4       ;
; Game_Logic:logic_core|snake_x[50][5]                                                                                      ; 4       ;
; Game_Logic:logic_core|snake_x[50][6]                                                                                      ; 4       ;
; Game_Logic:logic_core|snake_x[50][7]                                                                                      ; 4       ;
; Game_Logic:logic_core|snake_x[50][8]                                                                                      ; 4       ;
; Game_Logic:logic_core|snake_x[50][9]                                                                                      ; 4       ;
; Game_Logic:logic_core|snake_x[50][10]                                                                                     ; 4       ;
; Game_Logic:logic_core|snake_y[50][2]                                                                                      ; 4       ;
; Game_Logic:logic_core|snake_y[50][3]                                                                                      ; 4       ;
; Game_Logic:logic_core|snake_y[50][4]                                                                                      ; 4       ;
; Game_Logic:logic_core|snake_y[50][5]                                                                                      ; 4       ;
; Game_Logic:logic_core|snake_y[50][6]                                                                                      ; 4       ;
; Game_Logic:logic_core|snake_y[50][7]                                                                                      ; 4       ;
; Game_Logic:logic_core|snake_y[50][8]                                                                                      ; 4       ;
; Game_Logic:logic_core|snake_y[50][9]                                                                                      ; 4       ;
; Game_Logic:logic_core|snake_x[49][2]                                                                                      ; 4       ;
; Game_Logic:logic_core|snake_x[49][3]                                                                                      ; 4       ;
; Game_Logic:logic_core|snake_x[49][4]                                                                                      ; 4       ;
; Game_Logic:logic_core|snake_x[49][5]                                                                                      ; 4       ;
; Game_Logic:logic_core|snake_x[49][6]                                                                                      ; 4       ;
; Game_Logic:logic_core|snake_x[49][7]                                                                                      ; 4       ;
; Game_Logic:logic_core|snake_x[49][8]                                                                                      ; 4       ;
; Game_Logic:logic_core|snake_x[49][9]                                                                                      ; 4       ;
; Game_Logic:logic_core|snake_x[49][10]                                                                                     ; 4       ;
; Game_Logic:logic_core|snake_y[49][2]                                                                                      ; 4       ;
; Game_Logic:logic_core|snake_y[49][3]                                                                                      ; 4       ;
; Game_Logic:logic_core|snake_y[49][4]                                                                                      ; 4       ;
; Game_Logic:logic_core|snake_y[49][5]                                                                                      ; 4       ;
; Game_Logic:logic_core|snake_y[49][6]                                                                                      ; 4       ;
; Game_Logic:logic_core|snake_y[49][7]                                                                                      ; 4       ;
; Game_Logic:logic_core|snake_y[49][8]                                                                                      ; 4       ;
; Game_Logic:logic_core|snake_y[49][9]                                                                                      ; 4       ;
; Game_Logic:logic_core|snake_x[48][2]                                                                                      ; 4       ;
; Game_Logic:logic_core|snake_x[48][3]                                                                                      ; 4       ;
; Game_Logic:logic_core|snake_x[48][4]                                                                                      ; 4       ;
; Game_Logic:logic_core|snake_x[48][5]                                                                                      ; 4       ;
; Game_Logic:logic_core|snake_x[48][6]                                                                                      ; 4       ;
; Game_Logic:logic_core|snake_x[48][7]                                                                                      ; 4       ;
; Game_Logic:logic_core|snake_x[48][8]                                                                                      ; 4       ;
; Game_Logic:logic_core|snake_x[48][9]                                                                                      ; 4       ;
; Game_Logic:logic_core|snake_x[48][10]                                                                                     ; 4       ;
; Game_Logic:logic_core|snake_y[48][2]                                                                                      ; 4       ;
; Game_Logic:logic_core|snake_y[48][3]                                                                                      ; 4       ;
; Game_Logic:logic_core|snake_y[48][4]                                                                                      ; 4       ;
; Game_Logic:logic_core|snake_y[48][5]                                                                                      ; 4       ;
; Game_Logic:logic_core|snake_y[48][6]                                                                                      ; 4       ;
; Game_Logic:logic_core|snake_y[48][7]                                                                                      ; 4       ;
; Game_Logic:logic_core|snake_y[48][8]                                                                                      ; 4       ;
; Game_Logic:logic_core|snake_y[48][9]                                                                                      ; 4       ;
; Game_Logic:logic_core|snake_x[46][2]                                                                                      ; 4       ;
; Game_Logic:logic_core|snake_x[46][3]                                                                                      ; 4       ;
; Game_Logic:logic_core|snake_x[46][4]                                                                                      ; 4       ;
; Game_Logic:logic_core|snake_x[46][5]                                                                                      ; 4       ;
; Game_Logic:logic_core|snake_x[46][6]                                                                                      ; 4       ;
; Game_Logic:logic_core|snake_x[46][7]                                                                                      ; 4       ;
; Game_Logic:logic_core|snake_x[46][8]                                                                                      ; 4       ;
; Game_Logic:logic_core|snake_x[46][9]                                                                                      ; 4       ;
; Game_Logic:logic_core|snake_x[46][10]                                                                                     ; 4       ;
; Game_Logic:logic_core|snake_y[46][2]                                                                                      ; 4       ;
; Game_Logic:logic_core|snake_y[46][3]                                                                                      ; 4       ;
; Game_Logic:logic_core|snake_y[46][4]                                                                                      ; 4       ;
; Game_Logic:logic_core|snake_y[46][5]                                                                                      ; 4       ;
; Game_Logic:logic_core|snake_y[46][6]                                                                                      ; 4       ;
; Game_Logic:logic_core|snake_y[46][7]                                                                                      ; 4       ;
; Game_Logic:logic_core|snake_y[46][8]                                                                                      ; 4       ;
; Game_Logic:logic_core|snake_y[46][9]                                                                                      ; 4       ;
; Game_Logic:logic_core|snake_x[44][2]                                                                                      ; 4       ;
; Game_Logic:logic_core|snake_x[44][3]                                                                                      ; 4       ;
; Game_Logic:logic_core|snake_x[44][4]                                                                                      ; 4       ;
; Game_Logic:logic_core|snake_x[44][5]                                                                                      ; 4       ;
; Game_Logic:logic_core|snake_x[44][6]                                                                                      ; 4       ;
; Game_Logic:logic_core|snake_x[44][7]                                                                                      ; 4       ;
; Game_Logic:logic_core|snake_x[44][8]                                                                                      ; 4       ;
; Game_Logic:logic_core|snake_x[44][9]                                                                                      ; 4       ;
; Game_Logic:logic_core|snake_x[44][10]                                                                                     ; 4       ;
; Game_Logic:logic_core|snake_y[44][2]                                                                                      ; 4       ;
; Game_Logic:logic_core|snake_y[44][3]                                                                                      ; 4       ;
; Game_Logic:logic_core|snake_y[44][4]                                                                                      ; 4       ;
; Game_Logic:logic_core|snake_y[44][5]                                                                                      ; 4       ;
; Game_Logic:logic_core|snake_y[44][6]                                                                                      ; 4       ;
; Game_Logic:logic_core|snake_y[44][7]                                                                                      ; 4       ;
; Game_Logic:logic_core|snake_y[44][8]                                                                                      ; 4       ;
; Game_Logic:logic_core|snake_y[44][9]                                                                                      ; 4       ;
; Game_Logic:logic_core|snake_x[45][2]                                                                                      ; 4       ;
; Game_Logic:logic_core|snake_x[45][3]                                                                                      ; 4       ;
; Game_Logic:logic_core|snake_x[45][4]                                                                                      ; 4       ;
; Game_Logic:logic_core|snake_x[45][5]                                                                                      ; 4       ;
; Game_Logic:logic_core|snake_x[45][6]                                                                                      ; 4       ;
; Game_Logic:logic_core|snake_x[45][7]                                                                                      ; 4       ;
; Game_Logic:logic_core|snake_x[45][8]                                                                                      ; 4       ;
; Game_Logic:logic_core|snake_x[45][9]                                                                                      ; 4       ;
; Game_Logic:logic_core|snake_x[45][10]                                                                                     ; 4       ;
; Game_Logic:logic_core|snake_y[45][2]                                                                                      ; 4       ;
; Game_Logic:logic_core|snake_y[45][3]                                                                                      ; 4       ;
; Game_Logic:logic_core|snake_y[45][4]                                                                                      ; 4       ;
; Game_Logic:logic_core|snake_y[45][5]                                                                                      ; 4       ;
; Game_Logic:logic_core|snake_y[45][6]                                                                                      ; 4       ;
; Game_Logic:logic_core|snake_y[45][7]                                                                                      ; 4       ;
; Game_Logic:logic_core|snake_y[45][8]                                                                                      ; 4       ;
; Game_Logic:logic_core|snake_y[45][9]                                                                                      ; 4       ;
; Game_Logic:logic_core|snake_x[42][2]                                                                                      ; 4       ;
; Game_Logic:logic_core|snake_x[42][3]                                                                                      ; 4       ;
; Game_Logic:logic_core|snake_x[42][4]                                                                                      ; 4       ;
; Game_Logic:logic_core|snake_x[42][5]                                                                                      ; 4       ;
; Game_Logic:logic_core|snake_x[42][6]                                                                                      ; 4       ;
; Game_Logic:logic_core|snake_x[42][7]                                                                                      ; 4       ;
; Game_Logic:logic_core|snake_x[42][8]                                                                                      ; 4       ;
; Game_Logic:logic_core|snake_x[42][9]                                                                                      ; 4       ;
; Game_Logic:logic_core|snake_x[42][10]                                                                                     ; 4       ;
; Game_Logic:logic_core|snake_y[42][2]                                                                                      ; 4       ;
; Game_Logic:logic_core|snake_y[42][3]                                                                                      ; 4       ;
; Game_Logic:logic_core|snake_y[42][4]                                                                                      ; 4       ;
; Game_Logic:logic_core|snake_y[42][5]                                                                                      ; 4       ;
; Game_Logic:logic_core|snake_y[42][6]                                                                                      ; 4       ;
; Game_Logic:logic_core|snake_y[42][7]                                                                                      ; 4       ;
; Game_Logic:logic_core|snake_y[42][8]                                                                                      ; 4       ;
; Game_Logic:logic_core|snake_y[42][9]                                                                                      ; 4       ;
; Game_Logic:logic_core|snake_x[41][2]                                                                                      ; 4       ;
; Game_Logic:logic_core|snake_x[41][3]                                                                                      ; 4       ;
; Game_Logic:logic_core|snake_x[41][4]                                                                                      ; 4       ;
; Game_Logic:logic_core|snake_x[41][5]                                                                                      ; 4       ;
; Game_Logic:logic_core|snake_x[41][6]                                                                                      ; 4       ;
; Game_Logic:logic_core|snake_x[41][7]                                                                                      ; 4       ;
; Game_Logic:logic_core|snake_x[41][8]                                                                                      ; 4       ;
; Game_Logic:logic_core|snake_x[41][9]                                                                                      ; 4       ;
; Game_Logic:logic_core|snake_x[41][10]                                                                                     ; 4       ;
; Game_Logic:logic_core|snake_y[41][2]                                                                                      ; 4       ;
; Game_Logic:logic_core|snake_y[41][3]                                                                                      ; 4       ;
; Game_Logic:logic_core|snake_y[41][4]                                                                                      ; 4       ;
; Game_Logic:logic_core|snake_y[41][5]                                                                                      ; 4       ;
; Game_Logic:logic_core|snake_y[41][6]                                                                                      ; 4       ;
; Game_Logic:logic_core|snake_y[41][7]                                                                                      ; 4       ;
; Game_Logic:logic_core|snake_y[41][8]                                                                                      ; 4       ;
; Game_Logic:logic_core|snake_y[41][9]                                                                                      ; 4       ;
; Game_Logic:logic_core|snake_x[38][2]                                                                                      ; 4       ;
; Game_Logic:logic_core|snake_x[38][3]                                                                                      ; 4       ;
; Game_Logic:logic_core|snake_x[38][4]                                                                                      ; 4       ;
; Game_Logic:logic_core|snake_x[38][5]                                                                                      ; 4       ;
; Game_Logic:logic_core|snake_x[38][6]                                                                                      ; 4       ;
; Game_Logic:logic_core|snake_x[38][7]                                                                                      ; 4       ;
; Game_Logic:logic_core|snake_x[38][8]                                                                                      ; 4       ;
; Game_Logic:logic_core|snake_x[38][9]                                                                                      ; 4       ;
; Game_Logic:logic_core|snake_x[38][10]                                                                                     ; 4       ;
; Game_Logic:logic_core|snake_y[38][2]                                                                                      ; 4       ;
; Game_Logic:logic_core|snake_y[38][3]                                                                                      ; 4       ;
; Game_Logic:logic_core|snake_y[38][4]                                                                                      ; 4       ;
; Game_Logic:logic_core|snake_y[38][5]                                                                                      ; 4       ;
; Game_Logic:logic_core|snake_y[38][6]                                                                                      ; 4       ;
; Game_Logic:logic_core|snake_y[38][7]                                                                                      ; 4       ;
; Game_Logic:logic_core|snake_y[38][8]                                                                                      ; 4       ;
; Game_Logic:logic_core|snake_y[38][9]                                                                                      ; 4       ;
; Game_Logic:logic_core|snake_x[40][2]                                                                                      ; 4       ;
; Game_Logic:logic_core|snake_x[40][3]                                                                                      ; 4       ;
; Game_Logic:logic_core|snake_x[40][4]                                                                                      ; 4       ;
; Game_Logic:logic_core|snake_x[40][5]                                                                                      ; 4       ;
; Game_Logic:logic_core|snake_x[40][6]                                                                                      ; 4       ;
; Game_Logic:logic_core|snake_x[40][7]                                                                                      ; 4       ;
; Game_Logic:logic_core|snake_x[40][8]                                                                                      ; 4       ;
; Game_Logic:logic_core|snake_x[40][9]                                                                                      ; 4       ;
; Game_Logic:logic_core|snake_x[40][10]                                                                                     ; 4       ;
; Game_Logic:logic_core|snake_y[40][2]                                                                                      ; 4       ;
; Game_Logic:logic_core|snake_y[40][3]                                                                                      ; 4       ;
; Game_Logic:logic_core|snake_y[40][4]                                                                                      ; 4       ;
; Game_Logic:logic_core|snake_y[40][5]                                                                                      ; 4       ;
; Game_Logic:logic_core|snake_y[40][6]                                                                                      ; 4       ;
; Game_Logic:logic_core|snake_y[40][7]                                                                                      ; 4       ;
; Game_Logic:logic_core|snake_y[40][8]                                                                                      ; 4       ;
; Game_Logic:logic_core|snake_y[40][9]                                                                                      ; 4       ;
; Game_Logic:logic_core|snake_x[37][2]                                                                                      ; 4       ;
; Game_Logic:logic_core|snake_x[37][3]                                                                                      ; 4       ;
; Game_Logic:logic_core|snake_x[37][4]                                                                                      ; 4       ;
; Game_Logic:logic_core|snake_x[37][5]                                                                                      ; 4       ;
; Game_Logic:logic_core|snake_x[37][6]                                                                                      ; 4       ;
; Game_Logic:logic_core|snake_x[37][7]                                                                                      ; 4       ;
; Game_Logic:logic_core|snake_x[37][8]                                                                                      ; 4       ;
; Game_Logic:logic_core|snake_x[37][9]                                                                                      ; 4       ;
; Game_Logic:logic_core|snake_x[37][10]                                                                                     ; 4       ;
; Game_Logic:logic_core|snake_y[37][2]                                                                                      ; 4       ;
; Game_Logic:logic_core|snake_y[37][3]                                                                                      ; 4       ;
; Game_Logic:logic_core|snake_y[37][4]                                                                                      ; 4       ;
; Game_Logic:logic_core|snake_y[37][5]                                                                                      ; 4       ;
; Game_Logic:logic_core|snake_y[37][6]                                                                                      ; 4       ;
; Game_Logic:logic_core|snake_y[37][7]                                                                                      ; 4       ;
; Game_Logic:logic_core|snake_y[37][8]                                                                                      ; 4       ;
; Game_Logic:logic_core|snake_y[37][9]                                                                                      ; 4       ;
; Game_Logic:logic_core|snake_x[36][2]                                                                                      ; 4       ;
; Game_Logic:logic_core|snake_x[36][3]                                                                                      ; 4       ;
; Game_Logic:logic_core|snake_x[36][4]                                                                                      ; 4       ;
; Game_Logic:logic_core|snake_x[36][5]                                                                                      ; 4       ;
; Game_Logic:logic_core|snake_x[36][6]                                                                                      ; 4       ;
; Game_Logic:logic_core|snake_x[36][7]                                                                                      ; 4       ;
; Game_Logic:logic_core|snake_x[36][8]                                                                                      ; 4       ;
; Game_Logic:logic_core|snake_x[36][9]                                                                                      ; 4       ;
; Game_Logic:logic_core|snake_x[36][10]                                                                                     ; 4       ;
; Game_Logic:logic_core|snake_y[36][2]                                                                                      ; 4       ;
; Game_Logic:logic_core|snake_y[36][3]                                                                                      ; 4       ;
; Game_Logic:logic_core|snake_y[36][4]                                                                                      ; 4       ;
; Game_Logic:logic_core|snake_y[36][5]                                                                                      ; 4       ;
; Game_Logic:logic_core|snake_y[36][6]                                                                                      ; 4       ;
; Game_Logic:logic_core|snake_y[36][7]                                                                                      ; 4       ;
; Game_Logic:logic_core|snake_y[36][8]                                                                                      ; 4       ;
; Game_Logic:logic_core|snake_y[36][9]                                                                                      ; 4       ;
; Game_Logic:logic_core|snake_x[34][2]                                                                                      ; 4       ;
; Game_Logic:logic_core|snake_x[34][3]                                                                                      ; 4       ;
; Game_Logic:logic_core|snake_x[34][4]                                                                                      ; 4       ;
; Game_Logic:logic_core|snake_x[34][5]                                                                                      ; 4       ;
; Game_Logic:logic_core|snake_x[34][6]                                                                                      ; 4       ;
; Game_Logic:logic_core|snake_x[34][7]                                                                                      ; 4       ;
; Game_Logic:logic_core|snake_x[34][8]                                                                                      ; 4       ;
; Game_Logic:logic_core|snake_x[34][9]                                                                                      ; 4       ;
; Game_Logic:logic_core|snake_x[34][10]                                                                                     ; 4       ;
; Game_Logic:logic_core|snake_y[34][2]                                                                                      ; 4       ;
; Game_Logic:logic_core|snake_y[34][3]                                                                                      ; 4       ;
; Game_Logic:logic_core|snake_y[34][4]                                                                                      ; 4       ;
; Game_Logic:logic_core|snake_y[34][5]                                                                                      ; 4       ;
; Game_Logic:logic_core|snake_y[34][6]                                                                                      ; 4       ;
; Game_Logic:logic_core|snake_y[34][7]                                                                                      ; 4       ;
; Game_Logic:logic_core|snake_y[34][8]                                                                                      ; 4       ;
; Game_Logic:logic_core|snake_y[34][9]                                                                                      ; 4       ;
; Game_Logic:logic_core|snake_x[33][2]                                                                                      ; 4       ;
; Game_Logic:logic_core|snake_x[33][3]                                                                                      ; 4       ;
; Game_Logic:logic_core|snake_x[33][4]                                                                                      ; 4       ;
; Game_Logic:logic_core|snake_x[33][5]                                                                                      ; 4       ;
; Game_Logic:logic_core|snake_x[33][6]                                                                                      ; 4       ;
; Game_Logic:logic_core|snake_x[33][7]                                                                                      ; 4       ;
; Game_Logic:logic_core|snake_x[33][8]                                                                                      ; 4       ;
; Game_Logic:logic_core|snake_x[33][9]                                                                                      ; 4       ;
; Game_Logic:logic_core|snake_x[33][10]                                                                                     ; 4       ;
; Game_Logic:logic_core|snake_y[33][2]                                                                                      ; 4       ;
; Game_Logic:logic_core|snake_y[33][3]                                                                                      ; 4       ;
; Game_Logic:logic_core|snake_y[33][4]                                                                                      ; 4       ;
; Game_Logic:logic_core|snake_y[33][5]                                                                                      ; 4       ;
; Game_Logic:logic_core|snake_y[33][6]                                                                                      ; 4       ;
; Game_Logic:logic_core|snake_y[33][7]                                                                                      ; 4       ;
; Game_Logic:logic_core|snake_y[33][8]                                                                                      ; 4       ;
; Game_Logic:logic_core|snake_y[33][9]                                                                                      ; 4       ;
; Game_Logic:logic_core|snake_x[32][2]                                                                                      ; 4       ;
; Game_Logic:logic_core|snake_x[32][3]                                                                                      ; 4       ;
; Game_Logic:logic_core|snake_x[32][4]                                                                                      ; 4       ;
; Game_Logic:logic_core|snake_x[32][5]                                                                                      ; 4       ;
; Game_Logic:logic_core|snake_x[32][6]                                                                                      ; 4       ;
; Game_Logic:logic_core|snake_x[32][7]                                                                                      ; 4       ;
; Game_Logic:logic_core|snake_x[32][8]                                                                                      ; 4       ;
; Game_Logic:logic_core|snake_x[32][9]                                                                                      ; 4       ;
; Game_Logic:logic_core|snake_x[32][10]                                                                                     ; 4       ;
; Game_Logic:logic_core|snake_y[32][2]                                                                                      ; 4       ;
; Game_Logic:logic_core|snake_y[32][3]                                                                                      ; 4       ;
; Game_Logic:logic_core|snake_y[32][4]                                                                                      ; 4       ;
; Game_Logic:logic_core|snake_y[32][5]                                                                                      ; 4       ;
; Game_Logic:logic_core|snake_y[32][6]                                                                                      ; 4       ;
; Game_Logic:logic_core|snake_y[32][7]                                                                                      ; 4       ;
; Game_Logic:logic_core|snake_y[32][8]                                                                                      ; 4       ;
; Game_Logic:logic_core|snake_y[32][9]                                                                                      ; 4       ;
; Game_Logic:logic_core|snake_x[30][2]                                                                                      ; 4       ;
; Game_Logic:logic_core|snake_x[30][3]                                                                                      ; 4       ;
; Game_Logic:logic_core|snake_x[30][4]                                                                                      ; 4       ;
; Game_Logic:logic_core|snake_x[30][5]                                                                                      ; 4       ;
; Game_Logic:logic_core|snake_x[30][6]                                                                                      ; 4       ;
; Game_Logic:logic_core|snake_x[30][7]                                                                                      ; 4       ;
; Game_Logic:logic_core|snake_x[30][8]                                                                                      ; 4       ;
; Game_Logic:logic_core|snake_x[30][9]                                                                                      ; 4       ;
; Game_Logic:logic_core|snake_x[30][10]                                                                                     ; 4       ;
; Game_Logic:logic_core|snake_y[30][2]                                                                                      ; 4       ;
; Game_Logic:logic_core|snake_y[30][3]                                                                                      ; 4       ;
; Game_Logic:logic_core|snake_y[30][4]                                                                                      ; 4       ;
; Game_Logic:logic_core|snake_y[30][5]                                                                                      ; 4       ;
; Game_Logic:logic_core|snake_y[30][6]                                                                                      ; 4       ;
; Game_Logic:logic_core|snake_y[30][7]                                                                                      ; 4       ;
; Game_Logic:logic_core|snake_y[30][8]                                                                                      ; 4       ;
; Game_Logic:logic_core|snake_y[30][9]                                                                                      ; 4       ;
; Game_Logic:logic_core|snake_x[29][2]                                                                                      ; 4       ;
; Game_Logic:logic_core|snake_x[29][3]                                                                                      ; 4       ;
; Game_Logic:logic_core|snake_x[29][4]                                                                                      ; 4       ;
; Game_Logic:logic_core|snake_x[29][5]                                                                                      ; 4       ;
; Game_Logic:logic_core|snake_x[29][6]                                                                                      ; 4       ;
; Game_Logic:logic_core|snake_x[29][7]                                                                                      ; 4       ;
; Game_Logic:logic_core|snake_x[29][8]                                                                                      ; 4       ;
; Game_Logic:logic_core|snake_x[29][9]                                                                                      ; 4       ;
; Game_Logic:logic_core|snake_x[29][10]                                                                                     ; 4       ;
; Game_Logic:logic_core|snake_y[29][2]                                                                                      ; 4       ;
; Game_Logic:logic_core|snake_y[29][3]                                                                                      ; 4       ;
; Game_Logic:logic_core|snake_y[29][4]                                                                                      ; 4       ;
; Game_Logic:logic_core|snake_y[29][5]                                                                                      ; 4       ;
; Game_Logic:logic_core|snake_y[29][6]                                                                                      ; 4       ;
; Game_Logic:logic_core|snake_y[29][7]                                                                                      ; 4       ;
; Game_Logic:logic_core|snake_y[29][8]                                                                                      ; 4       ;
; Game_Logic:logic_core|snake_y[29][9]                                                                                      ; 4       ;
; Game_Logic:logic_core|snake_x[28][2]                                                                                      ; 4       ;
; Game_Logic:logic_core|snake_x[28][3]                                                                                      ; 4       ;
; Game_Logic:logic_core|snake_x[28][4]                                                                                      ; 4       ;
; Game_Logic:logic_core|snake_x[28][5]                                                                                      ; 4       ;
; Game_Logic:logic_core|snake_x[28][6]                                                                                      ; 4       ;
+---------------------------------------------------------------------------------------------------------------------------+---------+


+--------------------------------------------------------+
; Other Routing Usage Summary                            ;
+-----------------------------+--------------------------+
; Other Routing Resource Type ; Usage                    ;
+-----------------------------+--------------------------+
; Block interconnects         ; 12,756 / 94,460 ( 14 % ) ;
; C16 interconnects           ; 149 / 3,315 ( 4 % )      ;
; C4 interconnects            ; 7,263 / 60,840 ( 12 % )  ;
; Direct links                ; 2,472 / 94,460 ( 3 % )   ;
; Global clocks               ; 2 / 16 ( 13 % )          ;
; Local interconnects         ; 2,846 / 33,216 ( 9 % )   ;
; R24 interconnects           ; 244 / 3,091 ( 8 % )      ;
; R4 interconnects            ; 8,595 / 81,294 ( 11 % )  ;
+-----------------------------+--------------------------+


+-----------------------------------------------------------------------------+
; LAB Logic Elements                                                          ;
+---------------------------------------------+-------------------------------+
; Number of Logic Elements  (Average = 12.78) ; Number of LABs  (Total = 584) ;
+---------------------------------------------+-------------------------------+
; 1                                           ; 5                             ;
; 2                                           ; 6                             ;
; 3                                           ; 3                             ;
; 4                                           ; 3                             ;
; 5                                           ; 1                             ;
; 6                                           ; 3                             ;
; 7                                           ; 5                             ;
; 8                                           ; 2                             ;
; 9                                           ; 67                            ;
; 10                                          ; 96                            ;
; 11                                          ; 45                            ;
; 12                                          ; 32                            ;
; 13                                          ; 32                            ;
; 14                                          ; 17                            ;
; 15                                          ; 15                            ;
; 16                                          ; 252                           ;
+---------------------------------------------+-------------------------------+


+--------------------------------------------------------------------+
; LAB-wide Signals                                                   ;
+------------------------------------+-------------------------------+
; LAB-wide Signals  (Average = 1.06) ; Number of LABs  (Total = 584) ;
+------------------------------------+-------------------------------+
; 1 Clock                            ; 316                           ;
; 1 Clock enable                     ; 293                           ;
; 1 Sync. clear                      ; 4                             ;
; 1 Sync. load                       ; 4                             ;
; 2 Clock enables                    ; 1                             ;
; 2 Clocks                           ; 3                             ;
+------------------------------------+-------------------------------+


+------------------------------------------------------------------------------+
; LAB Signals Sourced                                                          ;
+----------------------------------------------+-------------------------------+
; Number of Signals Sourced  (Average = 12.80) ; Number of LABs  (Total = 584) ;
+----------------------------------------------+-------------------------------+
; 0                                            ; 0                             ;
; 1                                            ; 128                           ;
; 2                                            ; 38                            ;
; 3                                            ; 32                            ;
; 4                                            ; 29                            ;
; 5                                            ; 19                            ;
; 6                                            ; 8                             ;
; 7                                            ; 15                            ;
; 8                                            ; 6                             ;
; 9                                            ; 6                             ;
; 10                                           ; 15                            ;
; 11                                           ; 10                            ;
; 12                                           ; 10                            ;
; 13                                           ; 7                             ;
; 14                                           ; 7                             ;
; 15                                           ; 13                            ;
; 16                                           ; 6                             ;
; 17                                           ; 6                             ;
; 18                                           ; 5                             ;
; 19                                           ; 6                             ;
; 20                                           ; 6                             ;
; 21                                           ; 10                            ;
; 22                                           ; 12                            ;
; 23                                           ; 12                            ;
; 24                                           ; 33                            ;
; 25                                           ; 41                            ;
; 26                                           ; 44                            ;
; 27                                           ; 15                            ;
; 28                                           ; 19                            ;
; 29                                           ; 14                            ;
; 30                                           ; 6                             ;
; 31                                           ; 4                             ;
; 32                                           ; 2                             ;
+----------------------------------------------+-------------------------------+


+---------------------------------------------------------------------------------+
; LAB Signals Sourced Out                                                         ;
+-------------------------------------------------+-------------------------------+
; Number of Signals Sourced Out  (Average = 8.70) ; Number of LABs  (Total = 584) ;
+-------------------------------------------------+-------------------------------+
; 0                                               ; 0                             ;
; 1                                               ; 150                           ;
; 2                                               ; 74                            ;
; 3                                               ; 35                            ;
; 4                                               ; 24                            ;
; 5                                               ; 15                            ;
; 6                                               ; 17                            ;
; 7                                               ; 17                            ;
; 8                                               ; 15                            ;
; 9                                               ; 10                            ;
; 10                                              ; 12                            ;
; 11                                              ; 17                            ;
; 12                                              ; 11                            ;
; 13                                              ; 10                            ;
; 14                                              ; 6                             ;
; 15                                              ; 9                             ;
; 16                                              ; 11                            ;
; 17                                              ; 11                            ;
; 18                                              ; 11                            ;
; 19                                              ; 34                            ;
; 20                                              ; 27                            ;
; 21                                              ; 21                            ;
; 22                                              ; 25                            ;
; 23                                              ; 8                             ;
; 24                                              ; 3                             ;
; 25                                              ; 3                             ;
; 26                                              ; 3                             ;
; 27                                              ; 1                             ;
; 28                                              ; 2                             ;
; 29                                              ; 2                             ;
+-------------------------------------------------+-------------------------------+


+------------------------------------------------------------------------------+
; LAB Distinct Inputs                                                          ;
+----------------------------------------------+-------------------------------+
; Number of Distinct Inputs  (Average = 20.74) ; Number of LABs  (Total = 584) ;
+----------------------------------------------+-------------------------------+
; 0                                            ; 0                             ;
; 1                                            ; 1                             ;
; 2                                            ; 5                             ;
; 3                                            ; 1                             ;
; 4                                            ; 9                             ;
; 5                                            ; 5                             ;
; 6                                            ; 6                             ;
; 7                                            ; 5                             ;
; 8                                            ; 3                             ;
; 9                                            ; 7                             ;
; 10                                           ; 7                             ;
; 11                                           ; 19                            ;
; 12                                           ; 12                            ;
; 13                                           ; 10                            ;
; 14                                           ; 10                            ;
; 15                                           ; 4                             ;
; 16                                           ; 4                             ;
; 17                                           ; 6                             ;
; 18                                           ; 61                            ;
; 19                                           ; 22                            ;
; 20                                           ; 95                            ;
; 21                                           ; 13                            ;
; 22                                           ; 62                            ;
; 23                                           ; 28                            ;
; 24                                           ; 25                            ;
; 25                                           ; 9                             ;
; 26                                           ; 19                            ;
; 27                                           ; 24                            ;
; 28                                           ; 32                            ;
; 29                                           ; 23                            ;
; 30                                           ; 37                            ;
; 31                                           ; 19                            ;
; 32                                           ; 1                             ;
+----------------------------------------------+-------------------------------+


+-------------------------------------------------------------------------+
; Fitter Device Options                                                   ;
+----------------------------------------------+--------------------------+
; Option                                       ; Setting                  ;
+----------------------------------------------+--------------------------+
; Enable user-supplied start-up clock (CLKUSR) ; Off                      ;
; Enable device-wide reset (DEV_CLRn)          ; Off                      ;
; Enable device-wide output enable (DEV_OE)    ; Off                      ;
; Enable INIT_DONE output                      ; Off                      ;
; Configuration scheme                         ; Active Serial            ;
; Error detection CRC                          ; Off                      ;
; nCEO                                         ; As output driving ground ;
; ASDO,nCSO                                    ; As input tri-stated      ;
; Reserve all unused pins                      ; As output driving ground ;
; Base pin-out file on sameframe device        ; Off                      ;
+----------------------------------------------+--------------------------+


+------------------------------------+
; Operating Settings and Conditions  ;
+---------------------------+--------+
; Setting                   ; Value  ;
+---------------------------+--------+
; Nominal Core Voltage      ; 1.20 V ;
; Low Junction Temperature  ; 0 °C   ;
; High Junction Temperature ; 85 °C  ;
+---------------------------+--------+


+-----------------+
; Fitter Messages ;
+-----------------+
Info (11104): Parallel Compilation has detected 12 hyper-threaded processors. However, the extra hyper-threaded processors will not be used by default. Parallel Compilation will use 8 of the 8 physical processors detected instead.
Info (119006): Selected device EP2C35F672C6 for design "Snake_Top"
Info (21077): Low junction temperature is 0 degrees C
Info (21077): High junction temperature is 85 degrees C
Info (171003): Fitter is performing an Auto Fit compilation, which may decrease Fitter effort to reduce compilation time
Warning (292013): Feature LogicLock is only available with a valid subscription license. You can purchase a software subscription to gain full access to this feature.
Info (176444): Device migration not selected. If you intend to use device migration later, you may need to change the pin assignments as they may be incompatible with other devices
    Info (176445): Device EP2C50F672C6 is compatible
    Info (176445): Device EP2C70F672C6 is compatible
Info (169124): Fitter converted 3 user pins into dedicated programming pins
    Info (169125): Pin ~ASDO~ is reserved at location E3
    Info (169125): Pin ~nCSO~ is reserved at location D3
    Info (169125): Pin ~LVDS150p/nCEO~ is reserved at location AE24
Critical Warning (332012): Synopsys Design Constraints File file not found: 'Snake_Top.sdc'. A Synopsys Design Constraints File is required by the TimeQuest Timing Analyzer to get proper timing constraints. Without it, the Compiler will not properly optimize the design.
Info (332144): No user constrained base clocks found in the design
Info (332130): Timing requirements not specified -- quality metrics such as performance may be sacrificed to reduce compilation time.
Info (176353): Automatically promoted node CLOCK_50 (placed in PIN N2 (CLK0, LVDSCLK0p, Input))
    Info (176355): Automatically promoted destinations to use location or clock signal Global Clock CLKCTRL_G2
    Info (176356): Following destination nodes may be non-global or may not use global or regional clocks
        Info (176357): Destination node VGA_CLK
Info (176353): Automatically promoted node Game_Clock:clk_gen|game_tick 
    Info (176355): Automatically promoted destinations to use location or clock signal Global Clock
    Info (176356): Following destination nodes may be non-global or may not use global or regional clocks
        Info (176357): Destination node Game_Clock:clk_gen|game_tick~0
Info (176233): Starting register packing
Info (176235): Finished register packing
    Extra Info (176219): No registers were packed into other blocks
Info (171121): Fitter preparation operations ending: elapsed time is 00:00:01
Info (170189): Fitter placement preparation operations beginning
Info (170190): Fitter placement preparation operations ending: elapsed time is 00:00:01
Info (170191): Fitter placement operations beginning
Info (170137): Fitter placement was successful
Info (170192): Fitter placement operations ending: elapsed time is 00:00:06
Info (170193): Fitter routing operations beginning
Info (170195): Router estimated average interconnect usage is 8% of the available device resources
    Info (170196): Router estimated peak interconnect usage is 42% of the available device resources in the region that extends from location X33_Y12 to location X43_Y23
Info (170194): Fitter routing operations ending: elapsed time is 00:00:19
Info (170199): The Fitter performed an Auto Fit compilation.  Optimizations were skipped to reduce compilation time.
    Info (170201): Optimizations that may affect the design's routability were skipped
Info (11888): Total time spent on timing analysis during the Fitter is 0.88 seconds.
Info (306004): Started post-fitting delay annotation
Warning (306006): Found 59 output pins without output pin load capacitance assignment
    Info (306007): Pin "VGA_R[0]" has no specified output pin load capacitance -- assuming default load capacitance of 0 pF for timing analysis
    Info (306007): Pin "VGA_R[1]" has no specified output pin load capacitance -- assuming default load capacitance of 0 pF for timing analysis
    Info (306007): Pin "VGA_R[2]" has no specified output pin load capacitance -- assuming default load capacitance of 0 pF for timing analysis
    Info (306007): Pin "VGA_R[3]" has no specified output pin load capacitance -- assuming default load capacitance of 0 pF for timing analysis
    Info (306007): Pin "VGA_R[4]" has no specified output pin load capacitance -- assuming default load capacitance of 0 pF for timing analysis
    Info (306007): Pin "VGA_R[5]" has no specified output pin load capacitance -- assuming default load capacitance of 0 pF for timing analysis
    Info (306007): Pin "VGA_R[6]" has no specified output pin load capacitance -- assuming default load capacitance of 0 pF for timing analysis
    Info (306007): Pin "VGA_R[7]" has no specified output pin load capacitance -- assuming default load capacitance of 0 pF for timing analysis
    Info (306007): Pin "VGA_R[8]" has no specified output pin load capacitance -- assuming default load capacitance of 0 pF for timing analysis
    Info (306007): Pin "VGA_R[9]" has no specified output pin load capacitance -- assuming default load capacitance of 0 pF for timing analysis
    Info (306007): Pin "VGA_G[0]" has no specified output pin load capacitance -- assuming default load capacitance of 0 pF for timing analysis
    Info (306007): Pin "VGA_G[1]" has no specified output pin load capacitance -- assuming default load capacitance of 0 pF for timing analysis
    Info (306007): Pin "VGA_G[2]" has no specified output pin load capacitance -- assuming default load capacitance of 0 pF for timing analysis
    Info (306007): Pin "VGA_G[3]" has no specified output pin load capacitance -- assuming default load capacitance of 0 pF for timing analysis
    Info (306007): Pin "VGA_G[4]" has no specified output pin load capacitance -- assuming default load capacitance of 0 pF for timing analysis
    Info (306007): Pin "VGA_G[5]" has no specified output pin load capacitance -- assuming default load capacitance of 0 pF for timing analysis
    Info (306007): Pin "VGA_G[6]" has no specified output pin load capacitance -- assuming default load capacitance of 0 pF for timing analysis
    Info (306007): Pin "VGA_G[7]" has no specified output pin load capacitance -- assuming default load capacitance of 0 pF for timing analysis
    Info (306007): Pin "VGA_G[8]" has no specified output pin load capacitance -- assuming default load capacitance of 0 pF for timing analysis
    Info (306007): Pin "VGA_G[9]" has no specified output pin load capacitance -- assuming default load capacitance of 0 pF for timing analysis
    Info (306007): Pin "VGA_B[0]" has no specified output pin load capacitance -- assuming default load capacitance of 0 pF for timing analysis
    Info (306007): Pin "VGA_B[1]" has no specified output pin load capacitance -- assuming default load capacitance of 0 pF for timing analysis
    Info (306007): Pin "VGA_B[2]" has no specified output pin load capacitance -- assuming default load capacitance of 0 pF for timing analysis
    Info (306007): Pin "VGA_B[3]" has no specified output pin load capacitance -- assuming default load capacitance of 0 pF for timing analysis
    Info (306007): Pin "VGA_B[4]" has no specified output pin load capacitance -- assuming default load capacitance of 0 pF for timing analysis
    Info (306007): Pin "VGA_B[5]" has no specified output pin load capacitance -- assuming default load capacitance of 0 pF for timing analysis
    Info (306007): Pin "VGA_B[6]" has no specified output pin load capacitance -- assuming default load capacitance of 0 pF for timing analysis
    Info (306007): Pin "VGA_B[7]" has no specified output pin load capacitance -- assuming default load capacitance of 0 pF for timing analysis
    Info (306007): Pin "VGA_B[8]" has no specified output pin load capacitance -- assuming default load capacitance of 0 pF for timing analysis
    Info (306007): Pin "VGA_B[9]" has no specified output pin load capacitance -- assuming default load capacitance of 0 pF for timing analysis
    Info (306007): Pin "VGA_HS" has no specified output pin load capacitance -- assuming default load capacitance of 0 pF for timing analysis
    Info (306007): Pin "VGA_VS" has no specified output pin load capacitance -- assuming default load capacitance of 0 pF for timing analysis
    Info (306007): Pin "VGA_BLANK_N" has no specified output pin load capacitance -- assuming default load capacitance of 0 pF for timing analysis
    Info (306007): Pin "VGA_SYNC_N" has no specified output pin load capacitance -- assuming default load capacitance of 0 pF for timing analysis
    Info (306007): Pin "VGA_CLK" has no specified output pin load capacitance -- assuming default load capacitance of 0 pF for timing analysis
    Info (306007): Pin "LEDR[0]" has no specified output pin load capacitance -- assuming default load capacitance of 0 pF for timing analysis
    Info (306007): Pin "LEDR[1]" has no specified output pin load capacitance -- assuming default load capacitance of 0 pF for timing analysis
    Info (306007): Pin "LEDR[2]" has no specified output pin load capacitance -- assuming default load capacitance of 0 pF for timing analysis
    Info (306007): Pin "LEDR[3]" has no specified output pin load capacitance -- assuming default load capacitance of 0 pF for timing analysis
    Info (306007): Pin "LEDR[4]" has no specified output pin load capacitance -- assuming default load capacitance of 0 pF for timing analysis
    Info (306007): Pin "LEDR[5]" has no specified output pin load capacitance -- assuming default load capacitance of 0 pF for timing analysis
    Info (306007): Pin "LEDR[6]" has no specified output pin load capacitance -- assuming default load capacitance of 0 pF for timing analysis
    Info (306007): Pin "LEDR[7]" has no specified output pin load capacitance -- assuming default load capacitance of 0 pF for timing analysis
    Info (306007): Pin "LEDR[8]" has no specified output pin load capacitance -- assuming default load capacitance of 0 pF for timing analysis
    Info (306007): Pin "LEDR[9]" has no specified output pin load capacitance -- assuming default load capacitance of 0 pF for timing analysis
    Info (306007): Pin "HEX0[0]" has no specified output pin load capacitance -- assuming default load capacitance of 0 pF for timing analysis
    Info (306007): Pin "HEX0[1]" has no specified output pin load capacitance -- assuming default load capacitance of 0 pF for timing analysis
    Info (306007): Pin "HEX0[2]" has no specified output pin load capacitance -- assuming default load capacitance of 0 pF for timing analysis
    Info (306007): Pin "HEX0[3]" has no specified output pin load capacitance -- assuming default load capacitance of 0 pF for timing analysis
    Info (306007): Pin "HEX0[4]" has no specified output pin load capacitance -- assuming default load capacitance of 0 pF for timing analysis
    Info (306007): Pin "HEX0[5]" has no specified output pin load capacitance -- assuming default load capacitance of 0 pF for timing analysis
    Info (306007): Pin "HEX0[6]" has no specified output pin load capacitance -- assuming default load capacitance of 0 pF for timing analysis
    Info (306007): Pin "HEX1[0]" has no specified output pin load capacitance -- assuming default load capacitance of 0 pF for timing analysis
    Info (306007): Pin "HEX1[1]" has no specified output pin load capacitance -- assuming default load capacitance of 0 pF for timing analysis
    Info (306007): Pin "HEX1[2]" has no specified output pin load capacitance -- assuming default load capacitance of 0 pF for timing analysis
    Info (306007): Pin "HEX1[3]" has no specified output pin load capacitance -- assuming default load capacitance of 0 pF for timing analysis
    Info (306007): Pin "HEX1[4]" has no specified output pin load capacitance -- assuming default load capacitance of 0 pF for timing analysis
    Info (306007): Pin "HEX1[5]" has no specified output pin load capacitance -- assuming default load capacitance of 0 pF for timing analysis
    Info (306007): Pin "HEX1[6]" has no specified output pin load capacitance -- assuming default load capacitance of 0 pF for timing analysis
Info (306005): Delay annotation completed successfully
Info (306004): Started post-fitting delay annotation
Info (306005): Delay annotation completed successfully
Info (11218): Fitter post-fit operations ending: elapsed time is 00:00:02
Warning (169174): The Reserve All Unused Pins setting has not been specified, and will default to 'As output driving ground'.
Info (144001): Generated suppressed messages file C:/Users/Gigabyte/OneDrive - University of Information Technology/Máy tính/Project_Final (1)/Project_Final/output_files/Snake_Top.fit.smsg
Info: Quartus II 64-Bit Fitter was successful. 0 errors, 4 warnings
    Info: Peak virtual memory: 5589 megabytes
    Info: Processing ended: Thu May 28 23:41:06 2026
    Info: Elapsed time: 00:00:34
    Info: Total CPU time (on all processors): 00:00:11


+----------------------------+
; Fitter Suppressed Messages ;
+----------------------------+
The suppressed messages can be found in C:/Users/Gigabyte/OneDrive - University of Information Technology/Máy tính/Project_Final (1)/Project_Final/output_files/Snake_Top.fit.smsg.


