Analysis & Synthesis report for Snake_Top
Thu May 28 23:40:31 2026
Quartus II 64-Bit Version 13.0.1 Build 232 06/12/2013 Service Pack 1 SJ Web Edition


---------------------
; Table of Contents ;
---------------------
  1. Legal Notice
  2. Analysis & Synthesis Summary
  3. Analysis & Synthesis Settings
  4. Parallel Compilation
  5. Analysis & Synthesis Source Files Read
  6. Analysis & Synthesis Resource Usage Summary
  7. Analysis & Synthesis Resource Utilization by Entity
  8. State Machine - |Snake_Top|Game_Logic:logic_core|current_state
  9. Registers Removed During Synthesis
 10. Removed Registers Triggering Further Register Optimizations
 11. General Register Statistics
 12. Inverted Register Statistics
 13. Multiplexer Restructuring Statistics (Restructuring Performed)
 14. Parameter Settings for User Entity Instance: VGA_Controller:vga
 15. Parameter Settings for Inferred Entity Instance: lpm_divide:Mod0
 16. Parameter Settings for Inferred Entity Instance: lpm_divide:Div0
 17. Parameter Settings for Inferred Entity Instance: lpm_divide:Mod1
 18. Parameter Settings for Inferred Entity Instance: lpm_divide:Mod2
 19. Parameter Settings for Inferred Entity Instance: lpm_divide:Mod3
 20. Port Connectivity Checks: "Hex_Decoder:h1"
 21. Port Connectivity Checks: "Hex_Decoder:h0"
 22. Port Connectivity Checks: "VGA_Controller:vga"
 23. Elapsed Time Per Partition
 24. Analysis & Synthesis Messages



----------------
; Legal Notice ;
----------------
Copyright (C) 1991-2013 Altera Corporation
Your use of Altera Corporation's design tools, logic functions 
and other software and tools, and its AMPP partner logic 
functions, and any output files from any of the foregoing 
(including device programming or simulation files), and any 
associated documentation or information are expressly subject 
to the terms and conditions of the Altera Program License 
Subscription Agreement, Altera MegaCore Function License 
Agreement, or other applicable license agreement, including, 
without limitation, that your use is for the sole purpose of 
programming logic devices manufactured by Altera and sold by 
Altera or its authorized distributors.  Please refer to the 
applicable agreement for further details.



+--------------------------------------------------------------------------------------+
; Analysis & Synthesis Summary                                                         ;
+------------------------------------+-------------------------------------------------+
; Analysis & Synthesis Status        ; Successful - Thu May 28 23:40:31 2026           ;
; Quartus II 64-Bit Version          ; 13.0.1 Build 232 06/12/2013 SP 1 SJ Web Edition ;
; Revision Name                      ; Snake_Top                                       ;
; Top-level Entity Name              ; Snake_Top                                       ;
; Family                             ; Cyclone II                                      ;
; Total logic elements               ; 8,930                                           ;
;     Total combinational functions  ; 6,531                                           ;
;     Dedicated logic registers      ; 2,582                                           ;
; Total registers                    ; 2582                                            ;
; Total pins                         ; 63                                              ;
; Total virtual pins                 ; 0                                               ;
; Total memory bits                  ; 0                                               ;
; Embedded Multiplier 9-bit elements ; 0                                               ;
; Total PLLs                         ; 0                                               ;
+------------------------------------+-------------------------------------------------+


+----------------------------------------------------------------------------------------------------------------------+
; Analysis & Synthesis Settings                                                                                        ;
+----------------------------------------------------------------------------+--------------------+--------------------+
; Option                                                                     ; Setting            ; Default Value      ;
+----------------------------------------------------------------------------+--------------------+--------------------+
; Device                                                                     ; EP2C35F672C6       ;                    ;
; Top-level entity name                                                      ; Snake_Top          ; Snake_Top          ;
; Family name                                                                ; Cyclone II         ; Cyclone IV GX      ;
; Use smart compilation                                                      ; Off                ; Off                ;
; Enable parallel Assembler and TimeQuest Timing Analyzer during compilation ; On                 ; On                 ;
; Enable compact report table                                                ; Off                ; Off                ;
; Restructure Multiplexers                                                   ; Auto               ; Auto               ;
; Create Debugging Nodes for IP Cores                                        ; Off                ; Off                ;
; Preserve fewer node names                                                  ; On                 ; On                 ;
; Disable OpenCore Plus hardware evaluation                                  ; Off                ; Off                ;
; Verilog Version                                                            ; Verilog_2001       ; Verilog_2001       ;
; VHDL Version                                                               ; VHDL_1993          ; VHDL_1993          ;
; State Machine Processing                                                   ; Auto               ; Auto               ;
; Safe State Machine                                                         ; Off                ; Off                ;
; Extract Verilog State Machines                                             ; On                 ; On                 ;
; Extract VHDL State Machines                                                ; On                 ; On                 ;
; Ignore Verilog initial constructs                                          ; Off                ; Off                ;
; Iteration limit for constant Verilog loops                                 ; 5000               ; 5000               ;
; Iteration limit for non-constant Verilog loops                             ; 250                ; 250                ;
; Add Pass-Through Logic to Inferred RAMs                                    ; On                 ; On                 ;
; Infer RAMs from Raw Logic                                                  ; On                 ; On                 ;
; Parallel Synthesis                                                         ; On                 ; On                 ;
; DSP Block Balancing                                                        ; Auto               ; Auto               ;
; NOT Gate Push-Back                                                         ; On                 ; On                 ;
; Power-Up Don't Care                                                        ; On                 ; On                 ;
; Remove Redundant Logic Cells                                               ; Off                ; Off                ;
; Remove Duplicate Registers                                                 ; On                 ; On                 ;
; Ignore CARRY Buffers                                                       ; Off                ; Off                ;
; Ignore CASCADE Buffers                                                     ; Off                ; Off                ;
; Ignore GLOBAL Buffers                                                      ; Off                ; Off                ;
; Ignore ROW GLOBAL Buffers                                                  ; Off                ; Off                ;
; Ignore LCELL Buffers                                                       ; Off                ; Off                ;
; Ignore SOFT Buffers                                                        ; On                 ; On                 ;
; Limit AHDL Integers to 32 Bits                                             ; Off                ; Off                ;
; Optimization Technique                                                     ; Balanced           ; Balanced           ;
; Carry Chain Length                                                         ; 70                 ; 70                 ;
; Auto Carry Chains                                                          ; On                 ; On                 ;
; Auto Open-Drain Pins                                                       ; On                 ; On                 ;
; Perform WYSIWYG Primitive Resynthesis                                      ; Off                ; Off                ;
; Auto ROM Replacement                                                       ; On                 ; On                 ;
; Auto RAM Replacement                                                       ; On                 ; On                 ;
; Auto Shift Register Replacement                                            ; Auto               ; Auto               ;
; Allow Shift Register Merging across Hierarchies                            ; Auto               ; Auto               ;
; Auto Clock Enable Replacement                                              ; On                 ; On                 ;
; Strict RAM Replacement                                                     ; Off                ; Off                ;
; Allow Synchronous Control Signals                                          ; On                 ; On                 ;
; Force Use of Synchronous Clear Signals                                     ; Off                ; Off                ;
; Auto RAM to Logic Cell Conversion                                          ; Off                ; Off                ;
; Auto Resource Sharing                                                      ; Off                ; Off                ;
; Allow Any RAM Size For Recognition                                         ; Off                ; Off                ;
; Allow Any ROM Size For Recognition                                         ; Off                ; Off                ;
; Allow Any Shift Register Size For Recognition                              ; Off                ; Off                ;
; Use LogicLock Constraints during Resource Balancing                        ; On                 ; On                 ;
; Ignore translate_off and synthesis_off directives                          ; Off                ; Off                ;
; Timing-Driven Synthesis                                                    ; Off                ; Off                ;
; Report Parameter Settings                                                  ; On                 ; On                 ;
; Report Source Assignments                                                  ; On                 ; On                 ;
; Report Connectivity Checks                                                 ; On                 ; On                 ;
; Ignore Maximum Fan-Out Assignments                                         ; Off                ; Off                ;
; Synchronization Register Chain Length                                      ; 2                  ; 2                  ;
; PowerPlay Power Optimization                                               ; Normal compilation ; Normal compilation ;
; HDL message level                                                          ; Level2             ; Level2             ;
; Suppress Register Optimization Related Messages                            ; Off                ; Off                ;
; Number of Removed Registers Reported in Synthesis Report                   ; 5000               ; 5000               ;
; Number of Swept Nodes Reported in Synthesis Report                         ; 5000               ; 5000               ;
; Number of Inverted Registers Reported in Synthesis Report                  ; 100                ; 100                ;
; Clock MUX Protection                                                       ; On                 ; On                 ;
; Auto Gated Clock Conversion                                                ; Off                ; Off                ;
; Block Design Naming                                                        ; Auto               ; Auto               ;
; SDC constraint protection                                                  ; Off                ; Off                ;
; Synthesis Effort                                                           ; Auto               ; Auto               ;
; Shift Register Replacement - Allow Asynchronous Clear Signal               ; On                 ; On                 ;
; Pre-Mapping Resynthesis Optimization                                       ; Off                ; Off                ;
; Analysis & Synthesis Message Level                                         ; Medium             ; Medium             ;
; Disable Register Merging Across Hierarchies                                ; Auto               ; Auto               ;
; Resource Aware Inference For Block RAM                                     ; On                 ; On                 ;
; Synthesis Seed                                                             ; 1                  ; 1                  ;
+----------------------------------------------------------------------------+--------------------+--------------------+


+------------------------------------------+
; Parallel Compilation                     ;
+----------------------------+-------------+
; Processors                 ; Number      ;
+----------------------------+-------------+
; Number detected on machine ; 12          ;
; Maximum allowed            ; 8           ;
;                            ;             ;
; Average used               ; 1.00        ;
; Maximum used               ; 1           ;
;                            ;             ;
; Usage by Processor         ; % Time Used ;
;     Processor 1            ; 100.0%      ;
;     Processors 2-12        ;   0.0%      ;
+----------------------------+-------------+


+-------------------------------------------------------------------------------------------------------------------------------------------------------------------------------------------------------------------------------------+
; Analysis & Synthesis Source Files Read                                                                                                                                                                                              ;
+----------------------------------+-----------------+------------------------------+---------------------------------------------------------------------------------------------------------------------------------------+---------+
; File Name with User-Entered Path ; Used in Netlist ; File Type                    ; File Name with Absolute Path                                                                                                          ; Library ;
+----------------------------------+-----------------+------------------------------+---------------------------------------------------------------------------------------------------------------------------------------+---------+
; Snake_Top.v                      ; yes             ; User Verilog HDL File        ; C:/Users/Gigabyte/OneDrive - University of Information Technology/Máy tính/Project_Final (1)/Project_Final/Snake_Top.v                ;         ;
; VGA_Controller.v                 ; yes             ; User Verilog HDL File        ; C:/Users/Gigabyte/OneDrive - University of Information Technology/Máy tính/Project_Final (1)/Project_Final/VGA_Controller.v           ;         ;
; Game_Clock.v                     ; yes             ; User Verilog HDL File        ; C:/Users/Gigabyte/OneDrive - University of Information Technology/Máy tính/Project_Final (1)/Project_Final/Game_Clock.v               ;         ;
; Random_Generator.v               ; yes             ; User Verilog HDL File        ; C:/Users/Gigabyte/OneDrive - University of Information Technology/Máy tính/Project_Final (1)/Project_Final/Random_Generator.v         ;         ;
; Keyboard_Controller.v            ; yes             ; User Verilog HDL File        ; C:/Users/Gigabyte/OneDrive - University of Information Technology/Máy tính/Project_Final (1)/Project_Final/Keyboard_Controller.v      ;         ;
; Hex_Decoder.v                    ; yes             ; User Verilog HDL File        ; C:/Users/Gigabyte/OneDrive - University of Information Technology/Máy tính/Project_Final (1)/Project_Final/Hex_Decoder.v              ;         ;
; GameOver_Display.v               ; yes             ; User Verilog HDL File        ; C:/Users/Gigabyte/OneDrive - University of Information Technology/Máy tính/Project_Final (1)/Project_Final/GameOver_Display.v         ;         ;
; Game_Logic.v                     ; yes             ; User Verilog HDL File        ; C:/Users/Gigabyte/OneDrive - University of Information Technology/Máy tính/Project_Final (1)/Project_Final/Game_Logic.v               ;         ;
; lpm_divide.tdf                   ; yes             ; Megafunction                 ; d:/altera/quartus/libraries/megafunctions/lpm_divide.tdf                                                                              ;         ;
; abs_divider.inc                  ; yes             ; Megafunction                 ; d:/altera/quartus/libraries/megafunctions/abs_divider.inc                                                                             ;         ;
; sign_div_unsign.inc              ; yes             ; Megafunction                 ; d:/altera/quartus/libraries/megafunctions/sign_div_unsign.inc                                                                         ;         ;
; aglobal130.inc                   ; yes             ; Megafunction                 ; d:/altera/quartus/libraries/megafunctions/aglobal130.inc                                                                              ;         ;
; db/lpm_divide_45m.tdf            ; yes             ; Auto-Generated Megafunction  ; C:/Users/Gigabyte/OneDrive - University of Information Technology/Máy tính/Project_Final (1)/Project_Final/db/lpm_divide_45m.tdf      ;         ;
; db/sign_div_unsign_bkh.tdf       ; yes             ; Auto-Generated Megafunction  ; C:/Users/Gigabyte/OneDrive - University of Information Technology/Máy tính/Project_Final (1)/Project_Final/db/sign_div_unsign_bkh.tdf ;         ;
; db/alt_u_div_ove.tdf             ; yes             ; Auto-Generated Megafunction  ; C:/Users/Gigabyte/OneDrive - University of Information Technology/Máy tính/Project_Final (1)/Project_Final/db/alt_u_div_ove.tdf       ;         ;
; db/add_sub_lkc.tdf               ; yes             ; Auto-Generated Megafunction  ; C:/Users/Gigabyte/OneDrive - University of Information Technology/Máy tính/Project_Final (1)/Project_Final/db/add_sub_lkc.tdf         ;         ;
; db/add_sub_mkc.tdf               ; yes             ; Auto-Generated Megafunction  ; C:/Users/Gigabyte/OneDrive - University of Information Technology/Máy tính/Project_Final (1)/Project_Final/db/add_sub_mkc.tdf         ;         ;
; db/lpm_divide_1dm.tdf            ; yes             ; Auto-Generated Megafunction  ; C:/Users/Gigabyte/OneDrive - University of Information Technology/Máy tính/Project_Final (1)/Project_Final/db/lpm_divide_1dm.tdf      ;         ;
; db/lpm_divide_e6m.tdf            ; yes             ; Auto-Generated Megafunction  ; C:/Users/Gigabyte/OneDrive - University of Information Technology/Máy tính/Project_Final (1)/Project_Final/db/lpm_divide_e6m.tdf      ;         ;
; db/sign_div_unsign_llh.tdf       ; yes             ; Auto-Generated Megafunction  ; C:/Users/Gigabyte/OneDrive - University of Information Technology/Máy tính/Project_Final (1)/Project_Final/db/sign_div_unsign_llh.tdf ;         ;
; db/alt_u_div_c2f.tdf             ; yes             ; Auto-Generated Megafunction  ; C:/Users/Gigabyte/OneDrive - University of Information Technology/Máy tính/Project_Final (1)/Project_Final/db/alt_u_div_c2f.tdf       ;         ;
; db/lpm_divide_d6m.tdf            ; yes             ; Auto-Generated Megafunction  ; C:/Users/Gigabyte/OneDrive - University of Information Technology/Máy tính/Project_Final (1)/Project_Final/db/lpm_divide_d6m.tdf      ;         ;
; db/sign_div_unsign_klh.tdf       ; yes             ; Auto-Generated Megafunction  ; C:/Users/Gigabyte/OneDrive - University of Information Technology/Máy tính/Project_Final (1)/Project_Final/db/sign_div_unsign_klh.tdf ;         ;
; db/alt_u_div_a2f.tdf             ; yes             ; Auto-Generated Megafunction  ; C:/Users/Gigabyte/OneDrive - University of Information Technology/Máy tính/Project_Final (1)/Project_Final/db/alt_u_div_a2f.tdf       ;         ;
+----------------------------------+-----------------+------------------------------+---------------------------------------------------------------------------------------------------------------------------------------+---------+


+----------------------------------------------------------------------------+
; Analysis & Synthesis Resource Usage Summary                                ;
+---------------------------------------------+------------------------------+
; Resource                                    ; Usage                        ;
+---------------------------------------------+------------------------------+
; Estimated Total logic elements              ; 8,930                        ;
;                                             ;                              ;
; Total combinational functions               ; 6531                         ;
; Logic element usage by number of LUT inputs ;                              ;
;     -- 4 input functions                    ; 2126                         ;
;     -- 3 input functions                    ; 2661                         ;
;     -- <=2 input functions                  ; 1744                         ;
;                                             ;                              ;
; Logic elements by mode                      ;                              ;
;     -- normal mode                          ; 2980                         ;
;     -- arithmetic mode                      ; 3551                         ;
;                                             ;                              ;
; Total registers                             ; 2582                         ;
;     -- Dedicated logic registers            ; 2582                         ;
;     -- I/O registers                        ; 0                            ;
;                                             ;                              ;
; I/O pins                                    ; 63                           ;
; Embedded Multiplier 9-bit elements          ; 0                            ;
; Maximum fan-out node                        ; Game_Clock:clk_gen|game_tick ;
; Maximum fan-out                             ; 2453                         ;
; Total fan-out                               ; 27395                        ;
; Average fan-out                             ; 2.99                         ;
+---------------------------------------------+------------------------------+


+--------------------------------------------------------------------------------------------------------------------------------------------------------------------------------------------------------------------------------------------------------------------------------+
; Analysis & Synthesis Resource Utilization by Entity                                                                                                                                                                                                                            ;
+----------------------------------------+-------------------+--------------+-------------+--------------+---------+-----------+------+--------------+------------------------------------------------------------------------------------------------------------+--------------+
; Compilation Hierarchy Node             ; LC Combinationals ; LC Registers ; Memory Bits ; DSP Elements ; DSP 9x9 ; DSP 18x18 ; Pins ; Virtual Pins ; Full Hierarchy Name                                                                                        ; Library Name ;
+----------------------------------------+-------------------+--------------+-------------+--------------+---------+-----------+------+--------------+------------------------------------------------------------------------------------------------------------+--------------+
; |Snake_Top                             ; 6531 (63)         ; 2582 (30)    ; 0           ; 0            ; 0       ; 0         ; 63   ; 0            ; |Snake_Top                                                                                                 ; work         ;
;    |GameOver_Display:text_gen|         ; 106 (106)         ; 0 (0)        ; 0           ; 0            ; 0       ; 0         ; 0    ; 0            ; |Snake_Top|GameOver_Display:text_gen                                                                       ; work         ;
;    |Game_Clock:clk_gen|                ; 60 (60)           ; 25 (25)      ; 0           ; 0            ; 0       ; 0         ; 0    ; 0            ; |Snake_Top|Game_Clock:clk_gen                                                                              ; work         ;
;    |Game_Logic:logic_core|             ; 5826 (5826)       ; 2457 (2457)  ; 0           ; 0            ; 0       ; 0         ; 0    ; 0            ; |Snake_Top|Game_Logic:logic_core                                                                           ; work         ;
;    |Hex_Decoder:h0|                    ; 7 (7)             ; 0 (0)        ; 0           ; 0            ; 0       ; 0         ; 0    ; 0            ; |Snake_Top|Hex_Decoder:h0                                                                                  ; work         ;
;    |Hex_Decoder:h1|                    ; 7 (7)             ; 0 (0)        ; 0           ; 0            ; 0       ; 0         ; 0    ; 0            ; |Snake_Top|Hex_Decoder:h1                                                                                  ; work         ;
;    |Keyboard_Controller:kb|            ; 40 (40)           ; 18 (18)      ; 0           ; 0            ; 0       ; 0         ; 0    ; 0            ; |Snake_Top|Keyboard_Controller:kb                                                                          ; work         ;
;    |Random_Generator:rng|              ; 56 (56)           ; 28 (28)      ; 0           ; 0            ; 0       ; 0         ; 0    ; 0            ; |Snake_Top|Random_Generator:rng                                                                            ; work         ;
;    |VGA_Controller:vga|                ; 53 (53)           ; 24 (24)      ; 0           ; 0            ; 0       ; 0         ; 0    ; 0            ; |Snake_Top|VGA_Controller:vga                                                                              ; work         ;
;    |lpm_divide:Div0|                   ; 56 (0)            ; 0 (0)        ; 0           ; 0            ; 0       ; 0         ; 0    ; 0            ; |Snake_Top|lpm_divide:Div0                                                                                 ; work         ;
;       |lpm_divide_1dm:auto_generated|  ; 56 (0)            ; 0 (0)        ; 0           ; 0            ; 0       ; 0         ; 0    ; 0            ; |Snake_Top|lpm_divide:Div0|lpm_divide_1dm:auto_generated                                                   ; work         ;
;          |sign_div_unsign_bkh:divider| ; 56 (0)            ; 0 (0)        ; 0           ; 0            ; 0       ; 0         ; 0    ; 0            ; |Snake_Top|lpm_divide:Div0|lpm_divide_1dm:auto_generated|sign_div_unsign_bkh:divider                       ; work         ;
;             |alt_u_div_ove:divider|    ; 56 (56)           ; 0 (0)        ; 0           ; 0            ; 0       ; 0         ; 0    ; 0            ; |Snake_Top|lpm_divide:Div0|lpm_divide_1dm:auto_generated|sign_div_unsign_bkh:divider|alt_u_div_ove:divider ; work         ;
;    |lpm_divide:Mod0|                   ; 59 (0)            ; 0 (0)        ; 0           ; 0            ; 0       ; 0         ; 0    ; 0            ; |Snake_Top|lpm_divide:Mod0                                                                                 ; work         ;
;       |lpm_divide_45m:auto_generated|  ; 59 (0)            ; 0 (0)        ; 0           ; 0            ; 0       ; 0         ; 0    ; 0            ; |Snake_Top|lpm_divide:Mod0|lpm_divide_45m:auto_generated                                                   ; work         ;
;          |sign_div_unsign_bkh:divider| ; 59 (0)            ; 0 (0)        ; 0           ; 0            ; 0       ; 0         ; 0    ; 0            ; |Snake_Top|lpm_divide:Mod0|lpm_divide_45m:auto_generated|sign_div_unsign_bkh:divider                       ; work         ;
;             |alt_u_div_ove:divider|    ; 59 (59)           ; 0 (0)        ; 0           ; 0            ; 0       ; 0         ; 0    ; 0            ; |Snake_Top|lpm_divide:Mod0|lpm_divide_45m:auto_generated|sign_div_unsign_bkh:divider|alt_u_div_ove:divider ; work         ;
;    |lpm_divide:Mod1|                   ; 21 (0)            ; 0 (0)        ; 0           ; 0            ; 0       ; 0         ; 0    ; 0            ; |Snake_Top|lpm_divide:Mod1                                                                                 ; work         ;
;       |lpm_divide_45m:auto_generated|  ; 21 (0)            ; 0 (0)        ; 0           ; 0            ; 0       ; 0         ; 0    ; 0            ; |Snake_Top|lpm_divide:Mod1|lpm_divide_45m:auto_generated                                                   ; work         ;
;          |sign_div_unsign_bkh:divider| ; 21 (0)            ; 0 (0)        ; 0           ; 0            ; 0       ; 0         ; 0    ; 0            ; |Snake_Top|lpm_divide:Mod1|lpm_divide_45m:auto_generated|sign_div_unsign_bkh:divider                       ; work         ;
;             |alt_u_div_ove:divider|    ; 21 (21)           ; 0 (0)        ; 0           ; 0            ; 0       ; 0         ; 0    ; 0            ; |Snake_Top|lpm_divide:Mod1|lpm_divide_45m:auto_generated|sign_div_unsign_bkh:divider|alt_u_div_ove:divider ; work         ;
;    |lpm_divide:Mod2|                   ; 95 (0)            ; 0 (0)        ; 0           ; 0            ; 0       ; 0         ; 0    ; 0            ; |Snake_Top|lpm_divide:Mod2                                                                                 ; work         ;
;       |lpm_divide_e6m:auto_generated|  ; 95 (0)            ; 0 (0)        ; 0           ; 0            ; 0       ; 0         ; 0    ; 0            ; |Snake_Top|lpm_divide:Mod2|lpm_divide_e6m:auto_generated                                                   ; work         ;
;          |sign_div_unsign_llh:divider| ; 95 (0)            ; 0 (0)        ; 0           ; 0            ; 0       ; 0         ; 0    ; 0            ; |Snake_Top|lpm_divide:Mod2|lpm_divide_e6m:auto_generated|sign_div_unsign_llh:divider                       ; work         ;
;             |alt_u_div_c2f:divider|    ; 95 (95)           ; 0 (0)        ; 0           ; 0            ; 0       ; 0         ; 0    ; 0            ; |Snake_Top|lpm_divide:Mod2|lpm_divide_e6m:auto_generated|sign_div_unsign_llh:divider|alt_u_div_c2f:divider ; work         ;
;    |lpm_divide:Mod3|                   ; 82 (0)            ; 0 (0)        ; 0           ; 0            ; 0       ; 0         ; 0    ; 0            ; |Snake_Top|lpm_divide:Mod3                                                                                 ; work         ;
;       |lpm_divide_d6m:auto_generated|  ; 82 (0)            ; 0 (0)        ; 0           ; 0            ; 0       ; 0         ; 0    ; 0            ; |Snake_Top|lpm_divide:Mod3|lpm_divide_d6m:auto_generated                                                   ; work         ;
;          |sign_div_unsign_klh:divider| ; 82 (0)            ; 0 (0)        ; 0           ; 0            ; 0       ; 0         ; 0    ; 0            ; |Snake_Top|lpm_divide:Mod3|lpm_divide_d6m:auto_generated|sign_div_unsign_klh:divider                       ; work         ;
;             |alt_u_div_a2f:divider|    ; 82 (82)           ; 0 (0)        ; 0           ; 0            ; 0       ; 0         ; 0    ; 0            ; |Snake_Top|lpm_divide:Mod3|lpm_divide_d6m:auto_generated|sign_div_unsign_klh:divider|alt_u_div_a2f:divider ; work         ;
+----------------------------------------+-------------------+--------------+-------------+--------------+---------+-----------+------+--------------+------------------------------------------------------------------------------------------------------------+--------------+
Note: For table entries with two numbers listed, the numbers in parentheses indicate the number of resources of the given type used by the specific entity alone. The numbers listed outside of parentheses indicate the total resources of the given type used by the specific entity and all of its sub-entities in the hierarchy.


Encoding Type:  One-Hot
+-------------------------------------------------------------------------------------------+
; State Machine - |Snake_Top|Game_Logic:logic_core|current_state                            ;
+----------------------+----------------------+----------------------+----------------------+
; Name                 ; current_state.S_INIT ; current_state.S_OVER ; current_state.S_PLAY ;
+----------------------+----------------------+----------------------+----------------------+
; current_state.S_INIT ; 0                    ; 0                    ; 0                    ;
; current_state.S_PLAY ; 1                    ; 0                    ; 1                    ;
; current_state.S_OVER ; 1                    ; 1                    ; 0                    ;
+----------------------+----------------------+----------------------+----------------------+


+-------------------------------------------------------------------------------------------+
; Registers Removed During Synthesis                                                        ;
+--------------------------------------------+----------------------------------------------+
; Register name                              ; Reason for Removal                           ;
+--------------------------------------------+----------------------------------------------+
; Game_Logic:logic_core|snake_y[0][0]        ; Stuck at GND due to stuck port data_in       ;
; Game_Logic:logic_core|snake_x[0][0]        ; Stuck at GND due to stuck port data_in       ;
; Random_Generator:rng|rnd_x[0]              ; Stuck at GND due to stuck port data_in       ;
; Random_Generator:rng|rnd_y[0]              ; Stuck at GND due to stuck port data_in       ;
; Game_Logic:logic_core|snake_y[1][0]        ; Stuck at GND due to stuck port data_in       ;
; Game_Logic:logic_core|snake_x[1][0]        ; Stuck at GND due to stuck port data_in       ;
; Keyboard_Controller:kb|direction[0]        ; Stuck at GND due to stuck port data_in       ;
; Game_Logic:logic_core|snake_y[2][0]        ; Stuck at GND due to stuck port data_in       ;
; Game_Logic:logic_core|snake_x[2][0]        ; Stuck at GND due to stuck port data_in       ;
; Game_Logic:logic_core|snake_y[3][0]        ; Stuck at GND due to stuck port data_in       ;
; Game_Logic:logic_core|snake_x[3][0]        ; Stuck at GND due to stuck port data_in       ;
; Game_Logic:logic_core|snake_y[4][0]        ; Stuck at GND due to stuck port data_in       ;
; Game_Logic:logic_core|snake_x[4][0]        ; Stuck at GND due to stuck port data_in       ;
; Game_Logic:logic_core|snake_y[5][0]        ; Stuck at GND due to stuck port data_in       ;
; Game_Logic:logic_core|snake_x[5][0]        ; Stuck at GND due to stuck port data_in       ;
; Game_Logic:logic_core|snake_y[6][0]        ; Stuck at GND due to stuck port data_in       ;
; Game_Logic:logic_core|snake_x[6][0]        ; Stuck at GND due to stuck port data_in       ;
; Game_Logic:logic_core|snake_y[7][0]        ; Stuck at GND due to stuck port data_in       ;
; Game_Logic:logic_core|snake_x[7][0]        ; Stuck at GND due to stuck port data_in       ;
; Game_Logic:logic_core|snake_y[8][0]        ; Stuck at GND due to stuck port data_in       ;
; Game_Logic:logic_core|snake_x[8][0]        ; Stuck at GND due to stuck port data_in       ;
; Game_Logic:logic_core|snake_y[9][0]        ; Stuck at GND due to stuck port data_in       ;
; Game_Logic:logic_core|snake_x[9][0]        ; Stuck at GND due to stuck port data_in       ;
; Game_Logic:logic_core|snake_y[10][0]       ; Stuck at GND due to stuck port data_in       ;
; Game_Logic:logic_core|snake_x[10][0]       ; Stuck at GND due to stuck port data_in       ;
; Game_Logic:logic_core|snake_y[11][0]       ; Stuck at GND due to stuck port data_in       ;
; Game_Logic:logic_core|snake_x[11][0]       ; Stuck at GND due to stuck port data_in       ;
; Game_Logic:logic_core|snake_y[12][0]       ; Stuck at GND due to stuck port data_in       ;
; Game_Logic:logic_core|snake_x[12][0]       ; Stuck at GND due to stuck port data_in       ;
; Game_Logic:logic_core|snake_y[13][0]       ; Stuck at GND due to stuck port data_in       ;
; Game_Logic:logic_core|snake_x[13][0]       ; Stuck at GND due to stuck port data_in       ;
; Game_Logic:logic_core|snake_y[14][0]       ; Stuck at GND due to stuck port data_in       ;
; Game_Logic:logic_core|snake_x[14][0]       ; Stuck at GND due to stuck port data_in       ;
; Game_Logic:logic_core|snake_y[15][0]       ; Stuck at GND due to stuck port data_in       ;
; Game_Logic:logic_core|snake_x[15][0]       ; Stuck at GND due to stuck port data_in       ;
; Game_Logic:logic_core|snake_y[16][0]       ; Stuck at GND due to stuck port data_in       ;
; Game_Logic:logic_core|snake_x[16][0]       ; Stuck at GND due to stuck port data_in       ;
; Game_Logic:logic_core|snake_y[17][0]       ; Stuck at GND due to stuck port data_in       ;
; Game_Logic:logic_core|snake_x[17][0]       ; Stuck at GND due to stuck port data_in       ;
; Game_Logic:logic_core|snake_y[18][0]       ; Stuck at GND due to stuck port data_in       ;
; Game_Logic:logic_core|snake_x[18][0]       ; Stuck at GND due to stuck port data_in       ;
; Game_Logic:logic_core|snake_y[19][0]       ; Stuck at GND due to stuck port data_in       ;
; Game_Logic:logic_core|snake_x[19][0]       ; Stuck at GND due to stuck port data_in       ;
; Game_Logic:logic_core|snake_y[20][0]       ; Stuck at GND due to stuck port data_in       ;
; Game_Logic:logic_core|snake_x[20][0]       ; Stuck at GND due to stuck port data_in       ;
; Game_Logic:logic_core|snake_y[21][0]       ; Stuck at GND due to stuck port data_in       ;
; Game_Logic:logic_core|snake_x[21][0]       ; Stuck at GND due to stuck port data_in       ;
; Game_Logic:logic_core|snake_y[22][0]       ; Stuck at GND due to stuck port data_in       ;
; Game_Logic:logic_core|snake_x[22][0]       ; Stuck at GND due to stuck port data_in       ;
; Game_Logic:logic_core|snake_y[23][0]       ; Stuck at GND due to stuck port data_in       ;
; Game_Logic:logic_core|snake_x[23][0]       ; Stuck at GND due to stuck port data_in       ;
; Game_Logic:logic_core|snake_y[24][0]       ; Stuck at GND due to stuck port data_in       ;
; Game_Logic:logic_core|snake_x[24][0]       ; Stuck at GND due to stuck port data_in       ;
; Game_Logic:logic_core|snake_y[25][0]       ; Stuck at GND due to stuck port data_in       ;
; Game_Logic:logic_core|snake_x[25][0]       ; Stuck at GND due to stuck port data_in       ;
; Game_Logic:logic_core|snake_y[26][0]       ; Stuck at GND due to stuck port data_in       ;
; Game_Logic:logic_core|snake_x[26][0]       ; Stuck at GND due to stuck port data_in       ;
; Game_Logic:logic_core|snake_y[27][0]       ; Stuck at GND due to stuck port data_in       ;
; Game_Logic:logic_core|snake_x[27][0]       ; Stuck at GND due to stuck port data_in       ;
; Game_Logic:logic_core|snake_y[28][0]       ; Stuck at GND due to stuck port data_in       ;
; Game_Logic:logic_core|snake_x[28][0]       ; Stuck at GND due to stuck port data_in       ;
; Game_Logic:logic_core|snake_y[29][0]       ; Stuck at GND due to stuck port data_in       ;
; Game_Logic:logic_core|snake_x[29][0]       ; Stuck at GND due to stuck port data_in       ;
; Game_Logic:logic_core|snake_y[30][0]       ; Stuck at GND due to stuck port data_in       ;
; Game_Logic:logic_core|snake_x[30][0]       ; Stuck at GND due to stuck port data_in       ;
; Game_Logic:logic_core|snake_y[31][0]       ; Stuck at GND due to stuck port data_in       ;
; Game_Logic:logic_core|snake_x[31][0]       ; Stuck at GND due to stuck port data_in       ;
; Game_Logic:logic_core|snake_y[32][0]       ; Stuck at GND due to stuck port data_in       ;
; Game_Logic:logic_core|snake_x[32][0]       ; Stuck at GND due to stuck port data_in       ;
; Game_Logic:logic_core|snake_y[33][0]       ; Stuck at GND due to stuck port data_in       ;
; Game_Logic:logic_core|snake_x[33][0]       ; Stuck at GND due to stuck port data_in       ;
; Game_Logic:logic_core|snake_y[34][0]       ; Stuck at GND due to stuck port data_in       ;
; Game_Logic:logic_core|snake_x[34][0]       ; Stuck at GND due to stuck port data_in       ;
; Game_Logic:logic_core|snake_y[35][0]       ; Stuck at GND due to stuck port data_in       ;
; Game_Logic:logic_core|snake_x[35][0]       ; Stuck at GND due to stuck port data_in       ;
; Game_Logic:logic_core|snake_y[36][0]       ; Stuck at GND due to stuck port data_in       ;
; Game_Logic:logic_core|snake_x[36][0]       ; Stuck at GND due to stuck port data_in       ;
; Game_Logic:logic_core|snake_y[37][0]       ; Stuck at GND due to stuck port data_in       ;
; Game_Logic:logic_core|snake_x[37][0]       ; Stuck at GND due to stuck port data_in       ;
; Game_Logic:logic_core|snake_y[38][0]       ; Stuck at GND due to stuck port data_in       ;
; Game_Logic:logic_core|snake_x[38][0]       ; Stuck at GND due to stuck port data_in       ;
; Game_Logic:logic_core|snake_y[39][0]       ; Stuck at GND due to stuck port data_in       ;
; Game_Logic:logic_core|snake_x[39][0]       ; Stuck at GND due to stuck port data_in       ;
; Game_Logic:logic_core|snake_y[40][0]       ; Stuck at GND due to stuck port data_in       ;
; Game_Logic:logic_core|snake_x[40][0]       ; Stuck at GND due to stuck port data_in       ;
; Game_Logic:logic_core|snake_y[41][0]       ; Stuck at GND due to stuck port data_in       ;
; Game_Logic:logic_core|snake_x[41][0]       ; Stuck at GND due to stuck port data_in       ;
; Game_Logic:logic_core|snake_y[42][0]       ; Stuck at GND due to stuck port data_in       ;
; Game_Logic:logic_core|snake_x[42][0]       ; Stuck at GND due to stuck port data_in       ;
; Game_Logic:logic_core|snake_y[43][0]       ; Stuck at GND due to stuck port data_in       ;
; Game_Logic:logic_core|snake_x[43][0]       ; Stuck at GND due to stuck port data_in       ;
; Game_Logic:logic_core|snake_y[44][0]       ; Stuck at GND due to stuck port data_in       ;
; Game_Logic:logic_core|snake_x[44][0]       ; Stuck at GND due to stuck port data_in       ;
; Game_Logic:logic_core|snake_y[45][0]       ; Stuck at GND due to stuck port data_in       ;
; Game_Logic:logic_core|snake_x[45][0]       ; Stuck at GND due to stuck port data_in       ;
; Game_Logic:logic_core|snake_y[46][0]       ; Stuck at GND due to stuck port data_in       ;
; Game_Logic:logic_core|snake_x[46][0]       ; Stuck at GND due to stuck port data_in       ;
; Game_Logic:logic_core|snake_y[47][0]       ; Stuck at GND due to stuck port data_in       ;
; Game_Logic:logic_core|snake_x[47][0]       ; Stuck at GND due to stuck port data_in       ;
; Game_Logic:logic_core|snake_y[48][0]       ; Stuck at GND due to stuck port data_in       ;
; Game_Logic:logic_core|snake_x[48][0]       ; Stuck at GND due to stuck port data_in       ;
; Game_Logic:logic_core|snake_y[49][0]       ; Stuck at GND due to stuck port data_in       ;
; Game_Logic:logic_core|snake_x[49][0]       ; Stuck at GND due to stuck port data_in       ;
; Game_Logic:logic_core|snake_y[50][0]       ; Stuck at GND due to stuck port data_in       ;
; Game_Logic:logic_core|snake_x[50][0]       ; Stuck at GND due to stuck port data_in       ;
; Game_Logic:logic_core|snake_y[51][0]       ; Stuck at GND due to stuck port data_in       ;
; Game_Logic:logic_core|snake_x[51][0]       ; Stuck at GND due to stuck port data_in       ;
; Game_Logic:logic_core|snake_y[52][0]       ; Stuck at GND due to stuck port data_in       ;
; Game_Logic:logic_core|snake_x[52][0]       ; Stuck at GND due to stuck port data_in       ;
; Game_Logic:logic_core|snake_y[53][0]       ; Stuck at GND due to stuck port data_in       ;
; Game_Logic:logic_core|snake_x[53][0]       ; Stuck at GND due to stuck port data_in       ;
; Game_Logic:logic_core|snake_y[54][0]       ; Stuck at GND due to stuck port data_in       ;
; Game_Logic:logic_core|snake_x[54][0]       ; Stuck at GND due to stuck port data_in       ;
; Game_Logic:logic_core|snake_y[55][0]       ; Stuck at GND due to stuck port data_in       ;
; Game_Logic:logic_core|snake_x[55][0]       ; Stuck at GND due to stuck port data_in       ;
; Game_Logic:logic_core|snake_y[56][0]       ; Stuck at GND due to stuck port data_in       ;
; Game_Logic:logic_core|snake_x[56][0]       ; Stuck at GND due to stuck port data_in       ;
; Game_Logic:logic_core|snake_y[57][0]       ; Stuck at GND due to stuck port data_in       ;
; Game_Logic:logic_core|snake_x[57][0]       ; Stuck at GND due to stuck port data_in       ;
; Game_Logic:logic_core|snake_y[58][0]       ; Stuck at GND due to stuck port data_in       ;
; Game_Logic:logic_core|snake_x[58][0]       ; Stuck at GND due to stuck port data_in       ;
; Game_Logic:logic_core|snake_y[59][0]       ; Stuck at GND due to stuck port data_in       ;
; Game_Logic:logic_core|snake_x[59][0]       ; Stuck at GND due to stuck port data_in       ;
; Game_Logic:logic_core|snake_y[60][0]       ; Stuck at GND due to stuck port data_in       ;
; Game_Logic:logic_core|snake_x[60][0]       ; Stuck at GND due to stuck port data_in       ;
; Game_Logic:logic_core|snake_y[61][0]       ; Stuck at GND due to stuck port data_in       ;
; Game_Logic:logic_core|snake_x[61][0]       ; Stuck at GND due to stuck port data_in       ;
; Game_Logic:logic_core|snake_y[62][0]       ; Stuck at GND due to stuck port data_in       ;
; Game_Logic:logic_core|snake_x[62][0]       ; Stuck at GND due to stuck port data_in       ;
; Game_Logic:logic_core|snake_y[63][0]       ; Stuck at GND due to stuck port data_in       ;
; Game_Logic:logic_core|snake_x[63][0]       ; Stuck at GND due to stuck port data_in       ;
; Game_Logic:logic_core|snake_y[64][0]       ; Stuck at GND due to stuck port data_in       ;
; Game_Logic:logic_core|snake_x[64][0]       ; Stuck at GND due to stuck port data_in       ;
; Game_Logic:logic_core|snake_y[65][0]       ; Stuck at GND due to stuck port data_in       ;
; Game_Logic:logic_core|snake_x[65][0]       ; Stuck at GND due to stuck port data_in       ;
; Game_Logic:logic_core|snake_y[66][0]       ; Stuck at GND due to stuck port data_in       ;
; Game_Logic:logic_core|snake_x[66][0]       ; Stuck at GND due to stuck port data_in       ;
; Game_Logic:logic_core|snake_y[67][0]       ; Stuck at GND due to stuck port data_in       ;
; Game_Logic:logic_core|snake_x[67][0]       ; Stuck at GND due to stuck port data_in       ;
; Game_Logic:logic_core|snake_y[68][0]       ; Stuck at GND due to stuck port data_in       ;
; Game_Logic:logic_core|snake_x[68][0]       ; Stuck at GND due to stuck port data_in       ;
; Game_Logic:logic_core|snake_y[69][0]       ; Stuck at GND due to stuck port data_in       ;
; Game_Logic:logic_core|snake_x[69][0]       ; Stuck at GND due to stuck port data_in       ;
; Game_Logic:logic_core|snake_y[70][0]       ; Stuck at GND due to stuck port data_in       ;
; Game_Logic:logic_core|snake_x[70][0]       ; Stuck at GND due to stuck port data_in       ;
; Game_Logic:logic_core|snake_y[71][0]       ; Stuck at GND due to stuck port data_in       ;
; Game_Logic:logic_core|snake_x[71][0]       ; Stuck at GND due to stuck port data_in       ;
; Game_Logic:logic_core|snake_y[72][0]       ; Stuck at GND due to stuck port data_in       ;
; Game_Logic:logic_core|snake_x[72][0]       ; Stuck at GND due to stuck port data_in       ;
; Game_Logic:logic_core|snake_y[73][0]       ; Stuck at GND due to stuck port data_in       ;
; Game_Logic:logic_core|snake_x[73][0]       ; Stuck at GND due to stuck port data_in       ;
; Game_Logic:logic_core|snake_y[74][0]       ; Stuck at GND due to stuck port data_in       ;
; Game_Logic:logic_core|snake_x[74][0]       ; Stuck at GND due to stuck port data_in       ;
; Game_Logic:logic_core|snake_y[75][0]       ; Stuck at GND due to stuck port data_in       ;
; Game_Logic:logic_core|snake_x[75][0]       ; Stuck at GND due to stuck port data_in       ;
; Game_Logic:logic_core|snake_y[76][0]       ; Stuck at GND due to stuck port data_in       ;
; Game_Logic:logic_core|snake_x[76][0]       ; Stuck at GND due to stuck port data_in       ;
; Game_Logic:logic_core|snake_y[77][0]       ; Stuck at GND due to stuck port data_in       ;
; Game_Logic:logic_core|snake_x[77][0]       ; Stuck at GND due to stuck port data_in       ;
; Game_Logic:logic_core|snake_y[78][0]       ; Stuck at GND due to stuck port data_in       ;
; Game_Logic:logic_core|snake_x[78][0]       ; Stuck at GND due to stuck port data_in       ;
; Game_Logic:logic_core|snake_y[79][0]       ; Stuck at GND due to stuck port data_in       ;
; Game_Logic:logic_core|snake_x[79][0]       ; Stuck at GND due to stuck port data_in       ;
; Game_Logic:logic_core|snake_y[80][0]       ; Stuck at GND due to stuck port data_in       ;
; Game_Logic:logic_core|snake_x[80][0]       ; Stuck at GND due to stuck port data_in       ;
; Game_Logic:logic_core|snake_y[81][0]       ; Stuck at GND due to stuck port data_in       ;
; Game_Logic:logic_core|snake_x[81][0]       ; Stuck at GND due to stuck port data_in       ;
; Game_Logic:logic_core|snake_y[82][0]       ; Stuck at GND due to stuck port data_in       ;
; Game_Logic:logic_core|snake_x[82][0]       ; Stuck at GND due to stuck port data_in       ;
; Game_Logic:logic_core|snake_y[83][0]       ; Stuck at GND due to stuck port data_in       ;
; Game_Logic:logic_core|snake_x[83][0]       ; Stuck at GND due to stuck port data_in       ;
; Game_Logic:logic_core|snake_y[84][0]       ; Stuck at GND due to stuck port data_in       ;
; Game_Logic:logic_core|snake_x[84][0]       ; Stuck at GND due to stuck port data_in       ;
; Game_Logic:logic_core|snake_y[85][0]       ; Stuck at GND due to stuck port data_in       ;
; Game_Logic:logic_core|snake_x[85][0]       ; Stuck at GND due to stuck port data_in       ;
; Game_Logic:logic_core|snake_y[86][0]       ; Stuck at GND due to stuck port data_in       ;
; Game_Logic:logic_core|snake_x[86][0]       ; Stuck at GND due to stuck port data_in       ;
; Game_Logic:logic_core|snake_y[87][0]       ; Stuck at GND due to stuck port data_in       ;
; Game_Logic:logic_core|snake_x[87][0]       ; Stuck at GND due to stuck port data_in       ;
; Game_Logic:logic_core|snake_y[88][0]       ; Stuck at GND due to stuck port data_in       ;
; Game_Logic:logic_core|snake_x[88][0]       ; Stuck at GND due to stuck port data_in       ;
; Game_Logic:logic_core|snake_y[89][0]       ; Stuck at GND due to stuck port data_in       ;
; Game_Logic:logic_core|snake_y[90][0]       ; Stuck at GND due to stuck port data_in       ;
; Game_Logic:logic_core|snake_y[91][0]       ; Stuck at GND due to stuck port data_in       ;
; Game_Logic:logic_core|snake_y[92][0]       ; Stuck at GND due to stuck port data_in       ;
; Game_Logic:logic_core|snake_y[93][0]       ; Stuck at GND due to stuck port data_in       ;
; Game_Logic:logic_core|snake_y[94][0]       ; Stuck at GND due to stuck port data_in       ;
; Game_Logic:logic_core|snake_y[95][0]       ; Stuck at GND due to stuck port data_in       ;
; Game_Logic:logic_core|snake_y[96][0]       ; Stuck at GND due to stuck port data_in       ;
; Game_Logic:logic_core|snake_y[97][0]       ; Stuck at GND due to stuck port data_in       ;
; Game_Logic:logic_core|snake_y[98][0]       ; Stuck at GND due to stuck port data_in       ;
; Game_Logic:logic_core|snake_y[99][0]       ; Stuck at GND due to stuck port data_in       ;
; Game_Logic:logic_core|snake_y[100][0]      ; Stuck at GND due to stuck port data_in       ;
; Game_Logic:logic_core|snake_y[101][0]      ; Stuck at GND due to stuck port data_in       ;
; Game_Logic:logic_core|snake_y[102][0]      ; Stuck at GND due to stuck port data_in       ;
; Game_Logic:logic_core|snake_y[103][0]      ; Stuck at GND due to stuck port data_in       ;
; Game_Logic:logic_core|snake_y[104][0]      ; Stuck at GND due to stuck port data_in       ;
; Game_Logic:logic_core|snake_y[105][0]      ; Stuck at GND due to stuck port data_in       ;
; Game_Logic:logic_core|snake_y[106][0]      ; Stuck at GND due to stuck port data_in       ;
; Game_Logic:logic_core|snake_y[107][0]      ; Stuck at GND due to stuck port data_in       ;
; Game_Logic:logic_core|snake_y[108][0]      ; Stuck at GND due to stuck port data_in       ;
; Game_Logic:logic_core|snake_y[109][0]      ; Stuck at GND due to stuck port data_in       ;
; Game_Logic:logic_core|snake_y[110][0]      ; Stuck at GND due to stuck port data_in       ;
; Game_Logic:logic_core|snake_y[111][0]      ; Stuck at GND due to stuck port data_in       ;
; Game_Logic:logic_core|snake_y[112][0]      ; Stuck at GND due to stuck port data_in       ;
; Game_Logic:logic_core|snake_y[113][0]      ; Stuck at GND due to stuck port data_in       ;
; Game_Logic:logic_core|snake_y[114][0]      ; Stuck at GND due to stuck port data_in       ;
; Game_Logic:logic_core|snake_y[115][0]      ; Stuck at GND due to stuck port data_in       ;
; Game_Logic:logic_core|snake_y[116][0]      ; Stuck at GND due to stuck port data_in       ;
; Game_Logic:logic_core|snake_y[117][0]      ; Stuck at GND due to stuck port data_in       ;
; Game_Logic:logic_core|snake_y[118][0]      ; Stuck at GND due to stuck port data_in       ;
; Game_Logic:logic_core|snake_y[119][0]      ; Stuck at GND due to stuck port data_in       ;
; Game_Logic:logic_core|snake_y[120][0]      ; Stuck at GND due to stuck port data_in       ;
; Game_Logic:logic_core|snake_y[121][0]      ; Stuck at GND due to stuck port data_in       ;
; Game_Logic:logic_core|snake_y[122][0]      ; Stuck at GND due to stuck port data_in       ;
; Game_Logic:logic_core|snake_y[123][0]      ; Stuck at GND due to stuck port data_in       ;
; Game_Logic:logic_core|snake_y[124][0]      ; Stuck at GND due to stuck port data_in       ;
; Game_Logic:logic_core|snake_y[125][0]      ; Stuck at GND due to stuck port data_in       ;
; Game_Logic:logic_core|snake_y[126][0]      ; Stuck at GND due to stuck port data_in       ;
; Game_Logic:logic_core|snake_x[89][0]       ; Stuck at GND due to stuck port data_in       ;
; Game_Logic:logic_core|snake_x[90][0]       ; Stuck at GND due to stuck port data_in       ;
; Game_Logic:logic_core|snake_x[91][0]       ; Stuck at GND due to stuck port data_in       ;
; Game_Logic:logic_core|snake_x[92][0]       ; Stuck at GND due to stuck port data_in       ;
; Game_Logic:logic_core|snake_x[93][0]       ; Stuck at GND due to stuck port data_in       ;
; Game_Logic:logic_core|snake_x[94][0]       ; Stuck at GND due to stuck port data_in       ;
; Game_Logic:logic_core|snake_x[95][0]       ; Stuck at GND due to stuck port data_in       ;
; Game_Logic:logic_core|snake_x[96][0]       ; Stuck at GND due to stuck port data_in       ;
; Game_Logic:logic_core|snake_x[97][0]       ; Stuck at GND due to stuck port data_in       ;
; Game_Logic:logic_core|snake_x[98][0]       ; Stuck at GND due to stuck port data_in       ;
; Game_Logic:logic_core|snake_x[99][0]       ; Stuck at GND due to stuck port data_in       ;
; Game_Logic:logic_core|snake_x[100][0]      ; Stuck at GND due to stuck port data_in       ;
; Game_Logic:logic_core|snake_x[101][0]      ; Stuck at GND due to stuck port data_in       ;
; Game_Logic:logic_core|snake_x[102][0]      ; Stuck at GND due to stuck port data_in       ;
; Game_Logic:logic_core|snake_x[103][0]      ; Stuck at GND due to stuck port data_in       ;
; Game_Logic:logic_core|snake_x[104][0]      ; Stuck at GND due to stuck port data_in       ;
; Game_Logic:logic_core|snake_x[105][0]      ; Stuck at GND due to stuck port data_in       ;
; Game_Logic:logic_core|snake_x[106][0]      ; Stuck at GND due to stuck port data_in       ;
; Game_Logic:logic_core|snake_x[107][0]      ; Stuck at GND due to stuck port data_in       ;
; Game_Logic:logic_core|snake_x[108][0]      ; Stuck at GND due to stuck port data_in       ;
; Game_Logic:logic_core|snake_x[109][0]      ; Stuck at GND due to stuck port data_in       ;
; Game_Logic:logic_core|snake_x[110][0]      ; Stuck at GND due to stuck port data_in       ;
; Game_Logic:logic_core|snake_x[111][0]      ; Stuck at GND due to stuck port data_in       ;
; Game_Logic:logic_core|snake_x[112][0]      ; Stuck at GND due to stuck port data_in       ;
; Game_Logic:logic_core|snake_x[113][0]      ; Stuck at GND due to stuck port data_in       ;
; Game_Logic:logic_core|snake_x[114][0]      ; Stuck at GND due to stuck port data_in       ;
; Game_Logic:logic_core|snake_x[115][0]      ; Stuck at GND due to stuck port data_in       ;
; Game_Logic:logic_core|snake_x[116][0]      ; Stuck at GND due to stuck port data_in       ;
; Game_Logic:logic_core|snake_x[117][0]      ; Stuck at GND due to stuck port data_in       ;
; Game_Logic:logic_core|snake_x[118][0]      ; Stuck at GND due to stuck port data_in       ;
; Game_Logic:logic_core|snake_x[119][0]      ; Stuck at GND due to stuck port data_in       ;
; Game_Logic:logic_core|snake_x[120][0]      ; Stuck at GND due to stuck port data_in       ;
; Game_Logic:logic_core|snake_x[121][0]      ; Stuck at GND due to stuck port data_in       ;
; Game_Logic:logic_core|snake_x[122][0]      ; Stuck at GND due to stuck port data_in       ;
; Game_Logic:logic_core|snake_x[123][0]      ; Stuck at GND due to stuck port data_in       ;
; Game_Logic:logic_core|snake_x[124][0]      ; Stuck at GND due to stuck port data_in       ;
; Game_Logic:logic_core|snake_x[125][0]      ; Stuck at GND due to stuck port data_in       ;
; Game_Logic:logic_core|snake_x[126][0]      ; Stuck at GND due to stuck port data_in       ;
; Game_Logic:logic_core|apple_y[0]           ; Merged with Game_Logic:logic_core|apple_x[0] ;
; Game_Logic:logic_core|apple_x[0]           ; Stuck at GND due to stuck port data_in       ;
; Random_Generator:rng|cnt_y[0]              ; Merged with Random_Generator:rng|cnt_x[0]    ;
; Game_Logic:logic_core|cur_dir[0]           ; Stuck at GND due to stuck port data_in       ;
; Game_Logic:logic_core|apple_x[10]          ; Stuck at GND due to stuck port data_in       ;
; Game_Logic:logic_core|current_state.S_OVER ; Lost fanout                                  ;
; Random_Generator:rng|cnt_x[0]              ; Merged with VGA_Controller:vga|pixel_x[0]    ;
; Random_Generator:rng|cnt_y[1]              ; Merged with VGA_Controller:vga|pixel_x[1]    ;
; Total Number of Removed Registers = 265    ;                                              ;
+--------------------------------------------+----------------------------------------------+


+-------------------------------------------------------------------------------------------------------------------------------------------------+
; Removed Registers Triggering Further Register Optimizations                                                                                     ;
+-------------------------------------+---------------------------+-------------------------------------------------------------------------------+
; Register name                       ; Reason for Removal        ; Registers Removed due to This Register                                        ;
+-------------------------------------+---------------------------+-------------------------------------------------------------------------------+
; Game_Logic:logic_core|snake_y[0][0] ; Stuck at GND              ; Game_Logic:logic_core|snake_y[1][0], Game_Logic:logic_core|snake_y[2][0],     ;
;                                     ; due to stuck port data_in ; Game_Logic:logic_core|snake_y[3][0], Game_Logic:logic_core|snake_y[4][0],     ;
;                                     ;                           ; Game_Logic:logic_core|snake_y[5][0], Game_Logic:logic_core|snake_y[6][0],     ;
;                                     ;                           ; Game_Logic:logic_core|snake_y[7][0], Game_Logic:logic_core|snake_y[8][0],     ;
;                                     ;                           ; Game_Logic:logic_core|snake_y[9][0], Game_Logic:logic_core|snake_y[10][0],    ;
;                                     ;                           ; Game_Logic:logic_core|snake_y[11][0], Game_Logic:logic_core|snake_y[12][0],   ;
;                                     ;                           ; Game_Logic:logic_core|snake_y[13][0], Game_Logic:logic_core|snake_y[14][0],   ;
;                                     ;                           ; Game_Logic:logic_core|snake_y[15][0], Game_Logic:logic_core|snake_y[16][0],   ;
;                                     ;                           ; Game_Logic:logic_core|snake_y[17][0], Game_Logic:logic_core|snake_y[18][0],   ;
;                                     ;                           ; Game_Logic:logic_core|snake_y[19][0], Game_Logic:logic_core|snake_y[20][0],   ;
;                                     ;                           ; Game_Logic:logic_core|snake_y[21][0], Game_Logic:logic_core|snake_y[22][0],   ;
;                                     ;                           ; Game_Logic:logic_core|snake_y[23][0], Game_Logic:logic_core|snake_y[24][0],   ;
;                                     ;                           ; Game_Logic:logic_core|snake_y[25][0], Game_Logic:logic_core|snake_y[26][0],   ;
;                                     ;                           ; Game_Logic:logic_core|snake_y[27][0], Game_Logic:logic_core|snake_y[28][0],   ;
;                                     ;                           ; Game_Logic:logic_core|snake_y[29][0], Game_Logic:logic_core|snake_y[30][0],   ;
;                                     ;                           ; Game_Logic:logic_core|snake_y[31][0], Game_Logic:logic_core|snake_y[32][0],   ;
;                                     ;                           ; Game_Logic:logic_core|snake_y[33][0], Game_Logic:logic_core|snake_y[34][0],   ;
;                                     ;                           ; Game_Logic:logic_core|snake_y[35][0], Game_Logic:logic_core|snake_y[36][0],   ;
;                                     ;                           ; Game_Logic:logic_core|snake_y[37][0], Game_Logic:logic_core|snake_y[38][0],   ;
;                                     ;                           ; Game_Logic:logic_core|snake_y[39][0], Game_Logic:logic_core|snake_y[40][0],   ;
;                                     ;                           ; Game_Logic:logic_core|snake_y[41][0], Game_Logic:logic_core|snake_y[42][0],   ;
;                                     ;                           ; Game_Logic:logic_core|snake_y[43][0], Game_Logic:logic_core|snake_y[44][0],   ;
;                                     ;                           ; Game_Logic:logic_core|snake_y[45][0], Game_Logic:logic_core|snake_y[46][0],   ;
;                                     ;                           ; Game_Logic:logic_core|snake_y[47][0], Game_Logic:logic_core|snake_y[48][0],   ;
;                                     ;                           ; Game_Logic:logic_core|snake_y[49][0], Game_Logic:logic_core|snake_y[50][0],   ;
;                                     ;                           ; Game_Logic:logic_core|snake_y[51][0], Game_Logic:logic_core|snake_y[52][0],   ;
;                                     ;                           ; Game_Logic:logic_core|snake_y[53][0], Game_Logic:logic_core|snake_y[54][0],   ;
;                                     ;                           ; Game_Logic:logic_core|snake_y[55][0], Game_Logic:logic_core|snake_y[56][0],   ;
;                                     ;                           ; Game_Logic:logic_core|snake_y[57][0], Game_Logic:logic_core|snake_y[58][0],   ;
;                                     ;                           ; Game_Logic:logic_core|snake_y[59][0], Game_Logic:logic_core|snake_y[60][0],   ;
;                                     ;                           ; Game_Logic:logic_core|snake_y[61][0], Game_Logic:logic_core|snake_y[62][0],   ;
;                                     ;                           ; Game_Logic:logic_core|snake_y[63][0], Game_Logic:logic_core|snake_y[64][0],   ;
;                                     ;                           ; Game_Logic:logic_core|snake_y[65][0], Game_Logic:logic_core|snake_y[66][0],   ;
;                                     ;                           ; Game_Logic:logic_core|snake_y[67][0], Game_Logic:logic_core|snake_y[68][0],   ;
;                                     ;                           ; Game_Logic:logic_core|snake_y[69][0], Game_Logic:logic_core|snake_y[70][0],   ;
;                                     ;                           ; Game_Logic:logic_core|snake_y[71][0], Game_Logic:logic_core|snake_y[72][0],   ;
;                                     ;                           ; Game_Logic:logic_core|snake_y[73][0], Game_Logic:logic_core|snake_y[74][0],   ;
;                                     ;                           ; Game_Logic:logic_core|snake_y[75][0], Game_Logic:logic_core|snake_y[76][0],   ;
;                                     ;                           ; Game_Logic:logic_core|snake_y[77][0], Game_Logic:logic_core|snake_y[78][0],   ;
;                                     ;                           ; Game_Logic:logic_core|snake_y[79][0], Game_Logic:logic_core|snake_y[80][0],   ;
;                                     ;                           ; Game_Logic:logic_core|snake_y[81][0], Game_Logic:logic_core|snake_y[82][0],   ;
;                                     ;                           ; Game_Logic:logic_core|snake_y[83][0], Game_Logic:logic_core|snake_y[84][0],   ;
;                                     ;                           ; Game_Logic:logic_core|snake_y[85][0], Game_Logic:logic_core|snake_y[86][0],   ;
;                                     ;                           ; Game_Logic:logic_core|snake_y[87][0], Game_Logic:logic_core|snake_y[88][0],   ;
;                                     ;                           ; Game_Logic:logic_core|snake_y[89][0], Game_Logic:logic_core|snake_y[90][0],   ;
;                                     ;                           ; Game_Logic:logic_core|snake_y[91][0], Game_Logic:logic_core|snake_y[92][0],   ;
;                                     ;                           ; Game_Logic:logic_core|snake_y[93][0], Game_Logic:logic_core|snake_y[94][0],   ;
;                                     ;                           ; Game_Logic:logic_core|snake_y[95][0], Game_Logic:logic_core|snake_y[96][0],   ;
;                                     ;                           ; Game_Logic:logic_core|snake_y[97][0], Game_Logic:logic_core|snake_y[98][0],   ;
;                                     ;                           ; Game_Logic:logic_core|snake_y[99][0], Game_Logic:logic_core|snake_y[100][0],  ;
;                                     ;                           ; Game_Logic:logic_core|snake_y[101][0], Game_Logic:logic_core|snake_y[102][0], ;
;                                     ;                           ; Game_Logic:logic_core|snake_y[103][0], Game_Logic:logic_core|snake_y[104][0], ;
;                                     ;                           ; Game_Logic:logic_core|snake_y[105][0], Game_Logic:logic_core|snake_y[106][0], ;
;                                     ;                           ; Game_Logic:logic_core|snake_y[107][0], Game_Logic:logic_core|snake_y[108][0], ;
;                                     ;                           ; Game_Logic:logic_core|snake_y[109][0], Game_Logic:logic_core|snake_y[110][0], ;
;                                     ;                           ; Game_Logic:logic_core|snake_y[111][0], Game_Logic:logic_core|snake_y[112][0], ;
;                                     ;                           ; Game_Logic:logic_core|snake_y[113][0], Game_Logic:logic_core|snake_y[114][0], ;
;                                     ;                           ; Game_Logic:logic_core|snake_y[115][0], Game_Logic:logic_core|snake_y[116][0], ;
;                                     ;                           ; Game_Logic:logic_core|snake_y[117][0], Game_Logic:logic_core|snake_y[118][0], ;
;                                     ;                           ; Game_Logic:logic_core|snake_y[119][0], Game_Logic:logic_core|snake_y[120][0], ;
;                                     ;                           ; Game_Logic:logic_core|snake_y[121][0], Game_Logic:logic_core|snake_y[122][0], ;
;                                     ;                           ; Game_Logic:logic_core|snake_y[123][0], Game_Logic:logic_core|snake_y[124][0], ;
;                                     ;                           ; Game_Logic:logic_core|snake_y[125][0], Game_Logic:logic_core|snake_y[126][0], ;
;                                     ;                           ; Game_Logic:logic_core|apple_x[0], Game_Logic:logic_core|apple_x[10]           ;
; Game_Logic:logic_core|snake_x[0][0] ; Stuck at GND              ; Game_Logic:logic_core|snake_x[1][0], Game_Logic:logic_core|snake_x[2][0],     ;
;                                     ; due to stuck port data_in ; Game_Logic:logic_core|snake_x[3][0], Game_Logic:logic_core|snake_x[4][0],     ;
;                                     ;                           ; Game_Logic:logic_core|snake_x[5][0], Game_Logic:logic_core|snake_x[6][0],     ;
;                                     ;                           ; Game_Logic:logic_core|snake_x[7][0], Game_Logic:logic_core|snake_x[8][0],     ;
;                                     ;                           ; Game_Logic:logic_core|snake_x[9][0], Game_Logic:logic_core|snake_x[10][0],    ;
;                                     ;                           ; Game_Logic:logic_core|snake_x[11][0], Game_Logic:logic_core|snake_x[12][0],   ;
;                                     ;                           ; Game_Logic:logic_core|snake_x[13][0], Game_Logic:logic_core|snake_x[14][0],   ;
;                                     ;                           ; Game_Logic:logic_core|snake_x[15][0], Game_Logic:logic_core|snake_x[16][0],   ;
;                                     ;                           ; Game_Logic:logic_core|snake_x[17][0], Game_Logic:logic_core|snake_x[18][0],   ;
;                                     ;                           ; Game_Logic:logic_core|snake_x[19][0], Game_Logic:logic_core|snake_x[20][0],   ;
;                                     ;                           ; Game_Logic:logic_core|snake_x[21][0], Game_Logic:logic_core|snake_x[22][0],   ;
;                                     ;                           ; Game_Logic:logic_core|snake_x[23][0], Game_Logic:logic_core|snake_x[24][0],   ;
;                                     ;                           ; Game_Logic:logic_core|snake_x[25][0], Game_Logic:logic_core|snake_x[26][0],   ;
;                                     ;                           ; Game_Logic:logic_core|snake_x[27][0], Game_Logic:logic_core|snake_x[28][0],   ;
;                                     ;                           ; Game_Logic:logic_core|snake_x[29][0], Game_Logic:logic_core|snake_x[30][0],   ;
;                                     ;                           ; Game_Logic:logic_core|snake_x[31][0], Game_Logic:logic_core|snake_x[32][0],   ;
;                                     ;                           ; Game_Logic:logic_core|snake_x[33][0], Game_Logic:logic_core|snake_x[34][0],   ;
;                                     ;                           ; Game_Logic:logic_core|snake_x[35][0], Game_Logic:logic_core|snake_x[36][0],   ;
;                                     ;                           ; Game_Logic:logic_core|snake_x[37][0], Game_Logic:logic_core|snake_x[38][0],   ;
;                                     ;                           ; Game_Logic:logic_core|snake_x[39][0], Game_Logic:logic_core|snake_x[40][0],   ;
;                                     ;                           ; Game_Logic:logic_core|snake_x[41][0], Game_Logic:logic_core|snake_x[42][0],   ;
;                                     ;                           ; Game_Logic:logic_core|snake_x[43][0], Game_Logic:logic_core|snake_x[44][0],   ;
;                                     ;                           ; Game_Logic:logic_core|snake_x[45][0], Game_Logic:logic_core|snake_x[46][0],   ;
;                                     ;                           ; Game_Logic:logic_core|snake_x[47][0], Game_Logic:logic_core|snake_x[48][0],   ;
;                                     ;                           ; Game_Logic:logic_core|snake_x[49][0], Game_Logic:logic_core|snake_x[50][0],   ;
;                                     ;                           ; Game_Logic:logic_core|snake_x[51][0], Game_Logic:logic_core|snake_x[52][0],   ;
;                                     ;                           ; Game_Logic:logic_core|snake_x[53][0], Game_Logic:logic_core|snake_x[54][0],   ;
;                                     ;                           ; Game_Logic:logic_core|snake_x[55][0], Game_Logic:logic_core|snake_x[56][0],   ;
;                                     ;                           ; Game_Logic:logic_core|snake_x[57][0], Game_Logic:logic_core|snake_x[58][0],   ;
;                                     ;                           ; Game_Logic:logic_core|snake_x[59][0], Game_Logic:logic_core|snake_x[60][0],   ;
;                                     ;                           ; Game_Logic:logic_core|snake_x[61][0], Game_Logic:logic_core|snake_x[62][0],   ;
;                                     ;                           ; Game_Logic:logic_core|snake_x[63][0], Game_Logic:logic_core|snake_x[64][0],   ;
;                                     ;                           ; Game_Logic:logic_core|snake_x[65][0], Game_Logic:logic_core|snake_x[66][0],   ;
;                                     ;                           ; Game_Logic:logic_core|snake_x[67][0], Game_Logic:logic_core|snake_x[68][0],   ;
;                                     ;                           ; Game_Logic:logic_core|snake_x[69][0], Game_Logic:logic_core|snake_x[70][0],   ;
;                                     ;                           ; Game_Logic:logic_core|snake_x[71][0], Game_Logic:logic_core|snake_x[72][0],   ;
;                                     ;                           ; Game_Logic:logic_core|snake_x[73][0], Game_Logic:logic_core|snake_x[74][0],   ;
;                                     ;                           ; Game_Logic:logic_core|snake_x[75][0], Game_Logic:logic_core|snake_x[76][0],   ;
;                                     ;                           ; Game_Logic:logic_core|snake_x[77][0], Game_Logic:logic_core|snake_x[78][0],   ;
;                                     ;                           ; Game_Logic:logic_core|snake_x[79][0], Game_Logic:logic_core|snake_x[80][0],   ;
;                                     ;                           ; Game_Logic:logic_core|snake_x[81][0], Game_Logic:logic_core|snake_x[82][0],   ;
;                                     ;                           ; Game_Logic:logic_core|snake_x[83][0], Game_Logic:logic_core|snake_x[84][0],   ;
;                                     ;                           ; Game_Logic:logic_core|snake_x[85][0], Game_Logic:logic_core|snake_x[86][0],   ;
;                                     ;                           ; Game_Logic:logic_core|snake_x[87][0], Game_Logic:logic_core|snake_x[88][0],   ;
;                                     ;                           ; Game_Logic:logic_core|snake_x[89][0], Game_Logic:logic_core|snake_x[90][0],   ;
;                                     ;                           ; Game_Logic:logic_core|snake_x[91][0], Game_Logic:logic_core|snake_x[92][0],   ;
;                                     ;                           ; Game_Logic:logic_core|snake_x[93][0], Game_Logic:logic_core|snake_x[94][0],   ;
;                                     ;                           ; Game_Logic:logic_core|snake_x[95][0], Game_Logic:logic_core|snake_x[96][0],   ;
;                                     ;                           ; Game_Logic:logic_core|snake_x[97][0], Game_Logic:logic_core|snake_x[98][0],   ;
;                                     ;                           ; Game_Logic:logic_core|snake_x[99][0], Game_Logic:logic_core|snake_x[100][0],  ;
;                                     ;                           ; Game_Logic:logic_core|snake_x[101][0], Game_Logic:logic_core|snake_x[102][0], ;
;                                     ;                           ; Game_Logic:logic_core|snake_x[103][0], Game_Logic:logic_core|snake_x[104][0], ;
;                                     ;                           ; Game_Logic:logic_core|snake_x[105][0], Game_Logic:logic_core|snake_x[106][0], ;
;                                     ;                           ; Game_Logic:logic_core|snake_x[107][0], Game_Logic:logic_core|snake_x[108][0], ;
;                                     ;                           ; Game_Logic:logic_core|snake_x[109][0], Game_Logic:logic_core|snake_x[110][0], ;
;                                     ;                           ; Game_Logic:logic_core|snake_x[111][0], Game_Logic:logic_core|snake_x[112][0], ;
;                                     ;                           ; Game_Logic:logic_core|snake_x[113][0], Game_Logic:logic_core|snake_x[114][0], ;
;                                     ;                           ; Game_Logic:logic_core|snake_x[115][0], Game_Logic:logic_core|snake_x[116][0], ;
;                                     ;                           ; Game_Logic:logic_core|snake_x[117][0], Game_Logic:logic_core|snake_x[118][0], ;
;                                     ;                           ; Game_Logic:logic_core|snake_x[119][0], Game_Logic:logic_core|snake_x[120][0], ;
;                                     ;                           ; Game_Logic:logic_core|snake_x[121][0], Game_Logic:logic_core|snake_x[122][0], ;
;                                     ;                           ; Game_Logic:logic_core|snake_x[123][0], Game_Logic:logic_core|snake_x[124][0], ;
;                                     ;                           ; Game_Logic:logic_core|snake_x[125][0], Game_Logic:logic_core|snake_x[126][0]  ;
; Keyboard_Controller:kb|direction[0] ; Stuck at GND              ; Game_Logic:logic_core|cur_dir[0]                                              ;
;                                     ; due to stuck port data_in ;                                                                               ;
+-------------------------------------+---------------------------+-------------------------------------------------------------------------------+


+------------------------------------------------------+
; General Register Statistics                          ;
+----------------------------------------------+-------+
; Statistic                                    ; Value ;
+----------------------------------------------+-------+
; Total registers                              ; 2582  ;
; Number of registers using Synchronous Clear  ; 50    ;
; Number of registers using Synchronous Load   ; 16    ;
; Number of registers using Asynchronous Clear ; 0     ;
; Number of registers using Asynchronous Load  ; 0     ;
; Number of registers using Clock Enable       ; 2463  ;
; Number of registers using Preset             ; 0     ;
+----------------------------------------------+-------+


+--------------------------------------------------+
; Inverted Register Statistics                     ;
+----------------------------------------+---------+
; Inverted Register                      ; Fan out ;
+----------------------------------------+---------+
; VGA_Controller:vga|pixel_x[1]          ; 151     ;
; Keyboard_Controller:kb|direction[4]    ; 9       ;
; Random_Generator:rng|cnt_x[3]          ; 5       ;
; Random_Generator:rng|cnt_x[1]          ; 5       ;
; Random_Generator:rng|cnt_y[3]          ; 5       ;
; Total number of inverted registers = 5 ;         ;
+----------------------------------------+---------+


+--------------------------------------------------------------------------------------------------------------------------------------------------------------+
; Multiplexer Restructuring Statistics (Restructuring Performed)                                                                                               ;
+--------------------+-----------+---------------+----------------------+------------------------+------------+------------------------------------------------+
; Multiplexer Inputs ; Bus Width ; Baseline Area ; Area if Restructured ; Saving if Restructured ; Registered ; Example Multiplexer Output                     ;
+--------------------+-----------+---------------+----------------------+------------------------+------------+------------------------------------------------+
; 3:1                ; 10 bits   ; 20 LEs        ; 20 LEs               ; 0 LEs                  ; Yes        ; |Snake_Top|Random_Generator:rng|rnd_x[2]       ;
; 3:1                ; 8 bits    ; 16 LEs        ; 16 LEs               ; 0 LEs                  ; Yes        ; |Snake_Top|Random_Generator:rng|rnd_y[4]       ;
; 4:1                ; 8 bits    ; 16 LEs        ; 8 LEs                ; 8 LEs                  ; Yes        ; |Snake_Top|Game_Logic:logic_core|score[0]      ;
; 5:1                ; 3 bits    ; 9 LEs         ; 3 LEs                ; 6 LEs                  ; Yes        ; |Snake_Top|VGA_B[0]~reg0                       ;
; 5:1                ; 3 bits    ; 9 LEs         ; 6 LEs                ; 3 LEs                  ; Yes        ; |Snake_Top|VGA_G[7]~reg0                       ;
; 5:1                ; 10 bits   ; 30 LEs        ; 20 LEs               ; 10 LEs                 ; Yes        ; |Snake_Top|Game_Logic:logic_core|apple_x[7]    ;
; 5:1                ; 8 bits    ; 24 LEs        ; 16 LEs               ; 8 LEs                  ; Yes        ; |Snake_Top|Game_Logic:logic_core|apple_y[5]    ;
; 5:1                ; 7 bits    ; 21 LEs        ; 7 LEs                ; 14 LEs                 ; Yes        ; |Snake_Top|Game_Logic:logic_core|snake_len[1]  ;
; 7:1                ; 2 bits    ; 8 LEs         ; 8 LEs                ; 0 LEs                  ; Yes        ; |Snake_Top|VGA_B[9]~reg0                       ;
; 7:1                ; 2 bits    ; 8 LEs         ; 8 LEs                ; 0 LEs                  ; Yes        ; |Snake_Top|VGA_G[4]~reg0                       ;
; 34:1               ; 10 bits   ; 220 LEs       ; 20 LEs               ; 200 LEs                ; Yes        ; |Snake_Top|Game_Logic:logic_core|snake_x[0][1] ;
; 34:1               ; 9 bits    ; 198 LEs       ; 18 LEs               ; 180 LEs                ; Yes        ; |Snake_Top|Game_Logic:logic_core|snake_y[0][9] ;
; 8:1                ; 5 bits    ; 25 LEs        ; 25 LEs               ; 0 LEs                  ; Yes        ; |Snake_Top|VGA_B[2]~reg0                       ;
; 8:1                ; 4 bits    ; 20 LEs        ; 20 LEs               ; 0 LEs                  ; Yes        ; |Snake_Top|VGA_G[2]~reg0                       ;
; 256:1              ; 3 bits    ; 510 LEs       ; 6 LEs                ; 504 LEs                ; Yes        ; |Snake_Top|Keyboard_Controller:kb|direction[2] ;
; 22:1               ; 5 bits    ; 70 LEs        ; 15 LEs               ; 55 LEs                 ; Yes        ; |Snake_Top|Game_Logic:logic_core|cur_dir[4]    ;
; 3:1                ; 4 bits    ; 8 LEs         ; 8 LEs                ; 0 LEs                  ; No         ; |Snake_Top|Game_Clock:clk_gen|speed_limit[17]  ;
; 4:1                ; 2 bits    ; 4 LEs         ; 4 LEs                ; 0 LEs                  ; No         ; |Snake_Top|VGA_G                               ;
; 4:1                ; 2 bits    ; 4 LEs         ; 4 LEs                ; 0 LEs                  ; No         ; |Snake_Top|Game_Clock:clk_gen|speed_limit[13]  ;
+--------------------+-----------+---------------+----------------------+------------------------+------------+------------------------------------------------+


+-----------------------------------------------------------------+
; Parameter Settings for User Entity Instance: VGA_Controller:vga ;
+----------------+-------+----------------------------------------+
; Parameter Name ; Value ; Type                                   ;
+----------------+-------+----------------------------------------+
; H_ACTIVE       ; 800   ; Signed Integer                         ;
; H_SYNC_START   ; 856   ; Signed Integer                         ;
; H_SYNC_END     ; 976   ; Signed Integer                         ;
; H_TOTAL        ; 1040  ; Signed Integer                         ;
; V_ACTIVE       ; 600   ; Signed Integer                         ;
; V_SYNC_START   ; 637   ; Signed Integer                         ;
; V_SYNC_END     ; 643   ; Signed Integer                         ;
; V_TOTAL        ; 666   ; Signed Integer                         ;
+----------------+-------+----------------------------------------+
Note: In order to hide this table in the UI and the text report file, please set the "Show Parameter Settings in Synthesis Report" option in "Analysis and Synthesis Settings -> More Settings" to "Off".


+------------------------------------------------------------------+
; Parameter Settings for Inferred Entity Instance: lpm_divide:Mod0 ;
+------------------------+----------------+------------------------+
; Parameter Name         ; Value          ; Type                   ;
+------------------------+----------------+------------------------+
; LPM_WIDTHN             ; 8              ; Untyped                ;
; LPM_WIDTHD             ; 4              ; Untyped                ;
; LPM_NREPRESENTATION    ; UNSIGNED       ; Untyped                ;
; LPM_DREPRESENTATION    ; UNSIGNED       ; Untyped                ;
; LPM_PIPELINE           ; 0              ; Untyped                ;
; LPM_REMAINDERPOSITIVE  ; TRUE           ; Untyped                ;
; MAXIMIZE_SPEED         ; 5              ; Untyped                ;
; CBXI_PARAMETER         ; lpm_divide_45m ; Untyped                ;
; CARRY_CHAIN            ; MANUAL         ; Untyped                ;
; OPTIMIZE_FOR_SPEED     ; 5              ; Untyped                ;
; AUTO_CARRY_CHAINS      ; ON             ; AUTO_CARRY             ;
; IGNORE_CARRY_BUFFERS   ; OFF            ; IGNORE_CARRY           ;
; AUTO_CASCADE_CHAINS    ; ON             ; AUTO_CASCADE           ;
; IGNORE_CASCADE_BUFFERS ; OFF            ; IGNORE_CASCADE         ;
+------------------------+----------------+------------------------+
Note: In order to hide this table in the UI and the text report file, please set the "Show Parameter Settings in Synthesis Report" option in "Analysis and Synthesis Settings -> More Settings" to "Off".


+------------------------------------------------------------------+
; Parameter Settings for Inferred Entity Instance: lpm_divide:Div0 ;
+------------------------+----------------+------------------------+
; Parameter Name         ; Value          ; Type                   ;
+------------------------+----------------+------------------------+
; LPM_WIDTHN             ; 8              ; Untyped                ;
; LPM_WIDTHD             ; 4              ; Untyped                ;
; LPM_NREPRESENTATION    ; UNSIGNED       ; Untyped                ;
; LPM_DREPRESENTATION    ; UNSIGNED       ; Untyped                ;
; LPM_PIPELINE           ; 0              ; Untyped                ;
; LPM_REMAINDERPOSITIVE  ; TRUE           ; Untyped                ;
; MAXIMIZE_SPEED         ; 5              ; Untyped                ;
; CBXI_PARAMETER         ; lpm_divide_1dm ; Untyped                ;
; CARRY_CHAIN            ; MANUAL         ; Untyped                ;
; OPTIMIZE_FOR_SPEED     ; 5              ; Untyped                ;
; AUTO_CARRY_CHAINS      ; ON             ; AUTO_CARRY             ;
; IGNORE_CARRY_BUFFERS   ; OFF            ; IGNORE_CARRY           ;
; AUTO_CASCADE_CHAINS    ; ON             ; AUTO_CASCADE           ;
; IGNORE_CASCADE_BUFFERS ; OFF            ; IGNORE_CASCADE         ;
+------------------------+----------------+------------------------+
Note: In order to hide this table in the UI and the text report file, please set the "Show Parameter Settings in Synthesis Report" option in "Analysis and Synthesis Settings -> More Settings" to "Off".


+------------------------------------------------------------------+
; Parameter Settings for Inferred Entity Instance: lpm_divide:Mod1 ;
+------------------------+----------------+------------------------+
; Parameter Name         ; Value          ; Type                   ;
+------------------------+----------------+------------------------+
; LPM_WIDTHN             ; 8              ; Untyped                ;
; LPM_WIDTHD             ; 4              ; Untyped                ;
; LPM_NREPRESENTATION    ; UNSIGNED       ; Untyped                ;
; LPM_DREPRESENTATION    ; UNSIGNED       ; Untyped                ;
; LPM_PIPELINE           ; 0              ; Untyped                ;
; LPM_REMAINDERPOSITIVE  ; TRUE           ; Untyped                ;
; MAXIMIZE_SPEED         ; 5              ; Untyped                ;
; CBXI_PARAMETER         ; lpm_divide_45m ; Untyped                ;
; CARRY_CHAIN            ; MANUAL         ; Untyped                ;
; OPTIMIZE_FOR_SPEED     ; 5              ; Untyped                ;
; AUTO_CARRY_CHAINS      ; ON             ; AUTO_CARRY             ;
; IGNORE_CARRY_BUFFERS   ; OFF            ; IGNORE_CARRY           ;
; AUTO_CASCADE_CHAINS    ; ON             ; AUTO_CASCADE           ;
; IGNORE_CASCADE_BUFFERS ; OFF            ; IGNORE_CASCADE         ;
+------------------------+----------------+------------------------+
Note: In order to hide this table in the UI and the text report file, please set the "Show Parameter Settings in Synthesis Report" option in "Analysis and Synthesis Settings -> More Settings" to "Off".


+------------------------------------------------------------------+
; Parameter Settings for Inferred Entity Instance: lpm_divide:Mod2 ;
+------------------------+----------------+------------------------+
; Parameter Name         ; Value          ; Type                   ;
+------------------------+----------------+------------------------+
; LPM_WIDTHN             ; 11             ; Untyped                ;
; LPM_WIDTHD             ; 4              ; Untyped                ;
; LPM_NREPRESENTATION    ; UNSIGNED       ; Untyped                ;
; LPM_DREPRESENTATION    ; UNSIGNED       ; Untyped                ;
; LPM_PIPELINE           ; 0              ; Untyped                ;
; LPM_REMAINDERPOSITIVE  ; TRUE           ; Untyped                ;
; MAXIMIZE_SPEED         ; 5              ; Untyped                ;
; CBXI_PARAMETER         ; lpm_divide_e6m ; Untyped                ;
; CARRY_CHAIN            ; MANUAL         ; Untyped                ;
; OPTIMIZE_FOR_SPEED     ; 5              ; Untyped                ;
; AUTO_CARRY_CHAINS      ; ON             ; AUTO_CARRY             ;
; IGNORE_CARRY_BUFFERS   ; OFF            ; IGNORE_CARRY           ;
; AUTO_CASCADE_CHAINS    ; ON             ; AUTO_CASCADE           ;
; IGNORE_CASCADE_BUFFERS ; OFF            ; IGNORE_CASCADE         ;
+------------------------+----------------+------------------------+
Note: In order to hide this table in the UI and the text report file, please set the "Show Parameter Settings in Synthesis Report" option in "Analysis and Synthesis Settings -> More Settings" to "Off".


+------------------------------------------------------------------+
; Parameter Settings for Inferred Entity Instance: lpm_divide:Mod3 ;
+------------------------+----------------+------------------------+
; Parameter Name         ; Value          ; Type                   ;
+------------------------+----------------+------------------------+
; LPM_WIDTHN             ; 10             ; Untyped                ;
; LPM_WIDTHD             ; 4              ; Untyped                ;
; LPM_NREPRESENTATION    ; UNSIGNED       ; Untyped                ;
; LPM_DREPRESENTATION    ; UNSIGNED       ; Untyped                ;
; LPM_PIPELINE           ; 0              ; Untyped                ;
; LPM_REMAINDERPOSITIVE  ; TRUE           ; Untyped                ;
; MAXIMIZE_SPEED         ; 5              ; Untyped                ;
; CBXI_PARAMETER         ; lpm_divide_d6m ; Untyped                ;
; CARRY_CHAIN            ; MANUAL         ; Untyped                ;
; OPTIMIZE_FOR_SPEED     ; 5              ; Untyped                ;
; AUTO_CARRY_CHAINS      ; ON             ; AUTO_CARRY             ;
; IGNORE_CARRY_BUFFERS   ; OFF            ; IGNORE_CARRY           ;
; AUTO_CASCADE_CHAINS    ; ON             ; AUTO_CASCADE           ;
; IGNORE_CASCADE_BUFFERS ; OFF            ; IGNORE_CASCADE         ;
+------------------------+----------------+------------------------+
Note: In order to hide this table in the UI and the text report file, please set the "Show Parameter Settings in Synthesis Report" option in "Analysis and Synthesis Settings -> More Settings" to "Off".


+---------------------------------------------------------------------------------------------------------------------------------------------------------------------------------------------------------------+
; Port Connectivity Checks: "Hex_Decoder:h1"                                                                                                                                                                    ;
+-------+-------+----------+------------------------------------------------------------------------------------------------------------------------------------------------------------------------------------+
; Port  ; Type  ; Severity ; Details                                                                                                                                                                            ;
+-------+-------+----------+------------------------------------------------------------------------------------------------------------------------------------------------------------------------------------+
; digit ; Input ; Warning  ; Input port expression (32 bits) is wider than the input port (4 bits) it drives.  The 28 most-significant bit(s) in the expression will be dangling if they have no other fanouts. ;
+-------+-------+----------+------------------------------------------------------------------------------------------------------------------------------------------------------------------------------------+


+---------------------------------------------------------------------------------------------------------------------------------------------------------------------------------------------------------------+
; Port Connectivity Checks: "Hex_Decoder:h0"                                                                                                                                                                    ;
+-------+-------+----------+------------------------------------------------------------------------------------------------------------------------------------------------------------------------------------+
; Port  ; Type  ; Severity ; Details                                                                                                                                                                            ;
+-------+-------+----------+------------------------------------------------------------------------------------------------------------------------------------------------------------------------------------+
; digit ; Input ; Warning  ; Input port expression (32 bits) is wider than the input port (4 bits) it drives.  The 28 most-significant bit(s) in the expression will be dangling if they have no other fanouts. ;
+-------+-------+----------+------------------------------------------------------------------------------------------------------------------------------------------------------------------------------------+


+--------------------------------------------------------------------------------------------------------------------+
; Port Connectivity Checks: "VGA_Controller:vga"                                                                     ;
+----------+--------+----------+-------------------------------------------------------------------------------------+
; Port     ; Type   ; Severity ; Details                                                                             ;
+----------+--------+----------+-------------------------------------------------------------------------------------+
; video_on ; Output ; Info     ; Connected to dangling logic. Logic that only feeds a dangling port will be removed. ;
+----------+--------+----------+-------------------------------------------------------------------------------------+


+-------------------------------+
; Elapsed Time Per Partition    ;
+----------------+--------------+
; Partition Name ; Elapsed Time ;
+----------------+--------------+
; Top            ; 00:00:12     ;
+----------------+--------------+


+-------------------------------+
; Analysis & Synthesis Messages ;
+-------------------------------+
Info: *******************************************************************
Info: Running Quartus II 64-Bit Analysis & Synthesis
    Info: Version 13.0.1 Build 232 06/12/2013 Service Pack 1 SJ Web Edition
    Info: Processing started: Thu May 28 23:40:16 2026
Info: Command: quartus_map --read_settings_files=on --write_settings_files=off Snake_Top -c Snake_Top
Info (11104): Parallel Compilation has detected 12 hyper-threaded processors. However, the extra hyper-threaded processors will not be used by default. Parallel Compilation will use 8 of the 8 physical processors detected instead.
Info (12021): Found 1 design units, including 1 entities, in source file snake_top.v
    Info (12023): Found entity 1: Snake_Top
Info (12021): Found 1 design units, including 1 entities, in source file vga_controller.v
    Info (12023): Found entity 1: VGA_Controller
Info (12021): Found 1 design units, including 1 entities, in source file game_clock.v
    Info (12023): Found entity 1: Game_Clock
Info (12021): Found 1 design units, including 1 entities, in source file random_generator.v
    Info (12023): Found entity 1: Random_Generator
Info (12021): Found 1 design units, including 1 entities, in source file keyboard_controller.v
    Info (12023): Found entity 1: Keyboard_Controller
Info (12021): Found 1 design units, including 1 entities, in source file hex_decoder.v
    Info (12023): Found entity 1: Hex_Decoder
Info (12021): Found 1 design units, including 1 entities, in source file tb_snake.v
    Info (12023): Found entity 1: tb_Snake
Info (12021): Found 1 design units, including 1 entities, in source file gameover_display.v
    Info (12023): Found entity 1: GameOver_Display
Info (12021): Found 1 design units, including 1 entities, in source file tb_keyboard.v
    Info (12023): Found entity 1: tb_Keyboard
Info (12021): Found 1 design units, including 1 entities, in source file game_logic.v
    Info (12023): Found entity 1: Game_Logic
Info (12127): Elaborating entity "Snake_Top" for the top level hierarchy
Warning (10034): Output port "LEDR[9..5]" at Snake_Top.v(185) has no driver
Info (12128): Elaborating entity "VGA_Controller" for hierarchy "VGA_Controller:vga"
Warning (10230): Verilog HDL assignment warning at VGA_Controller.v(24): truncated value with size 32 to match size of target (11)
Warning (10230): Verilog HDL assignment warning at VGA_Controller.v(32): truncated value with size 32 to match size of target (10)
Info (12128): Elaborating entity "Game_Clock" for hierarchy "Game_Clock:clk_gen"
Warning (10230): Verilog HDL assignment warning at Game_Clock.v(19): truncated value with size 32 to match size of target (24)
Info (12128): Elaborating entity "Keyboard_Controller" for hierarchy "Keyboard_Controller:kb"
Warning (10230): Verilog HDL assignment warning at Keyboard_Controller.v(21): truncated value with size 32 to match size of target (4)
Info (12128): Elaborating entity "Random_Generator" for hierarchy "Random_Generator:rng"
Warning (10230): Verilog HDL assignment warning at Random_Generator.v(10): truncated value with size 32 to match size of target (7)
Warning (10230): Verilog HDL assignment warning at Random_Generator.v(11): truncated value with size 32 to match size of target (6)
Warning (10230): Verilog HDL assignment warning at Random_Generator.v(16): truncated value with size 32 to match size of target (11)
Warning (10230): Verilog HDL assignment warning at Random_Generator.v(20): truncated value with size 32 to match size of target (9)
Warning (10230): Verilog HDL assignment warning at Random_Generator.v(22): truncated value with size 32 to match size of target (9)
Info (12128): Elaborating entity "GameOver_Display" for hierarchy "GameOver_Display:text_gen"
Info (12128): Elaborating entity "Hex_Decoder" for hierarchy "Hex_Decoder:h0"
Info (12128): Elaborating entity "Game_Logic" for hierarchy "Game_Logic:logic_core"
Info (10264): Verilog HDL Case Statement information at Game_Logic.v(267): all case item expressions in this case statement are onehot
Warning (10230): Verilog HDL assignment warning at Game_Logic.v(282): truncated value with size 32 to match size of target (10)
Warning (10230): Verilog HDL assignment warning at Game_Logic.v(283): truncated value with size 32 to match size of target (11)
Warning (10230): Verilog HDL assignment warning at Game_Logic.v(284): truncated value with size 32 to match size of target (10)
Warning (10230): Verilog HDL assignment warning at Game_Logic.v(285): truncated value with size 32 to match size of target (11)
Info (10264): Verilog HDL Case Statement information at Game_Logic.v(281): all case item expressions in this case statement are onehot
Warning (10230): Verilog HDL assignment warning at Game_Logic.v(313): truncated value with size 32 to match size of target (7)
Warning (10230): Verilog HDL assignment warning at Game_Logic.v(316): truncated value with size 32 to match size of target (8)
Warning (10230): Verilog HDL assignment warning at Game_Logic.v(317): truncated value with size 32 to match size of target (11)
Warning (10230): Verilog HDL assignment warning at Game_Logic.v(318): truncated value with size 32 to match size of target (9)
Info (278001): Inferred 5 megafunctions from design logic
    Info (278004): Inferred divider/modulo megafunction ("lpm_divide") from the following logic: "Mod0"
    Info (278004): Inferred divider/modulo megafunction ("lpm_divide") from the following logic: "Div0"
    Info (278004): Inferred divider/modulo megafunction ("lpm_divide") from the following logic: "Mod1"
    Info (278004): Inferred divider/modulo megafunction ("lpm_divide") from the following logic: "Mod2"
    Info (278004): Inferred divider/modulo megafunction ("lpm_divide") from the following logic: "Mod3"
Info (12130): Elaborated megafunction instantiation "lpm_divide:Mod0"
Info (12133): Instantiated megafunction "lpm_divide:Mod0" with the following parameter:
    Info (12134): Parameter "LPM_WIDTHN" = "8"
    Info (12134): Parameter "LPM_WIDTHD" = "4"
    Info (12134): Parameter "LPM_NREPRESENTATION" = "UNSIGNED"
    Info (12134): Parameter "LPM_DREPRESENTATION" = "UNSIGNED"
Info (12021): Found 1 design units, including 1 entities, in source file db/lpm_divide_45m.tdf
    Info (12023): Found entity 1: lpm_divide_45m
Info (12021): Found 1 design units, including 1 entities, in source file db/sign_div_unsign_bkh.tdf
    Info (12023): Found entity 1: sign_div_unsign_bkh
Info (12021): Found 1 design units, including 1 entities, in source file db/alt_u_div_ove.tdf
    Info (12023): Found entity 1: alt_u_div_ove
Info (12021): Found 1 design units, including 1 entities, in source file db/add_sub_lkc.tdf
    Info (12023): Found entity 1: add_sub_lkc
Info (12021): Found 1 design units, including 1 entities, in source file db/add_sub_mkc.tdf
    Info (12023): Found entity 1: add_sub_mkc
Info (12130): Elaborated megafunction instantiation "lpm_divide:Div0"
Info (12133): Instantiated megafunction "lpm_divide:Div0" with the following parameter:
    Info (12134): Parameter "LPM_WIDTHN" = "8"
    Info (12134): Parameter "LPM_WIDTHD" = "4"
    Info (12134): Parameter "LPM_NREPRESENTATION" = "UNSIGNED"
    Info (12134): Parameter "LPM_DREPRESENTATION" = "UNSIGNED"
Info (12021): Found 1 design units, including 1 entities, in source file db/lpm_divide_1dm.tdf
    Info (12023): Found entity 1: lpm_divide_1dm
Info (12130): Elaborated megafunction instantiation "lpm_divide:Mod2"
Info (12133): Instantiated megafunction "lpm_divide:Mod2" with the following parameter:
    Info (12134): Parameter "LPM_WIDTHN" = "11"
    Info (12134): Parameter "LPM_WIDTHD" = "4"
    Info (12134): Parameter "LPM_NREPRESENTATION" = "UNSIGNED"
    Info (12134): Parameter "LPM_DREPRESENTATION" = "UNSIGNED"
Info (12021): Found 1 design units, including 1 entities, in source file db/lpm_divide_e6m.tdf
    Info (12023): Found entity 1: lpm_divide_e6m
Info (12021): Found 1 design units, including 1 entities, in source file db/sign_div_unsign_llh.tdf
    Info (12023): Found entity 1: sign_div_unsign_llh
Info (12021): Found 1 design units, including 1 entities, in source file db/alt_u_div_c2f.tdf
    Info (12023): Found entity 1: alt_u_div_c2f
Info (12130): Elaborated megafunction instantiation "lpm_divide:Mod3"
Info (12133): Instantiated megafunction "lpm_divide:Mod3" with the following parameter:
    Info (12134): Parameter "LPM_WIDTHN" = "10"
    Info (12134): Parameter "LPM_WIDTHD" = "4"
    Info (12134): Parameter "LPM_NREPRESENTATION" = "UNSIGNED"
    Info (12134): Parameter "LPM_DREPRESENTATION" = "UNSIGNED"
Info (12021): Found 1 design units, including 1 entities, in source file db/lpm_divide_d6m.tdf
    Info (12023): Found entity 1: lpm_divide_d6m
Info (12021): Found 1 design units, including 1 entities, in source file db/sign_div_unsign_klh.tdf
    Info (12023): Found entity 1: sign_div_unsign_klh
Info (12021): Found 1 design units, including 1 entities, in source file db/alt_u_div_a2f.tdf
    Info (12023): Found entity 1: alt_u_div_a2f
Warning (12241): 2 hierarchies have connectivity warnings - see the Connectivity Checks report folder
Warning (13024): Output pins are stuck at VCC or GND
    Warning (13410): Pin "VGA_SYNC_N" is stuck at VCC
    Warning (13410): Pin "LEDR[0]" is stuck at GND
    Warning (13410): Pin "LEDR[5]" is stuck at GND
    Warning (13410): Pin "LEDR[6]" is stuck at GND
    Warning (13410): Pin "LEDR[7]" is stuck at GND
    Warning (13410): Pin "LEDR[8]" is stuck at GND
    Warning (13410): Pin "LEDR[9]" is stuck at GND
Info (17049): 1 registers lost all their fanouts during netlist optimizations.
Info (16010): Generating hard_block partition "hard_block:auto_generated_inst"
    Info (16011): Adding 0 node(s), including 0 DDIO, 0 PLL, 0 transceiver and 0 LCELL
Info (21057): Implemented 8999 device resources after synthesis - the final resource count might be different
    Info (21058): Implemented 4 input pins
    Info (21059): Implemented 59 output pins
    Info (21061): Implemented 8936 logic cells
Info: Quartus II 64-Bit Analysis & Synthesis was successful. 0 errors, 27 warnings
    Info: Peak virtual memory: 4645 megabytes
    Info: Processing ended: Thu May 28 23:40:31 2026
    Info: Elapsed time: 00:00:15
    Info: Total CPU time (on all processors): 00:00:04


